"Date","OUTFLOW","OMR","MTZ_EC_prev","X2_prev","X2_current","MTZ_EC_current"
1921-11-30,4564.88784348822,-8560.22573348467,16840.486,79.97626,85.57823,22175.23
1921-12-31,9142.88305028664,-8924.74501045624,22175.23,85.57823,83.95635,17778.08
1922-01-31,13929.7841724222,-4745,17778.08,83.95635,76.188255,13455.4795
1922-02-28,42087.0506585102,-3625.89285714286,13455.4795,76.188255,59.619823,4529.429
1922-03-31,31674.0872005016,-3500,4529.429,59.619823,59.98249,5273.421
1922-04-30,21224.5592622723,-3995,5273.421,59.98249,64.27107,8402.406
1922-05-31,46343.4401635627,-4190,8402.406,64.27107,57.886215,3941.164
1922-06-30,28968.7723812567,-4925,3941.164,57.886215,60.933884,6364.6606
1922-07-31,8000,-8862.84328816691,6364.6606,60.933884,77.88679,18014.576
1922-08-31,6004.032,-10082.2440057608,18014.576,77.88679,84.184975,21068.188
1922-09-30,11250,-3745.04724273691,21068.188,84.184975,79.95939,17329.76
1922-10-31,8125,-6250.3188201647,17329.76,79.95939,79.958206,17676.51
1922-11-30,7834.68992409095,-8541.62072117391,17676.51,79.958206,82.73005,18056.572
1922-12-31,31344.8190961684,-5290.32258064516,18056.572,82.73005,64.70845,6314.142
1923-01-31,28305.7636560492,-4343.38709677419,6314.142,64.70845,61.799347,6539.8384
1923-02-28,18263.2355654314,-4142.85714285714,6539.8384,61.799347,65.69276,10237.766
1923-03-31,12898.0434339356,-3500,10237.766,65.69276,71.45553,12857.222
1923-04-30,21537.1546176201,-3188.54226137752,12857.222,71.45553,67.24337,8132.386
1923-05-31,13803.9632527792,-3875,8132.386,67.24337,70.78251,12415.915
1923-06-30,7596.25,-4475,12415.915,70.78251,79.32521,18976.223
1923-07-31,7121.50985542068,-9534.24202295713,18976.223,79.32521,83.752106,20409.049
1923-08-31,4000,-9535.08518325151,20409.049,83.752106,87.534225,23243.027
1923-09-30,4767.80017056403,-8062.81796369102,23243.027,87.534225,88.5109,23986.375
1923-10-31,4000,-7277.79144366661,23986.375,88.5109,90.3865,24273.004
1923-11-30,5549.86899172403,-4945.03475582042,24273.004,90.3865,90.86046,23964.678
1923-12-31,6590.06838218704,-3177.25405488981,23964.678,90.86046,88.82207,22263.848
1924-01-31,9959.67334778718,-3714.54215002032,22263.848,88.82207,85.10449,19209.443
1924-02-29,11875.0894956822,-4625,19209.443,85.10449,80.54914,15872.1875
1924-03-31,7294.16529762287,-1153.48876018598,15872.1875,80.54914,81.04145,19521.09
1924-04-30,4798.76237198774,-576.542592408834,19521.09,81.04145,86.851234,21887.559
1924-05-31,4017.2879067682,-1654.13997853366,21887.559,86.851234,91.48875,22757
1924-06-30,4100.43309452922,-1582.71157441386,22757,91.48875,90.91384,24739.084
1924-07-31,3000,-1956.66054804206,24739.084,90.91384,93.575455,26459.06
1924-08-31,3000,-1755.58280932552,26459.06,93.575455,93.97562,26798.926
1924-09-30,3668.05555556667,-2175.67707161765,26798.926,93.97562,92.66753,24771.656
1924-10-31,3498.67399107934,-4803.6855231992,24771.656,92.66753,93.34953,27150.568
1924-11-30,5984.18011553071,-2626.96739826575,27150.568,93.34953,92.13294,26048.11
1924-12-31,8442.29307022723,-3429.65325207364,26048.11,92.13294,87.952034,21843.275
1925-01-31,8831.13684233221,-4625,21843.275,87.952034,84.70125,18787.064
1925-02-28,72313.1641728101,-4035.71428571429,18787.064,84.70125,56.926277,2598.0134
1925-03-31,17808.4063911415,-3905,2598.0134,56.926277,64.36611,9204.299
1925-04-30,23247.7084432329,-2712.00511724778,9204.299,64.36611,64.75507,7205.335
1925-05-31,15726.6901283259,-3043.66777020932,7205.335,64.75507,68.51454,11495.196
1925-06-30,7625,-4400,11495.196,68.51454,78.43319,17694.78
1925-07-31,5000,-6350.19379198257,17694.78,78.43319,84.79988,22374.797
1925-08-31,3500,-4457.42551434376,22374.797,84.79988,88.25528,25519.186
1925-09-30,3715.99543846435,-7353.73488268905,25519.186,88.25528,91.26884,25194.406
1925-10-31,4000,-4695.96629387396,25194.406,91.26884,92.06094,25292.14
1925-11-30,5796.64229359651,-4671.54830551707,25292.14,92.06094,91.4407,23867.832
1925-12-31,6134.65169205787,-3082.63394952366,23867.832,91.4407,90.58927,22031.299
1926-01-31,14356.4974275509,-4055,22031.299,90.58927,81.02627,14860.351
1926-02-28,39585.738103864,-3808.03571428571,14860.351,81.02627,60.77489,4364.6323
1926-03-31,16145.161,-1548.15728445415,4364.6323,60.77489,66.255714,10209.967
1926-04-30,20170.8630951051,-2340.74805593509,10209.967,66.255714,66.860054,8319.283
1926-05-31,9701.613,-2952.79400919989,8319.283,66.860054,75.15081,16295.944
1926-06-30,7100,-4400,16295.944,75.15081,82.25253,20177.533
1926-07-31,5000,-8029.2524181278,20177.533,82.25253,85.45429,22647.416
1926-08-31,3500,-4864.18322110981,22647.416,85.45429,89.33196,25008.326
1926-09-30,3000,-4839.6933315059,25008.326,89.33196,92.48265,26310.416
1926-10-31,4000,-4381.58467594238,26310.416,92.48265,92.79845,25664.049
1926-11-30,12211.523694651,-8709.47727778517,25664.049,92.79845,84.33768,16188.778
1926-12-31,4759.53424558244,-5290.32258064516,16188.778,84.33768,84.89246,20467.113
1927-01-31,30372.9473268004,-3875.96774193548,20467.113,84.89246,66.58357,6624.546
1927-02-28,134598.637724777,-4175,6624.546,66.58357,52.479183,2157.3298
1927-03-31,57308.0286767078,-3650,2157.3298,52.479183,55.04259,2918.3413
1927-04-30,48000.4818522057,-4024.24187921708,2918.3413,55.04259,56.321217,3310.771
1927-05-31,25536.4119795283,-4025.99762930255,3310.771,56.321217,62.216934,6829.462
1927-06-30,13862.9901930019,-4505,6829.462,62.216934,69.5465,13433.198
1927-07-31,8192.63440861291,-11481.458831852,13433.198,69.5465,78.47148,18863.783
1927-08-31,5884.4088086129,-10810.9623938423,18863.783,78.47148,83.18078,21493.076
1927-09-30,10625,-7532.34369066002,21493.076,83.18078,79.91673,16367.011
1927-10-31,8125,-5752.58611752269,16367.011,79.91673,79.9847,19351.08
1927-11-30,8601.53313773611,-9520.7479832328,19351.08,79.9847,81.72202,18019.553
1927-12-31,5633.9397242024,-10269.5536258684,18019.553,81.72202,84.36826,22156.713
1928-01-31,16942.067977877,-3645.16129032258,22156.713,84.36826,76.44538,11965.952
1928-02-29,25085.3384798754,-4040.51724137931,11965.952,76.44538,64.79482,6914.223
1928-03-31,100071.515152924,-3500,6914.223,64.79482,53.669575,2348.732
1928-04-30,22996.146138103,-3300.32242474977,2348.732,53.669575,62.301086,7963.636
1928-05-31,10509.4084086128,-3204.05164137665,7963.636,62.301086,73.59406,14527.796
1928-06-30,8747.57596735241,-4490,14527.796,73.59406,79.893555,17710.898
1928-07-31,10122.4552539555,-8755.13584813181,17710.898,79.893555,80.706085,17842.514
1928-08-31,5862.9033,-10600.90717452,17842.514,80.706085,83.905,21975.303
1928-09-30,11093.75,-4313.0998011813,21975.303,83.905,80.061485,16489.545
1928-10-31,8125,-2737.51335378863,16489.545,80.061485,80.00036,18020.775
1928-11-30,6190.2195966846,-8376.92654112368,18020.775,80.00036,84.54815,21928.291
1928-12-31,4555.84399226338,-6838.16513317603,21928.291,84.54815,87.366745,24159.723
1929-01-31,9919.69589617249,-3040.58283385665,24159.723,87.366745,85.56182,17844.506
1929-02-28,13845.9634333058,-4250,17844.506,85.56182,79.37673,13718.396
1929-03-31,8323.37138389272,-3602.39972556235,13718.396,79.37673,78.61233,17038.727
1929-04-30,7207.98193459344,-766.126830328325,17038.727,78.61233,82.42742,19235.482
1929-05-31,4073.95566006309,-2172.57623618093,19235.482,82.42742,87.49305,22207.262
1929-06-30,4000,-1546.3857065538,22207.262,87.49305,90.27523,25053.057
1929-07-31,4000,-2318.52401133064,25053.057,90.27523,92.111084,25224.066
1929-08-31,3214.36713956273,-2054.51775032659,25224.066,92.111084,92.68458,26213.91
1929-09-30,3000,-3416.18140620583,26213.91,92.68458,93.07749,26763.479
1929-10-31,3000,-2005.6109205332,26763.479,93.07749,94.13791,26654.604
1929-11-30,4842.69811574196,-574.584003489545,26654.604,94.13791,93.59736,24801.549
1929-12-31,9238.1509244089,-5290.32258064516,24801.549,93.59736,88.42793,19535.309
1930-01-31,18178.5500148271,-4262.09677419355,19535.309,88.42793,74.055,12300.211
1930-02-28,14708.426071534,-3982.14285714286,12300.211,74.055,70.185005,12710.469
1930-03-31,27323.9690245062,-3905,12710.469,70.185005,63.61683,6031.926
1930-04-30,11949.7107653864,-1956.70613610216,6031.926,63.61683,70.64344,13373.58
1930-05-31,7914.37884990403,-2795.3649558872,13373.58,70.64344,80.171165,18497.541
1930-06-30,7110.32341574229,-4400,18497.541,80.171165,83.44895,20725.217
1930-07-31,5000,-7684.07822349647,20725.217,83.44895,85.95973,22720.826
1930-08-31,3500,-3653.07008138168,22720.826,85.95973,90.219894,24854.799
1930-09-30,3000,-5092.8671075803,24854.799,90.219894,92.50486,25737.027
1930-10-31,4000,-2314.91971570687,25737.027,92.50486,92.76132,26014.455
1930-11-30,5679.29279051313,-1990.94710741294,26014.455,92.76132,91.52216,23908.781
1930-12-31,5428.5009129646,-696.086901939753,23908.781,91.52216,91.213326,21953.02
1931-01-31,10136.882925868,-2558.83247714803,21953.02,91.213326,86.22141,19417.572
1931-02-28,7958.30985923604,-4617.04686206953,19417.572,86.22141,84.49049,20480.006
1931-03-31,7118.22531444183,-1344.70539571228,20480.006,84.49049,84.3296,21788.348
1931-04-30,4000,-806.080204887017,21788.348,84.3296,88.413605,23004.26
1931-05-31,4683.30922486262,-1762.676212982,23004.26,88.413605,91.52376,23584.41
1931-06-30,4762.94663154288,-1836.06230120247,23584.41,91.52376,91.71806,26049.816
1931-07-31,3000,-2132.54091245981,26049.816,91.71806,93.31576,26234.4
1931-08-31,3000,-2177.80794341434,26234.4,93.31576,93.90043,26586.562
1931-09-30,3609.5867079847,-1955.98219321351,26586.562,93.90043,92.763565,25431.049
1931-10-31,3000,-1843.72682168392,25431.049,92.763565,94.04563,26706.604
1931-11-30,5545.81941795923,-1257.31035223905,26706.604,94.04563,92.84634,25495.957
1931-12-31,12554.6607972297,-5290.32258064516,25495.957,92.84634,83.6941,15368.943
1932-01-31,15389.7220743877,-4625,15368.943,83.6941,73.893394,13376.963
1932-02-29,21122.9556786603,-3991.37931034483,13376.963,73.893394,66.78789,9961.312
1932-03-31,7767.79086353118,-3384.37052632589,9961.312,66.78789,75.923195,17372.24
1932-04-30,9645.76394213189,-717.961562735016,17372.24,75.923195,80.37066,16465.035
1932-05-31,12314.9941290367,-3966.82993376609,16465.035,80.37066,77.17428,13207.357
1932-06-30,4800.86264341122,-4080.44835107523,13207.357,77.17428,82.67213,20079.11
1932-07-31,3019.24388888889,-2345.85051012848,20079.11,82.67213,89.25455,24485.248
1932-08-31,3250.80901206869,-2398.49545121132,24485.248,89.25455,91.97068,25837.299
1932-09-30,3500,-3357.62432641451,25837.299,91.97068,92.61742,25742.139
1932-10-31,3000,-4928.64338335269,25742.139,92.61742,94.134735,26824.834
1932-11-30,4345.38817556286,-2031.68969354603,26824.834,94.134735,94.3311,26498.3
1932-12-31,6726.06737268572,-2672.86879650899,26498.3,94.3311,91.662094,23025.053
1933-01-31,8773.5612882216,-4557.81233906545,23025.053,91.662094,87.15309,19021.34
1933-02-28,8610.11063484708,-4625,19021.34,87.15309,84.8371,18681.691
1933-03-31,7480.48675239721,-1671.45303427372,18681.691,84.8371,83.615555,19421.082
1933-04-30,5996.35382635408,-680.810357095933,19421.082,83.615555,86.09668,21442.59
1933-05-31,5738.59133128084,-2196.39798143415,21442.59,86.09668,88.72823,22240.244
1933-06-30,3000,-1581.05002809504,22240.244,88.72823,91.849754,25880.234
1933-07-31,3234.23719258325,-1950.68034369704,25880.234,91.849754,94.12122,25781.482
1933-08-31,3000,-2026.82214957763,25781.482,94.12122,93.726974,26633.166
1933-09-30,3665.02149807258,-2380.81284545881,26633.166,93.726974,92.59014,26069.92
1933-10-31,3000,-2424.28275800776,26069.92,92.59014,93.860146,26548.13
1933-11-30,5313.68031300748,-1645.13171479859,26548.13,93.860146,93.17774,24887.422
1933-12-31,8632.7747802315,-4625.33527700421,24887.422,93.17774,88.63535,20454.936
1934-01-31,12456.0205293215,-4625,20454.936,88.63535,81.011215,16878.865
1934-02-28,13478.632369439,-3808.03571428571,16878.865,81.011215,74.41912,14034.6
1934-03-31,7327.86494255331,-3730.76306724331,14034.6,74.41912,79.03114,18163.533
1934-04-30,5153.34246636019,-761.280825289654,18163.533,79.03114,84.8119,20575.4
1934-05-31,4000,-1646.31742843313,20575.4,84.8119,90.565735,23560.518
1934-06-30,3000,-1769.41414331613,23560.518,90.565735,93.466774,26062.58
1934-07-31,3000,-2118.26302540106,26062.58,93.466774,94.22795,26112.635
1934-08-31,3000,-2040.15355962108,26112.635,94.22795,93.930565,26556.826
1934-09-30,3668.05555556667,-2211.19538333326,26556.826,93.930565,92.7205,26612.791
1934-10-31,3000,-2276.90085235968,26612.791,92.7205,93.8455,26996.408
1934-11-30,5906.02665885375,-4487.08914800176,26996.408,93.8455,92.31425,23045.229
1934-12-31,4873.30543811013,-3623.26837567611,23045.229,92.31425,91.97874,23237.357
1935-01-31,27848.158759995,-3439.51612903226,23237.357,91.97874,70.13191,6660.1
1935-02-28,14247.8352800256,-3982.14285714286,6660.1,70.13191,68.19218,11972.513
1935-03-31,25252.2472540002,-3905,11972.513,68.19218,64.659584,7093.4487
1935-04-30,38534.4782128192,-3528.96329494466,7093.4487,64.659584,59.249046,4012.932
1935-05-31,19580.645,-3275.5674683379,4012.932,59.249046,65.007576,9077.135
1935-06-30,9687.917,-4475,9077.135,65.007576,74.823296,17011.184
1935-07-31,6500,-8194.31346710075,17011.184,74.823296,83.1146,20459.941
1935-08-31,4000,-7683.2219129531,20459.941,83.1146,87.18853,23503.807
1935-09-30,3000,-5721.13223685992,23503.807,87.18853,90.85523,25238.791
1935-10-31,5951.60407446557,-2620.8858687143,25238.791,90.85523,90.45622,23422.037
1935-11-30,5256.15608689578,-7967.31819122431,23422.037,90.45622,90.3733,24454.658
1935-12-31,6987.12737043497,-3108.83357316273,24454.658,90.3733,88.859245,22388.771
1936-01-31,38129.1666559643,-3521.77419354839,22388.771,88.859245,63.931732,4547.3438
1936-02-29,82475.7714057878,-4550,4547.3438,63.931732,53.9936,2494.3032
1936-03-31,32752.1845257457,-3575,2494.3032,53.9936,59.318996,5396.9775
1936-04-30,21867.8053005907,-3875,5396.9775,59.318996,64.057465,8816.967
1936-05-31,15625.0824727839,-3861.60735538192,8816.967,64.057465,68.82027,11130.094
1936-06-30,9323.6148030906,-4475,11130.094,68.82027,76.64942,17240.793
1936-07-31,6500,-10171.8323317443,17240.793,76.64942,83.13188,21100.203
1936-08-31,5646.39212934642,-9787.62543245319,21100.203,83.13188,85.61571,22867.988
1936-09-30,5007.75030861223,-9912.26275325437,22867.988,85.61571,86.61709,23489.701
1936-10-31,4000,-6217.05587101179,23489.701,86.61709,88.94078,23540.996
1936-11-30,4500,-5102.94949051188,23540.996,88.94078,91.66667,23918.062
1936-12-31,6875.87825300624,-4298.47277994418,23918.062,91.66667,90.67985,22547.154
1937-01-31,10252.881831765,-4775,22547.154,90.67985,85.671234,17304.496
1937-02-28,42959.0735348596,-3962.85714285714,17304.496,85.671234,60.90693,4178.2383
1937-03-31,47031.9851832923,-4355,4178.2383,60.90693,56.65504,3721.2156
1937-04-30,19208.3935098505,-3875,3721.2156,56.65504,64.61545,9506.674
1937-05-31,13757.2011426968,-3875,9506.674,64.61545,71.274086,13711.361
1937-06-30,10660,-4475,13711.361,71.274086,76.39788,16387.049
1937-07-31,6500,-10369.6524914351,16387.049,76.39788,82.72477,19736.277
1937-08-31,4000,-8705.15408209817,19736.277,82.72477,87.30571,24069.592
1937-09-30,3812.01089765276,-6648.17077313119,24069.592,87.30571,89.99296,25317.012
1937-10-31,4000,-6991.16427756054,25317.012,89.99296,92.0437,24192.92
1937-11-30,12265.3236291566,-9358.28185848736,24192.92,92.0437,84.13725,16568.232
1937-12-31,43682.0640199694,-5290.32258064516,16568.232,84.13725,60.443157,4122.1284
1938-01-31,26580.299967194,-4363.70967741936,4122.1284,60.443157,61.857304,7594.4497
1938-02-28,144572.800459648,254.29422524907,7594.4497,61.857304,52.302986,1969.0294
1938-03-31,182024.428582788,4193.22909108049,1969.0294,52.302986,51.803616,1858.2605
1938-04-30,78061.7083230749,-1269.85289277406,1858.2605,51.803616,53.556843,2472.5305
1938-05-31,75652.6643479182,-230.992310214437,2472.5305,53.556843,53.654045,2619.8113
1938-06-30,46403.5910610583,-2512.83272133437,2619.8113,53.654045,56.43404,3833.1414
1938-07-31,9204.7344086129,-8934.73989720203,3833.1414,56.43404,71.535614,17035.717
1938-08-31,5884.40880861291,-10560.1672889944,17035.717,71.535614,82.49377,21115.213
1938-09-30,10636.8055555667,-10245.754031416,21115.213,82.49377,79.81677,17358.01
1938-10-31,8125,-7896.63607408046,17358.01,79.81677,80.00836,18653.775
1938-11-30,4900.07508418764,-9399.07000289527,18653.775,80.00836,85.4912,22178.16
1938-12-31,5157.92176262778,-7540.59812460186,22178.16,85.4912,87.65937,22230.754
1939-01-31,8224.38532705262,-2934.24982829551,22230.754,87.65937,87.205894,20957.402
1939-02-28,10532.1638874413,-4250,20957.402,87.205894,83.52812,17692.168
1939-03-31,9221.34658586177,-2860.10212607092,17692.168,83.52812,81.40093,18469.4
1939-04-30,11927.7086575796,-2459.66656508243,18469.4,81.40093,78.09022,15638.94
1939-05-31,9762.17508681593,-2608.26604216327,15638.94,78.09022,79.0313,16545.873
1939-06-30,5319.61329097628,-4390.14050867223,16545.873,79.0313,83.94737,22182.572
1939-07-31,5000,-7045.71179559292,22182.572,83.94737,88.22441,23081.791
1939-08-31,3500,-6557.81623729204,23081.791,88.22441,91.54912,24331.857
1939-09-30,3064.22236333758,-4175.41302569204,24331.857,91.54912,92.95367,25736.215
1939-10-31,4043.82509800086,-3925.28747048328,25736.215,92.95367,93.065056,25723.041
1939-11-30,5020.748543779,-1583.2292168013,25723.041,93.065056,92.51759,25627.271
1939-12-31,4930.67157802812,-2098.85500296985,25627.271,92.51759,91.940735,25293.33
1940-01-31,37233.4857022185,-3126.93548387097,25293.33,91.940735,65.19868,4478.0063
1940-02-29,64962.5583510155,-4187.93103448276,4478.0063,65.19868,54.92293,2678.4495
1940-03-31,110347.292826182,-4025,2678.4495,54.92293,52.93016,2342.0745
1940-04-30,44342.4256574931,-4038.2188088493,2342.0745,52.93016,56.79918,3804.1887
1940-05-31,16629.033,-4285.46161523338,3804.1887,56.79918,66.0963,9662.3125
1940-06-30,7412.5,-4505,9662.3125,66.0963,77.774666,17769.06
1940-07-31,10761.0089867965,-10322.0345683334,17769.06,77.774666,79.38388,16700.947
1940-08-31,5390.45720861293,-11164.5813592108,16700.947,79.38388,82.39915,21907.916
1940-09-30,10937.5,-5111.41724992176,21907.916,82.39915,80.00173,16421.234
1940-10-31,8281.25,-4560.93972262151,16421.234,80.00173,79.96424,17784.068
1940-11-30,4500,-7732.60211394089,17784.068,79.96424,85.97768,22043.072
1940-12-31,36367.3757438949,-5290.32258064516,22043.072,85.97768,64.1021,4972.491
1941-01-31,101487.213310954,-4516.12903225806,4972.491,64.1021,53.120827,2407.9849
1941-02-28,117745.615450967,-5000,2407.9849,53.120827,52.65556,2193.1016
1941-03-31,103048.187108149,-4550,2193.1016,52.65556,52.97915,2298.6792
1941-04-30,83743.673317599,-3889.1636957427,2298.6792,52.97915,53.36126,2428.9397
1941-05-31,44297.0966432488,-4850.27604003512,2428.9397,53.36126,56.764996,3978.9487
1941-06-30,24873.3635352745,-4505,3978.9487,56.764996,62.29163,7461.6606
1941-07-31,9175.17998806332,-9874.52025967094,7461.6606,62.29163,73.87228,16920.09
1941-08-31,5672.71500861289,-10742.8224828999,16920.09,73.87228,82.81412,20426.375
1941-09-30,10793.0555555666,-10778.846720342,20426.375,82.81412,79.856186,17209.955
1941-10-31,8125,-8270.60610733433,17209.955,79.856186,79.99087,17987.654
1941-11-30,5146.63804574048,-9384.03893050689,17987.654,79.99087,85.35472,20939.938
1941-12-31,39740.5670007549,-5290.32258064516,20939.938,85.35472,62.734325,4045.7532
1942-01-31,87762.2446748149,-4516.12903225806,4045.7532,62.734325,53.520626,2485.574
1942-02-28,139362.016372738,-4464.28571428571,2485.574,53.520626,52.269753,2132.161
1942-03-31,29804.0425233744,-3650,2132.161,52.269753,59.871258,5606.3667
1942-04-30,55549.1551707567,-4130,5606.3667,59.871258,55.999596,3065.9255
1942-05-31,45024.3114926008,-4484.1509777071,3065.9255,55.999596,56.997948,4193.753
1942-06-30,30635.9009330582,-4505,4193.753,56.997948,60.42064,6228.5405
1942-07-31,8191.57434887573,-10267.4112305412,6228.5405,60.42064,73.93385,18381.55
1942-08-31,5884.40880861292,-10766.6827138921,18381.55,73.93385,83.08847,20400.707
1942-09-30,10636.8055555666,-10521.2266923775,20400.707,83.08847,79.78611,16623.55
1942-10-31,8125,-6489.94726170076,16623.55,79.78611,79.95139,18211.244
1942-11-30,7754.86040917299,-8585.69342415579,18211.244,79.95139,82.69261,20954.201
1942-12-31,17956.7958324132,-5290.32258064516,20954.201,82.69261,72.76403,10574.382
1943-01-31,83069.3780739548,-4516.12903225806,10574.382,72.76403,54.30275,2465.8218
1943-02-28,59250.9125759446,-4464.28571428571,2465.8218,54.30275,54.82479,2925.1172
1943-03-31,92035.7452316343,-1385.94450522322,2925.1172,54.82479,53.342464,2338.9907
1943-04-30,32021.4851259476,-4745,2338.9907,53.342464,59.39099,5664.8794
1943-05-31,15881.1754710088,-4269.12260822948,5664.8794,59.39099,67.46209,10580.958
1943-06-30,7754.36028865638,-4505,10580.958,67.46209,77.893936,17764.81
1943-07-31,9012.6506672311,-9658.37946709613,17764.81,77.893936,81.12121,18655
1943-08-31,5813.8439086129,-9429.18333937112,18655,81.12121,83.12217,21624.354
1943-09-30,10937.5,-7940.63314807938,21624.354,83.12217,79.9451,16655.053
1943-10-31,7968.75,-4959.94210350403,16655.053,79.9451,79.95988,18290.89
1943-11-30,4665.15891750685,-9691.79607841333,18290.89,79.95988,85.80533,22310.152
1943-12-31,4970.91178370773,-5737.61380958406,22310.152,85.80533,88.31046,24313.541
1944-01-31,11907.5232706451,-2443.44022468983,24313.541,88.31046,83.53128,16726.643
1944-02-29,26214.0227793243,-3456.89655172414,16726.643,83.53128,66.31004,6754.301
1944-03-31,17321.294499072,-3905,6754.301,66.31004,66.61966,10382.865
1944-04-30,8559.26285036912,-1956.55860107546,10382.865,66.61966,76.27978,17785.793
1944-05-31,10462.1914762539,-2825.82036732269,17785.793,76.27978,79.65479,15767.242
1944-06-30,7386.6665,-4400,15767.242,79.65479,81.56009,19066.342
1944-07-31,5000,-8367.50283607354,19066.342,81.56009,86.59024,22652.521
1944-08-31,3500,-5529.5835879176,22652.521,86.59024,91.11475,25249.076
1944-09-30,3386.04192893073,-4233.32564167189,25249.076,91.11475,92.527245,25930.434
1944-10-31,4000,-4824.32771920796,25930.434,92.527245,92.831154,25123.67
1944-11-30,8150.00740573201,-6223.62338783086,25123.67,92.831154,88.877884,21949.844
1944-12-31,11832.2584635835,-5290.32258064516,21949.844,88.877884,81.05184,17194.332
1945-01-31,7997.47508199394,-4055,17194.332,81.05184,80.97689,19755.861
1945-02-28,62143.3819944199,-3982.14285714286,19755.861,80.97689,57.541668,2866.2815
1945-03-31,25564.4465058674,-3500,2866.2815,57.541668,61.365334,6746.82
1945-04-30,12492.0691769469,-3534.45075066036,6746.82,61.365334,70.67418,13032.904
1945-05-31,10831.5963093579,-3875,13032.904,70.67418,76.83252,15387.258
1945-06-30,8193.333,-4475,15387.258,76.83252,80.60769,19553.635
1945-07-31,6526.47631945859,-10293.4255210875,19553.635,80.60769,84.205925,20191.686
1945-08-31,4000,-8903.47271445161,20191.686,84.205925,88.65244,23432.396
1945-09-30,3540.95059385455,-6750.09851500962,23432.396,88.65244,91.16445,25237.234
1945-10-31,4948.4939484137,-7140.59638470601,25237.234,91.16445,91.1202,24932.979
1945-11-30,6544.47493224607,-6925.43378395243,24932.979,91.1202,89.61734,22212.441
1945-12-31,64674.8313980748,-5290.32258064516,22212.441,89.61734,57.9479,2810.9292
1946-01-31,49459.4706581714,-4363.70967741936,2810.9292,57.9479,56.14875,3512.0098
1946-02-28,17941.7282219303,-3741.07142857143,3512.0098,56.14875,64.700905,9747.008
1946-03-31,22558.2017555416,-3575,9747.008,64.700905,65.00274,8129.331
1946-04-30,13119.2588192389,-3613.29454429308,8129.331,65.00274,70.328354,13111.336
1946-05-31,12817.9762562258,-3875,13111.336,70.328354,74.87044,14143.328
1946-06-30,7773.3335,-4475,14143.328,74.87044,79.98485,19441.598
1946-07-31,7341.97602164314,-9888.13940618587,19441.598,79.98485,83.68624,20519.303
1946-08-31,4115.58585328613,-9916.03863501766,20519.303,83.68624,87.70939,23429.521
1946-09-30,3799.24876906321,-6795.63444634121,23429.521,87.70939,90.31988,24694.637
1946-10-31,4716.99322936786,-7838.95192150484,24694.637,90.31988,90.88126,24022.176
1946-11-30,5757.68226914636,-5803.79749629864,24022.176,90.88126,90.62416,23955.48
1946-12-31,8373.27573466337,-5477.58724677909,23955.48,90.62416,86.94221,19174.303
1947-01-31,6000,-4775,19174.303,86.94221,87.37787,22424.889
1947-02-28,16178.8355264099,-3580.35714285714,22424.889,87.37787,78.78615,11806.655
1947-03-31,16668.3132174178,-3905,11806.655,78.78615,69.94504,11740.63
1947-04-30,11016.6497978064,-2447.39107908991,11740.63,69.94504,74.36707,15320.107
1947-05-31,7100,-2710.82563816107,15320.107,74.36707,81.47685,18256.918
1947-06-30,7100,-3995.81594813707,18256.918,81.47685,84.09688,19750.893
1947-07-31,4000,-3272.9610877266,19750.893,84.09688,87.397026,23479.428
1947-08-31,3000,-3101.89415291816,23479.428,87.397026,91.80138,25797.703
1947-09-30,3000,-4300.46530955857,25797.703,91.80138,92.95509,26159.096
1947-10-31,3925.30110394761,-4831.25069271445,26159.096,92.95509,93.100266,26137.088
1947-11-30,4838.9913457673,-3495.60481315487,26137.088,93.100266,92.72786,25714.47
1947-12-31,6486.0134857122,-1766.85697668072,25714.47,92.72786,91.153885,24002.834
1948-01-31,10651.324004367,-3439.51612903226,24002.834,91.153885,85.16829,18221.299
1948-02-29,11144.827,-3740.85426640975,18221.299,85.16829,81.253494,15081.429
1948-03-31,15861.174438422,-4325,15081.429,81.253494,72.72946,12266.133
1948-04-30,29629.6957659729,-2367.93805879222,12266.133,72.72946,62.735245,5946.724
1948-05-31,29575.7057698504,-3017.98869840904,5946.724,62.735245,61.45382,5353.4497
1948-06-30,12157.5820114994,-4475,5353.4497,61.45382,70.41611,13705.981
1948-07-31,6500,-11434.5389888341,13705.981,70.41611,81.83052,19203.92
1948-08-31,4000,-10630.9747802714,19203.92,81.83052,87.02948,23755.957
1948-09-30,4334.4618014509,-8324.74961072614,23755.957,87.02948,89.01761,24102.168
1948-10-31,4631.66867066616,-7042.89611703029,24102.168,89.01761,90.59653,24147.244
1948-11-30,5367.89825563778,-4582.24891391226,24147.244,90.59653,91.03459,23963.283
1948-12-31,9353.7809671742,-3923.65025495491,23963.283,91.03459,86.49338,19691.736
1949-01-31,6000,-4775,19691.736,86.49338,86.47941,22908.15
1949-02-28,12908.4623152331,-2402.28858341659,22908.15,86.47941,81.43606,15265.084
1949-03-31,38329.4226736815,-4325,15265.084,81.43606,61.31323,4181.262
1949-04-30,11808.745186169,-2692.46053332668,4181.262,61.31323,69.78817,13253.446
1949-05-31,10683.871,-2918.19509226367,13253.446,69.78817,77.374466,16069.1875
1949-06-30,7386.6665,-4400,16069.1875,77.374466,81.4024,19676.129
1949-07-31,5000,-4836.09706267742,19676.129,81.4024,85.28003,22301.213
1949-08-31,3500,-3203.30010426532,22301.213,85.28003,90.24494,24822.857
1949-09-30,3000,-5596.03563120768,24822.857,90.24494,92.97927,26878.623
1949-10-31,4095.37331510978,-3898.15478211927,26878.623,92.97927,92.72079,25737.088
1949-11-30,4927.50133803152,-3478.49527769692,25737.088,92.72079,92.63082,24518.818
1949-12-31,5991.40258927524,-2296.61940914899,24518.818,92.63082,91.1544,22503.277
1950-01-31,19800.3462884458,-3126.93548387097,22503.277,91.1544,76.028046,10137.804
1950-02-28,36721.9709565473,-3982.14285714286,10137.804,76.028046,60.424995,4571.386
1950-03-31,18987.3575906563,-3905,4571.386,60.424995,64.969894,9636.502
1950-04-30,13948.0127560732,-2546.5905159396,9636.502,64.969894,70.6921,12741.391
1950-05-31,11411.302334049,-3185.11616835249,12741.391,70.6921,75.92267,14598.272
1950-06-30,8122.5,-4400,14598.272,75.92267,80.35564,18712.787
1950-07-31,5000,-11100.288036379,18712.787,80.35564,84.78839,22400.34
1950-08-31,4056.75202249454,-10200.5997823107,22400.34,84.78839,88.32335,23811.191
1950-09-30,3853.36658947042,-6864.54130960842,23811.191,88.32335,90.723625,24616.568
1950-10-31,4485.64999028509,-6100.71513844162,24616.568,90.723625,91.220894,24687.184
1950-11-30,22290.5549087909,-9030.23712043962,24687.184,91.220894,73.99897,10670.331
1950-12-31,80552.8110664914,-5290.32258064516,10670.331,73.99897,54.5083,2578.7375
1951-01-31,79045.2790498752,-4262.09677419355,2578.7375,54.5083,53.553127,2570.0552
1951-02-28,78859.7352411876,-4464.28571428572,2570.0552,53.553127,53.67273,2521.7278
1951-03-31,40158.0412908699,-3650,2521.7278,53.67273,57.715088,4329.2603
1951-04-30,23449.0631976136,-4130,4329.2603,57.715088,63.062878,7773.8394
1951-05-31,19936.5704054904,-3940.30420794164,7773.8394,63.062878,65.78395,9079.808
1951-06-30,7015.81961535825,-4505,9079.808,65.78395,77.07143,18332.064
1951-07-31,11426.8893268863,-10349.346861509,18332.064,77.07143,78.93697,16736.2
1951-08-31,5298.387,-10717.4806031554,16736.2,78.93697,81.97916,22015.875
1951-09-30,10781.25,-5954.9613575196,22015.875,81.97916,79.94362,16749.152
1951-10-31,7968.75,-5853.68197941039,16749.152,79.94362,80.01946,18173.64
1951-11-30,6006.1716042613,-9475.02279712628,18173.64,80.01946,84.42455,21315.14
1951-12-31,25220.2690027302,-5290.32258064516,21315.14,84.42455,68.78823,9551.6
1952-01-31,91980.4527914303,-4516.12903225806,9551.6,68.78823,53.730698,2421.1306
1952-02-29,82075.8241029081,-4482.75862068965,2421.1306,53.730698,53.507572,2568.2795
1952-03-31,74782.9423855349,-4550,2568.2795,53.507572,53.847744,2573.767
1952-04-30,75773.7766690563,-4365.04937310357,2573.767,53.847744,53.83051,2761.1272
1952-05-31,70822.5860871668,-4452.16739760955,2761.1272,53.83051,53.938507,2738.904
1952-06-30,45863.2003234194,-4557.84320773115,2738.904,53.938507,56.566105,3404.9285
1952-07-31,12907.7956841426,-8789.36167476412,3404.9285,56.566105,68.326065,13793.375
1952-08-31,7954.27499881866,-9411.15103125806,13793.375,68.326065,78.78705,18305.01
1952-09-30,9622.122480738,-9856.44039946483,18305.01,78.78705,79.50103,17815.645
1952-10-31,8750,-5911.24118671863,17815.645,79.50103,79.908165,17993.385
1952-11-30,5862.46058053095,-9265.35618086409,17993.385,79.908165,83.966545,21267.314
1952-12-31,39038.0935897764,-5290.32258064516,21267.314,83.966545,62.927254,4184.4834
1953-01-31,104933.288447997,-4516.12903225807,4184.4834,62.927254,53.09034,2370.5842
1953-02-28,23928.2426674451,-4464.28571428571,2370.5842,53.09034,61.7887,7429.9478
1953-03-31,21199.6810526288,-3575,7429.9478,61.7887,64.83007,7744.9727
1953-04-30,20559.1136000447,-2710.56918297163,7744.9727,64.83007,65.66398,8428.74
1953-05-31,20910.9831380852,-3378.44297556124,8428.74,65.66398,65.85541,9347.084
1953-06-30,18200.5976211494,-4490,9347.084,65.85541,67.279594,11483.897
1953-07-31,8186.46879406671,-11372.440884093,11483.897,67.279594,79.299736,18234.63
1953-08-31,6096.10240861289,-10720.9332257848,18234.63,79.299736,83.98034,21537.363
1953-09-30,10937.5,-9951.66163915522,21537.363,83.98034,80.08137,17718.49
1953-10-31,8125,-4962.82997878461,17718.49,80.08137,80.09259,18378.578
1953-11-30,4823.03731559852,-9927.52057903718,18378.578,80.09259,85.5433,21366.621
1953-12-31,6055.3308355276,-6096.72413894831,21366.621,85.5433,86.8346,21285.63
1954-01-31,26342.7976414378,-3505.32258064516,21285.63,86.8346,69.34637,7677.6997
1954-02-28,58382.6500734587,-3741.07142857143,7677.6997,69.34637,56.08977,2810.6733
1954-03-31,43854.6693022129,-3575,2810.6733,56.08977,57.02811,3597.6484
1954-04-30,30588.5279412273,-2512.78063504637,3597.6484,57.02811,60.436085,5508.7197
1954-05-31,12741.936,-3201.37118035486,5508.7197,60.436085,70.02166,13605.115
1954-06-30,8292.89218606729,-4490,13605.115,70.02166,79.11299,18908.996
1954-07-31,12455.1081887232,-10084.3505769636,18908.996,79.11299,78.897194,16346.319
1954-08-31,6237.23110861292,-11529.2400884901,16346.319,78.897194,82.31104,20279.719
1954-09-30,10781.25,-6271.6024968928,20279.719,82.31104,79.98121,16770.316
1954-10-31,8437.5,-4620.80063552663,16770.316,79.98121,80.00561,18250.953
1954-11-30,5673.46280025845,-8602.50241540384,18250.953,80.00561,84.68128,22047.084
1954-12-31,15674.3815267459,-5290.32258064516,22047.084,84.68128,76.23632,12301.505
1955-01-31,15220.2160708138,-4745,12301.505,76.23632,70.78712,11874.929
1955-02-28,11400,-4007.23976694013,11874.929,70.78712,73.97585,14386.479
1955-03-31,8100.23513647178,-3467.39365312637,14386.479,73.97585,79.26538,18422.768
1955-04-30,12037.2598312569,-1291.90921919274,18422.768,79.26538,77.78376,15725.414
1955-05-31,9944.92855806035,-2366.61891341369,15725.414,77.78376,78.341415,16521.406
1955-06-30,7243.3335,-3673.51739777765,16521.406,78.341415,81.974976,19454.656
1955-07-31,5000,-5275.05764257216,19454.656,81.974976,86.530106,22488.246
1955-08-31,3500,-4044.42384215555,22488.246,86.530106,90.75191,24883.598
1955-09-30,3000,-5185.47622462287,24883.598,90.75191,92.47058,25745.75
1955-10-31,4000,-4009.84277032331,25745.75,92.47058,93.070465,25043.234
1955-11-30,5363.96432192747,-3369.3970772598,25043.234,93.070465,92.40805,25366.941
1955-12-31,66786.1906873944,-5290.32258064516,25366.941,92.40805,58.515575,2700.7844
1956-01-31,174508.6910656,-3048.43630327926,2700.7844,58.515575,51.677906,1931.3925
1956-02-29,77939.4657497973,-5000,1931.3925,51.677906,53.546032,2576.634
1956-03-31,49309.4781506619,-3650,2576.634,53.546032,55.99607,3343.4275
1956-04-30,29108.0252145193,-4130,3343.4275,55.99607,60.889122,6204.12
1956-05-31,47809.9042930859,-4413.66321102037,6204.12,60.889122,57.04115,3751.6328
1956-06-30,26015.8275676213,-4505,3751.6328,57.04115,61.913593,6835.9585
1956-07-31,9170.23456392951,-9422.20654619888,6835.9585,61.913593,73.724525,16655.156
1956-08-31,5531.58610861289,-10577.7836459651,16655.156,73.724525,82.832054,20792.264
1956-09-30,10793.0555555667,-10323.7736916847,20792.264,82.832054,79.79296,17368.953
1956-10-31,8125,-8480.06536613677,17368.953,79.79296,79.97645,17611.719
1956-11-30,4636.35079904498,-9494.05649456368,17611.719,79.97645,85.80578,21916.152
1956-12-31,4500,-6318.11654144287,21916.152,85.80578,88.70075,23844.197
1957-01-31,10216.0543228284,-3347.86471950909,23844.197,88.70075,85.96069,19925.832
1957-02-28,25911.6939675228,-3625.89285714286,19925.832,85.96069,68.30087,7290.1763
1957-03-31,51098.7996398884,-3500,7290.1763,68.30087,56.69068,3108.1074
1957-04-30,13071.9774601286,-2469.57381128006,3108.1074,56.69068,68.10442,12527.049
1957-05-31,17354.8931220795,-3096.12325467844,12527.049,68.10442,70.48922,10930.961
1957-06-30,7000,-4475,10930.961,70.48922,78.441,19818.844
1957-07-31,8683.17758610383,-11062.2778539089,19818.844,78.441,82.34293,19501.014
1957-08-31,4460.89716442328,-10260.8063257132,19501.014,82.34293,85.933205,23210.41
1957-09-30,4913.42287945798,-8829.19580663703,23210.41,85.933205,87.64175,23673
1957-10-31,8480.34713191495,-9656.95198916023,23673,87.64175,84.076775,19401.297
1957-11-30,4500,-7714.24888848763,19401.297,84.076775,86.25533,22044.645
1957-12-31,13826.524895463,-5290.32258064516,22044.645,86.25533,79.55605,13529.663
1958-01-31,39223.3406971535,-4363.70967741936,13529.663,79.55605,60.440773,4138.7485
1958-02-28,194004.813548129,-4223.21428571428,4138.7485,60.440773,51.353355,1805.3368
1958-03-31,116108.320424299,-3099.69782244947,1805.3368,51.353355,52.673145,2103.231
1958-04-30,104374.698233929,-1200.74787730435,2103.231,52.673145,52.97404,2274.3767
1958-05-31,53792.7903864189,-5000,2274.3767,52.97404,55.353016,3411.0864
1958-06-30,40418.333575542,-5000,3411.0864,55.353016,57.725662,4127.6357
1958-07-31,9658.91751242836,-9453.57951601129,4127.6357,57.725662,71.647865,16533.568
1958-08-31,6890.25890772822,-9673.07222870856,16533.568,71.647865,81.394585,19166.027
1958-09-30,10414.0885687531,-9921.31635907326,19166.027,81.394585,79.43948,16500.408
1958-10-31,8437.5,-8211.41942291975,16500.408,79.43948,80.008194,18422.602
1958-11-30,4500,-9604.15840410783,18422.602,80.008194,85.76656,23046.207
1958-12-31,5556.89170433451,-6339.66576148943,23046.207,85.76656,88.735596,22617.465
1959-01-31,22090.7261939061,-3645.16129032258,22617.465,88.735596,73.060936,8885.442
1959-02-28,53369.2743848046,-4030.35714285714,8885.442,73.060936,56.891834,3053.673
1959-03-31,15217.8394207412,-3500,3053.673,56.891834,66.486885,11151.986
1959-04-30,9484.72255556666,-2353.46289724083,11151.986,66.486885,76.89927,17464.379
1959-05-31,9742.34924870371,-2768.61309548042,17464.379,76.89927,79.97118,16372.718
1959-06-30,7498.32723431563,-4475,16372.718,79.97118,81.901726,19367.793
1959-07-31,8899.90185220292,-9617.71727102922,19367.793,81.901726,82.76441,18986.84
1959-08-31,4178.06022191147,-9749.52418652715,18986.84,82.76441,86.85547,23515.291
1959-09-30,5636.27535369975,-6713.97197607183,23515.291,86.85547,87.83567,23790.16
1959-10-31,4000,-6658.58095146613,23790.16,87.83567,89.476654,23712.986
1959-11-30,4500,-3940.7826518005,23712.986,89.476654,91.94948,23887.734
1959-12-31,5169.62317945385,-1963.05986542873,23887.734,91.94948,91.25051,24286.299
1960-01-31,9850.9255858612,-2725.02822618814,24286.299,91.25051,86.07275,19385.408
1960-02-29,27182.5028734819,-3676.72413793103,19385.408,86.07275,67.05757,7140.095
1960-03-31,17071.9541953729,-3905,7140.095,67.05757,66.53566,9769.432
1960-04-30,8235.14194090003,-1932.80772022094,9769.432,66.53566,77.161476,17260.293
1960-05-31,10283.7528667263,-2808.31079586172,17260.293,77.161476,80.23798,16432.979
1960-06-30,7100,-4400,16432.979,80.23798,81.94184,20307.926
1960-07-31,5127.8381293344,-10821.8681979203,20307.926,81.94184,85.69877,22942.738
1960-08-31,3741.28823844979,-5155.26919305691,22942.738,85.69877,90.19339,24915.324
1960-09-30,3494.4699313394,-4656.97174232302,24915.324,90.19339,92.12203,26085.262
1960-10-31,4000,-4200.85526970861,26085.262,92.12203,92.126205,25244.152
1960-11-30,6691.11751160702,-4841.30512398718,25244.152,92.126205,91.00402,23001.115
1960-12-31,8103.70510502752,-5290.32258064516,23001.115,91.00402,86.61623,19543.307
1961-01-31,7797.16344027253,-4055,19543.307,86.61623,85.538475,20578.875
1961-02-28,33035.5477736986,-3982.14285714286,20578.875,85.538475,65.04334,5140.191
1961-03-31,13468.3368100183,-3905,5140.191,65.04334,68.35198,12399.268
1961-04-30,10166.667,-2172.29481414011,12399.268,68.35198,76.78044,15393.29
1961-05-31,9160.36633640144,-2636.8106471241,15393.29,76.78044,80.14088,16837.592
1961-06-30,7100,-4350.53812957387,16837.592,80.14088,82.76285,20216.832
1961-07-31,5000,-5995.73187523192,20216.832,82.76285,86.04772,22972.643
1961-08-31,3500,-4601.7073941554,22972.643,86.04772,89.7898,25064.74
1961-09-30,3000,-4699.21643478022,25064.74,89.7898,92.43613,26503.549
1961-10-31,4000,-4013.75969987596,26503.549,92.43613,92.759674,26221.656
1961-11-30,5243.30104243388,-3130.36125903183,26221.656,92.759674,92.23244,25210.701
1961-12-31,8624.88104085825,-5819.89145071294,25210.701,92.23244,87.93124,17753.49
1962-01-31,6000,-4055,17753.49,87.93124,87.18059,21819.406
1962-02-28,61730.6437867591,-3580.35714285714,21819.406,87.18059,58.6388,2855.7737
1962-03-31,22202.3336634511,-3500,2855.7737,58.6388,62.684456,7926.214
1962-04-30,11764.007230718,-3493.32096530478,7926.214,62.684456,72.02098,14175.274
1962-05-31,11161.29,-3355.50099065325,14175.274,72.02098,76.931984,14961.755
1962-06-30,7673.3335,-4475,14961.755,76.931984,81.010475,18777.361
1962-07-31,6720.69248764752,-8958.69835430702,18777.361,81.010475,84.54238,21064.479
1962-08-31,4000,-8161.70299777193,21064.479,84.54238,88.63868,24062.23
1962-09-30,3226.84592324955,-5300.07305058183,24062.23,88.63868,91.43838,25201.807
1962-10-31,21316.2680246293,-10025.6877640524,25201.807,91.43838,73.360535,8019.9253
1962-11-30,4500,-8976.21877554298,8019.9253,73.360535,79.377975,20844.91
1962-12-31,16377.8176821129,-5290.32258064516,20844.91,79.377975,76.17913,13558.797
1963-01-31,13290.5932971247,-4363.70967741936,13558.797,76.17913,72.357506,14332.01
1963-02-28,77162.8054463972,-4223.21428571428,14332.01,72.357506,55.266685,2591.1406
1963-03-31,32560.1785122961,-3500,2591.1406,55.266685,59.366856,5159.7334
1963-04-30,99762.3748927527,-3736.54616319354,5159.7334,59.366856,53.37785,2444.9785
1963-05-31,35488.9512074432,-3872.07549308331,2444.9785,53.37785,58.74517,4896.5967
1963-06-30,13269.5280674548,-4505,4896.5967,58.74517,68.85192,12750.529
1963-07-31,8023.78619175627,-11349.7597153319,12750.529,68.85192,78.66155,17483.764
1963-08-31,5510.0806,-11542.7364673262,17483.764,78.66155,83.67921,21943.205
1963-09-30,10781.25,-10082.2498780593,21943.205,83.67921,79.947426,17026.977
1963-10-31,8125,-6109.86057637758,17026.977,79.947426,79.903275,18481.803
1963-11-30,16254.4898337702,-9068.88615002457,18481.803,79.903275,74.2605,12489.743
1963-12-31,4500,-9662.87364438222,12489.743,74.2605,81.24926,21994.143
1964-01-31,15404.0609322365,-3645.16129032258,21994.143,81.24926,77.46229,14120.236
1964-02-29,11173.4511394171,-3875,14120.236,77.46229,74.70747,15452.981
1964-03-31,9667.24658875787,-3500,15452.981,74.70747,77.76585,16139.333
1964-04-30,10001.8110859056,-2293.71661762187,16139.333,77.76585,78.812614,16627.777
1964-05-31,9297.57630461687,-2843.0116735418,16627.777,78.812614,80.343864,16885.834
1964-06-30,7112.48382431624,-4400,16885.834,80.343864,82.68631,20415.684
1964-07-31,5000,-9909.84850749538,20415.684,82.68631,87.07816,22345.904
1964-08-31,3500,-6915.25047165425,22345.904,87.07816,91.400665,24614.662
1964-09-30,3438.26158942857,-4799.17196091226,24614.662,91.400665,92.45984,25940.166
1964-10-31,4000,-4514.85338904248,25940.166,92.45984,92.58156,25749.684
1964-11-30,7826.66198358252,-5675.71347532997,25749.684,92.58156,89.19552,21587.645
1964-12-31,59045.6907937818,-5290.32258064516,21587.645,89.19552,58.577774,2915.302
1965-01-31,125668.992121399,-4262.09677419355,2915.302,58.577774,52.342663,2260.6187
1965-02-28,35874.3156448535,-4464.28571428572,2260.6187,52.342663,58.43463,4833.68
1965-03-31,23149.6031471577,-3650,4833.68,58.43463,63.255894,7511.251
1965-04-30,56124.6637457852,-4124.92591873454,7511.251,63.255894,56.228268,3011.5317
1965-05-31,25327.0892758436,-4193.13876353816,3011.5317,56.228268,62.103516,6958.999
1965-06-30,15320.0327830613,-4505,6958.999,62.103516,68.51587,12654.808
1965-07-31,8186.33167339785,-10408.4066039444,12654.808,68.51587,77.90719,18789.89
1965-08-31,5813.8439086129,-10847.0706429631,18789.89,77.90719,83.29889,21632.043
1965-09-30,10793.0555555667,-10839.6945082401,21632.043,83.29889,79.774086,16860.752
1965-10-31,7968.75,-6094.70537210411,16860.752,79.774086,79.9538,18929.775
1965-11-30,15593.6605823969,-8125.81705381658,18929.775,79.9538,74.71977,13557.899
1965-12-31,6284.60032283008,-9823.45044654365,13557.899,74.71977,79.65183,19361.488
1966-01-31,19104.1609575111,-3645.16129032258,19361.488,79.65183,71.891975,10144.127
1966-02-28,25898.638775168,-3741.07142857143,10144.127,71.891975,63.741863,6958.39
1966-03-31,20440.2662700373,-3500,6958.39,63.741863,65.07231,9015.69
1966-04-30,12688.813204691,-2664.05385950329,9015.69,65.07231,71.21815,13998.663
1966-05-31,10683.871,-3123.99954983166,13998.663,71.21815,76.99019,15545.055
1966-06-30,7121.74638938717,-4475,15545.055,76.99019,81.7071,19593.969
1966-07-31,7946.67683572177,-9276.62875451687,19593.969,81.7071,83.76195,20482.42
1966-08-31,4000,-8368.89272820636,20482.42,83.76195,87.93867,24196.893
1966-09-30,3375.43433250425,-5523.64376812807,24196.893,87.93867,91.03678,25071.959
1966-10-31,4000,-5321.23280339511,25071.959,91.03678,92.08296,24758
1966-11-30,7338.44259288463,-6647.25428742187,24758,92.08296,89.56551,21914.643
1966-12-31,24147.8154195449,-5290.32258064516,21914.643,89.56551,69.96163,9432.147
1967-01-31,51910.7047863774,-4363.70967741936,9432.147,69.96163,56.76839,3264.238
1967-02-28,48813.5932829809,-4464.28571428572,3264.238,56.76839,56.384274,3461.1575
1967-03-31,62665.113432387,-4025,3461.1575,56.384274,54.8282,2762.4067
1967-04-30,51665.5446143533,-2298.58579457119,2762.4067,54.8282,55.874428,3265.6467
1967-05-31,51546.3036374494,-5000,3265.6467,55.874428,55.943676,3759.5881
1967-06-30,53951.1531354232,-3446.30490204526,3759.5881,55.943676,55.559944,3003.9207
1967-07-31,17879.3850454945,-6683.23253895779,3003.9207,55.559944,65.133224,10798.795
1967-08-31,8753.81447347421,-8935.60749246763,10798.795,65.133224,75.93861,16805.05
1967-09-30,8665.52286230159,-9738.02564502398,16805.05,75.93861,79.92959,18262.686
1967-10-31,9062.5,-6976.93094208947,18262.686,79.92959,80.065735,17913.56
1967-11-30,4686.14082509952,-9494.70083655574,17913.56,80.065735,84.95979,22447.06
1967-12-31,5803.60664727082,-8089.92033167229,22447.06,84.95979,87.26685,23402.58
1968-01-31,22355.1412262431,-3645.16129032258,23402.58,87.26685,72.687775,10320.681
1968-02-29,60121.1183323361,-4040.51724137931,10320.681,72.687775,56.120937,2900.5156
1968-03-31,34175.8904054416,-3500,2900.5156,56.120937,59.00715,4678.234
1968-04-30,10515.4003746882,-2719.93264348119,4678.234,59.00715,71.35093,14584.451
1968-05-31,8957.87546908604,-2764.16509060243,14584.451,71.35093,79.95451,17880.26
1968-06-30,8062.38501997984,-4475,17880.26,79.95451,83.40474,20036.889
1968-07-31,9822.61065699454,-10412.2220608681,20036.889,83.40474,81.95703,18139.932
1968-08-31,4000,-10701.5364571986,18139.932,81.95703,85.42069,22782.816
1968-09-30,3000,-6284.78437819621,22782.816,85.42069,89.38004,25601.504
1968-10-31,4000,-6124.13594103459,25601.504,89.38004,91.46596,24574.643
1968-11-30,6540.77554628103,-5222.80163865604,24574.643,91.46596,90.690605,22423.389
1968-12-31,17261.1361097981,-5290.32258064516,22423.389,90.690605,76.29703,12284.93
1969-01-31,140250.533100968,-318.131925502239,12284.93,76.29703,52.64549,2076.434
1969-02-28,132631.290713159,2360.4116065559,2076.434,52.64549,52.402508,2139.5605
1969-03-31,67816.0393838159,587.194633223778,2139.5605,52.402508,54.17449,2727.6086
1969-04-30,61189.9030424829,59.2004798431569,2727.6086,54.17449,54.747387,2804.492
1969-05-31,62349.1730395567,394.611431673799,2804.492,54.747387,54.672035,2933.3892
1969-06-30,40626.6584760772,1506.14883355704,2933.3892,54.672035,57.722717,4044.3804
1969-07-31,9182.94955903095,-8086.4121457912,4044.3804,57.722717,71.891754,17435.498
1969-08-31,5674.12292032353,-9308.28700513835,17435.498,71.891754,82.70728,21327.613
1969-09-30,10636.8055555667,-9719.83878533409,21327.613,82.70728,79.81248,17285.662
1969-10-31,8125,-7384.43910543254,17285.662,79.81248,79.92663,19596.406
1969-11-30,5318.27863831424,-9053.76860430669,19596.406,79.92663,84.82408,22729.598
1969-12-31,45491.7877595657,-5290.32258064516,22729.598,84.82408,61.20121,3385.3982
1970-01-31,226115.891376001,-698.97564661464,3385.3982,61.20121,50.53463,1489.3743
1970-02-28,82511.8435348738,-4464.28571428571,1489.3743,50.53463,53.36902,2316.804
1970-03-31,42860.5478108457,-3650,2316.804,53.36902,57.112286,3821.6565
1970-04-30,12508.9116563552,-3635.60960511112,3821.6565,57.112286,68.567726,13259.256
1970-05-31,8713.93376872113,-3561.2457374048,13259.256,68.567726,78.98295,17145.213
1970-06-30,10042.6279715565,-4505,17145.213,78.98295,80.17866,17052.225
1970-07-31,9472.71126216504,-11326.7899455155,17052.225,80.17866,79.62745,18237.176
1970-08-31,5721.7744,-10446.9804098263,18237.176,79.62745,83.1779,21899.598
1970-09-30,10781.25,-5792.45232706061,21899.598,83.1779,80.06221,16501.262
1970-10-31,7968.75,-5461.89813302734,16501.262,80.06221,80.01236,18259.023
1970-11-30,10279.4600754293,-8410.93586328151,18259.023,80.01236,80.1627,16635.412
1970-12-31,56940.4446104207,-5290.32258064516,16635.412,80.1627,57.944855,3185.3118
1971-01-31,48069.0664971651,-4516.12903225806,3185.3118,57.944855,56.468296,3536.7227
1971-02-28,21629.8897078916,-4464.28571428571,3536.7227,56.468296,63.291107,8351.431
1971-03-31,53825.620321781,-3650,8351.431,63.291107,56.641476,3076.279
1971-04-30,22829.3655972867,-2931.09361629601,3076.279,56.641476,63.034367,8365.958
1971-05-31,30727.078782948,-3579.31797063037,8365.958,63.034367,61.55996,5534.204
1971-06-30,20360.7139488645,-4505,5534.204,61.55996,64.94823,8976.228
1971-07-31,8185.54431378017,-11419.2588041444,8976.228,64.94823,75.90284,17237.338
1971-08-31,5602.15040861292,-11502.217309517,17237.338,75.90284,83.23687,21815.473
1971-09-30,10793.0555555666,-11379.1770216521,21815.473,83.23687,79.77705,18366.979
1971-10-31,8125,-4571.66833550481,18366.979,79.77705,79.933365,17525.662
1971-11-30,4500,-9049.58723039925,17525.662,79.933365,85.736244,22141.402
1971-12-31,12973.5689407484,-5290.32258064516,22141.402,85.736244,79.96432,15081.3545
1972-01-31,6677.00944926665,-5000,15081.3545,79.96432,81.20581,20817.447
1972-02-29,15616.1834352015,-4040.51724137931,20817.447,81.20581,76.64987,12907.148
1972-03-31,23686.3479753375,-3500,12907.148,76.64987,65.40106,6834.0464
1972-04-30,13130.9755751085,-2602.53810953962,6834.0464,65.40106,70.48393,12994.698
1972-05-31,8380.55031731769,-2639.79622459371,12994.698,70.48393,78.89771,18770.299
1972-06-30,8491.41813248659,-4475,18770.299,78.89771,82.48526,20010.932
1972-07-31,9380.34811282821,-10992.4591348948,20010.932,82.48526,82.045296,17727.527
1972-08-31,4000,-7612.06142435839,17727.527,82.045296,85.46929,22673.754
1972-09-30,3000,-6703.93598031754,22673.754,85.46929,89.410355,25591.1
1972-10-31,4360.67830567267,-5906.95785928235,25591.1,89.410355,91.149956,24050.736
1972-11-30,10049.3051260015,-8222.67780698182,24050.736,91.149956,86.6618,17824.65
1972-12-31,19977.9990387372,-5290.32258064516,17824.65,86.6618,71.21584,9250.501
1973-01-31,86162.6032849176,-4516.12903225806,9250.501,71.21584,54.16659,2475.5847
1973-02-28,88431.2256213197,-4223.21428571428,2475.5847,54.16659,53.312325,2403.5427
1973-03-31,58916.0473861179,-3575,2403.5427,53.312325,54.877968,2875.388
1973-04-30,15131.2283013805,-4108.57616130905,2875.388,54.877968,66.115036,10702.495
1973-05-31,14989.9221929113,-4054.66476152605,10702.495,66.115036,71.54685,11993.61
1973-06-30,10828.0555555667,-4490,11993.61,71.54685,75.75106,16653.406
1973-07-31,9025.61631531179,-10389.2085779545,16653.406,75.75106,80.7504,18566.701
1973-08-31,6074.5967,-9080.34820430496,18566.701,80.7504,83.80564,21145.611
1973-09-30,10937.5,-5299.39667285742,21145.611,83.80564,79.97698,16529.281
1973-10-31,8281.25,-6732.71596029775,16529.281,79.97698,80.02271,19845.06
1973-11-30,25669.7605434974,-8871.15934926956,19845.06,80.02271,67.154976,7391.4453
1973-12-31,50687.511922643,-5290.32258064516,7391.4453,67.154976,56.803257,3333.9495
1974-01-31,157193.251809797,-4343.38709677419,3333.9495,56.803257,51.716743,2043.9678
1974-02-28,45469.4745025106,-4464.28571428572,2043.9678,51.716743,56.618584,3684.6328
1974-03-31,132313.632459027,-4550,3684.6328,56.618584,52.693653,2138.657
1974-04-30,75236.063579901,-4656.66027634725,2138.657,52.693653,53.699596,2565.1257
1974-05-31,29823.9340358403,-4394.50272295761,2565.1257,53.699596,60.16267,5571.726
1974-06-30,22976.1022036985,-4505,5571.726,60.16267,63.85986,7953.282
1974-07-31,10244.8514851368,-10881.0718955444,7953.282,63.85986,73.24417,16290.212
1974-08-31,5672.71500861289,-11154.0643835025,16290.212,73.24417,82.09342,20764.568
1974-09-30,10480.5555555667,-11016.9376448549,20764.568,82.09342,79.88106,17178.645
1974-10-31,8138.47652140221,-7157.17986113361,17178.645,79.88106,80.08124,17974.111
1974-11-30,4969.16784251672,-9514.13969336162,17974.111,80.08124,85.35151,22235.146
1974-12-31,7111.82224563114,-9840.77752394401,22235.146,85.35151,85.71158,23078.01
1975-01-31,7983.32803406533,-5000,23078.01,85.71158,85.76345,21161.635
1975-02-28,71057.5467530547,-3762.5,21161.635,85.76345,57.58282,2566.1667
1975-03-31,92407.7582296391,-3500,2566.1667,57.58282,53.391884,2355.1763
1975-04-30,20268.8933571169,-3995,2355.1763,53.391884,63.376965,9223.72
1975-05-31,27315.8850570352,-4319.04006498814,9223.72,63.376965,62.989273,6720.023
1975-06-30,19089.8940225891,-4505,6720.023,62.989273,65.7869,9904.127
1975-07-31,8162.63440861292,-10381.2530868532,9904.127,65.7869,76.30081,17213.71
1975-08-31,5602.15040861292,-11039.6926511503,17213.71,76.30081,83.28056,21936.637
1975-09-30,10793.0555555667,-11059.8669706496,21936.637,83.28056,79.84895,17346.773
1975-10-31,9033.4783985821,-8869.44217097293,17346.773,79.84895,79.14595,17264.06
1975-11-30,4731.99092112042,-9554.02228274087,17264.06,79.14595,84.99304,21630.094
1975-12-31,4500,-8059.74635565628,21630.094,84.99304,88.423584,23804.604
1976-01-31,6577.83430029509,-3125.76285122429,23804.604,88.423584,89.10403,22977.531
1976-02-29,7693.1035,-4250,22977.531,89.10403,87.19712,20257.416
1976-03-31,10726.2651057191,-3128.62562608616,20257.416,87.19712,81.676384,16603.643
1976-04-30,7830.89822958084,-1579.85077915937,16603.643,81.676384,81.45974,19714.297
1976-05-31,4734.7598059188,-2295.45057745308,19714.297,81.45974,88.01899,23061.629
1976-06-30,4137.78971674871,-4066.34825450758,23061.629,88.01899,91.1743,25281.557
1976-07-31,4000,-5264.44297803718,25281.557,91.1743,91.986465,24562.531
1976-08-31,3000,-3910.15420469166,24562.531,91.986465,92.719345,26269.59
1976-09-30,3000,-4420.40025862287,26269.59,92.719345,93.33877,26837.412
1976-10-31,3618.6762615613,-3739.70381772498,26837.412,93.33877,93.80249,26999.447
1976-11-30,5309.8103273388,-1485.74540964632,26999.447,93.80249,93.092186,24673.588
1976-12-31,3744.9358765156,-1968.78190654663,24673.588,93.092186,93.84465,25880.053
1977-01-31,5267.70082558432,-2072.07816947711,25880.053,93.84465,92.304016,24771.77
1977-02-28,13419.0278406133,-213.61683056471,24771.77,92.304016,83.44728,15239.15
1977-03-31,6383.85182786224,-700.488334346175,15239.15,83.44728,81.64895,19821.41
1977-04-30,4000,-472.300868973941,19821.41,81.64895,88.52863,22582.406
1977-05-31,4695.45177198577,-1728.93070004822,22582.406,88.52863,91.194046,23300.756
1977-06-30,5874.6552888209,-3163.90771599726,23300.756,91.194046,89.12488,23292.236
1977-07-31,3000,-2673.90482574666,23292.236,89.12488,91.91902,25926.037
1977-08-31,3000,-2744.94466967588,25926.037,91.91902,93.72202,26411.656
1977-09-30,3115.97678167296,-2478.10261715947,26411.656,93.72202,93.12985,25929.621
1977-10-31,3000,-1771.91051038306,25929.621,93.12985,94.2579,26956.963
1977-11-30,5552.65849980861,-592.924423332451,26956.963,94.2579,93.36971,25289.064
1977-12-31,9013.29687186669,-5290.32258064516,25289.064,93.36971,87.81846,22105.941
1978-01-31,71394.4791061082,-4516.12903225806,22105.941,87.81846,56.66381,2565.3901
1978-02-28,52925.1533791211,-4175,2565.3901,56.66381,55.508183,3323.717
1978-03-31,82006.3742108264,-4025,3323.717,55.508183,53.677032,2663.81
1978-04-30,43417.4152042578,-4097.92286778624,2663.81,53.677032,56.955875,4213.991
1978-05-31,22967.1621802218,-4865,4213.991,56.955875,63.10953,7649.4106
1978-06-30,18497.2747994551,-4490,7649.4106,63.10953,66.52702,9918.958
1978-07-31,8000,-9384.96882675651,9918.958,66.52702,79.11277,18003.598
1978-08-31,6024.52191423211,-10989.8993986238,18003.598,79.11277,84.15658,21510.627
1978-09-30,11105.5555555667,-10401.5029407791,21510.627,84.15658,79.80008,16588.693
1978-10-31,8125,-5824.19419416561,16588.693,79.80008,79.96506,17922.264
1978-11-30,5642.58705357878,-9176.94290477088,17922.264,79.96506,85.16588,21359.559
1978-12-31,4854.68060941727,-9038.90235205399,21359.559,85.16588,87.52292,23810.184
1979-01-31,20393.9830386194,-4745,23810.184,87.52292,74.61236,10604.104
1979-02-28,35422.8643871545,-3580.35714285714,10604.104,74.61236,60.62028,5111.448
1979-03-31,29801.7051778254,-3500,5111.448,60.62028,60.734154,5724.6577
1979-04-30,12593.2374706219,-3751.3471817212,5724.6577,60.734154,69.92902,12941.829
1979-05-31,12250.7413394031,-3875,12941.829,69.92902,75.63218,14385.231
1979-06-30,9673.333,-4475,14385.231,75.63218,78.263176,17170.248
1979-07-31,6975.88291815418,-10060.8619115535,17170.248,78.263176,83.02508,20383.824
1979-08-31,4090.58042363737,-7936.59899414963,20383.824,83.02508,87.512505,23577.354
1979-09-30,3939.5224643462,-6955.41358726304,23577.354,87.512505,90.14282,24977.012
1979-10-31,5456.54685603195,-8112.50435961462,24977.012,90.14282,90.03211,23702.291
1979-11-30,5747.28586109692,-6512.62833645437,23702.291,90.03211,90.01371,23115.33
1979-12-31,10013.1681749927,-8141.78240113905,23115.33,90.01371,84.71125,18542.87
1980-01-31,110403.689721054,-3302.45217202687,18542.87,84.71125,54.47759,2284.1753
1980-02-29,125738.098130649,-643.959706782546,2284.1753,54.47759,52.511734,2138.326
1980-03-31,65399.4441837447,-1745.48046029926,2138.326,52.511734,54.25179,2844.6716
1980-04-30,19500.1712216078,-4130,2844.6716,54.25179,63.796402,8661.144
1980-05-31,16777.9597960091,-4493.91230304998,8661.144,63.796402,68.58122,10649.016
1980-06-30,12675.1519815887,-4505,10649.016,68.58122,72.93473,14398.5625
1980-07-31,8560.29198232576,-9604.30067340584,14398.5625,72.93473,78.82197,18273.607
1980-08-31,5514.46602692431,-10852.510689734,18273.607,78.82197,83.42984,21592.361
1980-09-30,11105.5555555667,-10302.2603355376,21592.361,83.42984,79.86705,17057.607
1980-10-31,7968.75,-5364.88672986698,17057.607,79.86705,80.02159,18987.441
1980-11-30,4500,-9666.79298291804,18987.441,80.02159,85.947235,21891.51
1980-12-31,5516.96849573243,-8201.37085028576,21891.51,85.947235,87.590515,22241.307
1981-01-31,20438.4441151159,-3645.16129032258,22241.307,87.590515,74.435196,8654.889
1981-02-28,19583.4450178498,-4030.35714285714,8654.889,74.435196,66.33944,8872.32
1981-03-31,23863.9647046117,-3905,8872.32,66.33944,64.034836,7487.1274
1981-04-30,11009.7225555666,-2296.60520293309,7487.1274,64.034836,72.031815,15214.602
1981-05-31,8867.9825189256,-2917.1068112073,15214.602,72.031815,80.08752,16731.008
1981-06-30,7114.7766573406,-4400,16731.008,80.08752,82.90282,20126.215
1981-07-31,5000,-9317.26953334342,20126.215,82.90282,86.99238,23425.598
1981-08-31,4191.11592222364,-5588.03036078228,23425.598,86.99238,90.68727,24510.615
1981-09-30,3367.5678899248,-5335.73551346088,24510.615,90.68727,91.86195,25152.303
1981-10-31,4883.64430778795,-4685.55971942615,25152.303,91.86195,91.48314,25150.975
1981-11-30,15103.9196259351,-8980.87089361038,25150.975,91.48314,80.24399,14274.981
1981-12-31,64640.5310992419,-5290.32258064516,14274.981,80.24399,56.424168,2941.5183
1982-01-31,91432.1322750178,-4262.09677419355,2941.5183,56.424168,53.072296,2421.3599
1982-02-28,110599.19044405,-5000,2421.3599,53.072296,52.748142,2213.721
1982-03-31,115022.545626843,-1942.02249954089,2213.721,52.748142,52.836246,2239.73
1982-04-30,150816.57836363,2123.77191971202,2239.73,52.836246,52.22556,2048.482
1982-05-31,54164.5282481752,-3006.89163551777,2048.482,52.22556,55.452873,3402.1309
1982-06-30,31310.0910860184,-4371.47833280588,3402.1309,55.452873,59.96092,5232.2773
1982-07-31,11588.1942199843,-8585.04849264068,5232.2773,59.96092,70.63825,14402.399
1982-08-31,10218.9448185126,-9363.98724437942,14402.399,70.63825,77.16379,16171.509
1982-09-30,18819.5093622106,-8717.33831460851,16171.509,77.16379,69.57193,10910.711
1982-10-31,28215.4173501021,-6425.44774510484,10910.711,69.57193,62.601273,5815.6646
1982-11-30,26464.1691790501,-6405.06025192901,5815.6646,62.601273,62.61772,6277.712
1982-12-31,63287.1920601875,-5290.32258064516,6277.712,62.61772,55.41444,3271.6897
1983-01-31,120730.031854606,10420.8634070215,3271.6897,55.41444,52.358,2092.3145
1983-02-28,185286.184175813,11556.9473915854,2092.3145,52.358,51.350586,1826.6643
1983-03-31,309645.140695312,22017.8858927906,1826.6643,51.350586,49.074608,894.1577
1983-04-30,92952.7342478908,5530.19503644,894.1577,49.074608,53.12994,2238.2551
1983-05-31,84929.4429489275,5554.48367697146,2238.2551,53.12994,53.29549,2433.246
1983-06-30,87720.7921785017,4630.76294614312,2433.246,53.29549,52.618736,2360.4832
1983-07-31,38232.69080533,-3967.97026046308,2360.4832,52.618736,57.93285,4275.635
1983-08-31,21596.3756131566,-7341.04973253596,4275.635,57.93285,63.86243,7796.4463
1983-09-30,23139.445762778,-8573.69392145229,7796.4463,63.86243,64.338104,7340.0044
1983-10-31,18245.2447437338,-6552.66135499841,7340.0044,64.338104,66.55848,9088.114
1983-11-30,58022.8814928033,-51.5284794213973,9088.114,66.55848,56.525097,2760.1536
1983-12-31,165188.827492141,3114.6456675633,2760.1536,56.525097,51.388172,1927.8083
1984-01-31,59981.5404814162,-3429.25830703255,1927.8083,51.388172,54.805126,2974.6082
1984-02-29,41041.4878348965,-4482.75862068965,2974.6082,54.805126,57.579414,3952.8555
1984-03-31,44461.8642529103,-3650,3952.8555,57.579414,57.222607,3466.9783
1984-04-30,16424.9093410608,-4130,3466.9783,57.222607,66.01368,9944.58
1984-05-31,17374.8279773811,-4153.44753002071,9944.58,66.01368,68.95441,10461.169
1984-06-30,9299.59840393904,-4505,10461.169,68.95441,76.12301,17398.219
1984-07-31,8696.29180427421,-10764.4328818282,17398.219,76.12301,80.53356,19001.107
1984-08-31,5672.71500861289,-10111.3604641596,19001.107,80.53356,83.35813,21684.588
1984-09-30,11093.75,-6407.65130201309,21684.588,83.35813,79.95699,17081.62
1984-10-31,7968.75,-7825.46046765693,17081.62,79.95699,79.98206,19170.541
1984-11-30,20455.3127871423,-8823.97985947681,19170.541,79.98206,70.45755,8852.611
1984-12-31,21379.3932451931,-5290.32258064516,8852.611,70.45755,65.4015,7864.664
1985-01-31,7711.08217048926,-5000,7864.664,65.4015,76.08528,18031.064
1985-02-28,14743.2540509637,-4030.35714285714,18031.064,76.08528,76.37294,13167.357
1985-03-31,13682.2220622893,-3500,13167.357,76.37294,72.57942,13547.493
1985-04-30,8525.40346194647,-2306.08550529807,13547.493,72.57942,78.14355,17581.385
1985-05-31,10195.1831683508,-3065.02544812318,17581.385,78.14355,80.02729,16070.43
1985-06-30,7100,-4400,16070.43,80.02729,82.1907,19945.496
1985-07-31,5457.13896717117,-11318.4628770329,19945.496,82.1907,86.59018,22944.344
1985-08-31,3789.55772824183,-6254.15264898493,22944.344,86.59018,90.53678,24555.201
1985-09-30,3804.53553629307,-6375.48083774456,24555.201,90.53678,91.561325,24362.248
1985-10-31,4000,-4844.83335805324,24362.248,91.561325,92.20676,25461.967
1985-11-30,7522.85106175539,-5185.4521589967,25461.967,92.20676,89.4816,22954.576
1985-12-31,7372.84629965894,-8101.51518337859,22954.576,89.4816,86.987854,21766.822
1986-01-31,27524.7162922796,-3126.93548387097,21766.822,86.987854,68.177055,7259.234
1986-02-28,230698.32977754,472.122854380679,7259.234,68.177055,51.081383,1298.996
1986-03-31,163934.330363089,3354.35730942744,1298.996,51.081383,52.22591,1894.1813
1986-04-30,28435.1870360115,-3548.22128227556,1894.1813,52.22591,60.517384,7021.4976
1986-05-31,15652.7471009833,-4899.45561454311,7021.4976,60.517384,68.08062,11806.936
1986-06-30,9919.13148311929,-4079.80910395729,11806.936,68.08062,75.79585,15975.71
1986-07-31,8645.68087679938,-7667.12666424837,15975.71,75.79585,80.10453,17526.732
1986-08-31,5580.645,-9960.4125011554,17526.732,80.10453,83.28372,21472.6
1986-09-30,11105.5555555667,-10574.2786165491,21472.6,83.28372,79.72915,17024.488
1986-10-31,7656.25,-6162.25969353522,17024.488,79.72915,80.039024,17952.691
1986-11-30,4500,-9640.28149866631,17952.691,80.039024,86.08312,21669.35
1986-12-31,5763.28153286739,-8835.8695861192,21669.35,86.08312,87.636826,23484.129
1987-01-31,11313.3590787457,-3368.52339174076,23484.129,87.636826,84.39519,18768.709
1987-02-28,18983.9503762361,-3580.35714285714,18768.709,84.39519,72.958145,11546.177
1987-03-31,21086.3052710547,-3905,11546.177,72.958145,65.76023,9063.213
1987-04-30,10460,-2710.79739806776,9063.213,65.76023,73.341705,15416.579
1987-05-31,9365.85211967519,-2660.5482558295,15416.579,73.341705,79.7235,17728.598
1987-06-30,7100,-3450.22954645277,17728.598,79.7235,83.76773,20813.9
1987-07-31,5000,-6598.24762603948,20813.9,83.76773,87.62336,22788.326
1987-08-31,3500,-4898.14076767848,22788.326,87.62336,90.492744,24528.334
1987-09-30,3000,-4607.0749257906,24528.334,90.492744,92.610664,26031.143
1987-10-31,4070.37229261197,-4049.60060382356,26031.143,92.610664,93.38935,25968.562
1987-11-30,5535.33041857606,-3092.56416255722,25968.562,93.38935,91.75605,25051.059
1987-12-31,13178.0329406655,-5290.32258064516,25051.059,91.75605,82.81014,15623.507
1988-01-31,21526.5537836429,-3875.96774193548,15623.507,82.81014,68.50154,9250.9
1988-02-29,9189.655,-3641.02659395493,9250.9,68.50154,74.30047,15678.825
1988-03-31,8000.8066,-1849.37348522397,15678.825,74.30047,80.52484,18066.516
1988-04-30,8327.05044006895,-1327.40034649718,18066.516,80.52484,81.40172,19312.26
1988-05-31,4864.61767105147,-2109.46643556834,19312.26,81.40172,85.45391,21533.283
1988-06-30,4035.64660212453,-1892.34802810336,21533.283,85.45391,89.269005,24676.922
1988-07-31,4000,-3861.82640127835,24676.922,89.269005,91.60463,25342.902
1988-08-31,3000,-3434.68145884968,25342.902,91.60463,92.670265,26070.697
1988-09-30,3000,-3210.34848790846,26070.697,92.670265,93.44063,26344.041
1988-10-31,3000,-1831.90228095852,26344.041,93.44063,94.47378,27147.635
1988-11-30,6423.96223289888,-2860.07877216107,27147.635,94.47378,92.007614,24512.16
1988-12-31,6356.95519077407,-3479.50927124925,24512.16,92.007614,89.849915,22817.762
1989-01-31,10444.7141577915,-2545.44087640836,22817.762,89.849915,85.05116,17807.133
1989-02-28,9557.143,-2558.18858263533,17807.133,85.05116,82.36809,16802.111
1989-03-31,56612.5996952455,-4325,16802.111,82.36809,58.269417,3032.526
1989-04-30,18403.365440761,-2738.39597954303,3032.526,58.269417,64.67338,9849.372
1989-05-31,10661.29,-3215.78064809783,9849.372,64.67338,74.67434,14433.357
1989-06-30,7112.65041699736,-4400,14433.357,74.67434,81.587234,19141.479
1989-07-31,5000,-11769.3119106665,19141.479,81.587234,85.39458,22966.34
1989-08-31,3500,-8691.72526463716,22966.34,85.39458,88.922226,24881.234
1989-09-30,5185.08252179934,-7454.00044776301,24881.234,88.922226,89.96493,23233.643
1989-10-31,4062.57299872498,-5408.25765949621,23233.643,89.96493,89.68095,24596.42
1989-11-30,5953.62138380657,-4657.68753528762,24596.42,89.68095,90.35577,23287.559
1989-12-31,6345.8220119954,-2246.28163973538,23287.559,90.35577,89.229485,22122.479
1990-01-31,13345.5244707539,-4055,22122.479,89.229485,82.15159,14412.217
1990-02-28,11959.6839582217,-4250,14412.217,82.15159,75.3952,14779.479
1990-03-31,8254.28579146626,-3833.04543764504,14779.479,75.3952,79.32495,18261.504
1990-04-30,9061.58596303167,-942.762331009198,18261.504,79.32495,80.96102,18218.193
1990-05-31,7511.1889394559,-2003.111120703,18218.193,80.96102,82.499374,19286.785
1990-06-30,4000,-1379.33760066331,19286.785,82.499374,86.80473,23092.041
1990-07-31,4000,-2508.70681783656,23092.041,86.80473,90.66567,24940.152
1990-08-31,3000,-1897.0301605468,24940.152,90.66567,92.25156,26411.271
1990-09-30,3000,-3160.9408927849,26411.271,92.25156,93.108444,26468.697
1990-10-31,3000,-3110.4009427407,26468.697,93.108444,94.28667,26661.803
1990-11-30,5874.16028090251,-1301.14512061005,26661.803,94.28667,92.91062,25312.543
1990-12-31,5170.07807016452,-1594.25845256281,25312.543,92.91062,92.202576,25658.717
1991-01-31,10713.2868940263,-161.275875438673,25658.717,92.202576,86.18921,18941.744
1991-02-28,8448.91834382096,-2928.21234647654,18941.744,86.18921,83.81492,19455.459
1991-03-31,29773.859749073,-4325,19455.459,83.81492,65.57644,5597.482
1991-04-30,7868.53453860123,-1946.45261141903,5597.482,65.57644,74.03331,15799.435
1991-05-31,4856.14503195739,-2290.26247225194,15799.435,74.03331,86.14231,21193.645
1991-06-30,3188.31597902344,-1595.69053567232,21193.645,86.14231,89.82464,24860.584
1991-07-31,3000,-2144.76639035572,24860.584,89.82464,92.774994,25984.8
1991-08-31,3000,-2041.69451752151,25984.8,92.774994,93.27282,26580.34
1991-09-30,3664.82413444426,-2472.30968349911,26580.34,93.27282,92.83255,26187.615
1991-10-31,3000,-2743.48134449749,26187.615,92.83255,93.908936,26524.994
1991-11-30,5179.28182233735,-2906.70897138222,26524.994,93.908936,93.286644,24793.115
1991-12-31,6860.11499911733,-879.764305616778,24793.115,93.286644,90.791565,23991.74
1992-01-31,10126.4637508015,-785.123949983672,23991.74,90.791565,85.5859,18493.086
1992-02-29,32227.6019220896,-3676.72413793103,18493.086,85.5859,65.040184,5531.404
1992-03-31,18068.7295562031,-4325,5531.404,65.040184,65.4972,9280.912
1992-04-30,7400.93784426588,-2100.21055360338,9280.912,65.4972,77.43359,16680.08
1992-05-31,7377.4194,-1838.44929376689,16680.08,77.43359,83.47195,18529.127
1992-06-30,7100,-1475.58856674964,18529.127,83.47195,83.90163,20321.129
1992-07-31,4000,-3130.07441715502,20321.129,83.90163,87.65419,23983.668
1992-08-31,3000,-2191.16548809589,23983.668,87.65419,91.58776,25854.281
1992-09-30,3000,-4366.89722705811,25854.281,91.58776,93.063934,26462.688
1992-10-31,3000,-2770.77017138454,26462.688,93.063934,94.31888,27033.89
1992-11-30,6977.45139774552,-446.672957737876,27033.89,94.31888,91.54582,23705.314
1992-12-31,7976.1391918717,-8065.10507933797,23705.314,91.54582,87.562065,21474.076
1993-01-31,63567.5264483514,-3645.16129032258,21474.076,87.562065,57.744938,2743.6538
1993-02-28,55127.0656924246,-4030.35714285714,2743.6538,57.744938,55.36565,3213.9607
1993-03-31,54574.5872636573,-3575,3213.9607,55.36565,55.493767,3401.5073
1993-04-30,25126.3783374312,-3995,3401.5073,55.493767,62.01564,7442.6006
1993-05-31,27049.6986897638,-3845.74603489362,7442.6006,62.01564,62.623913,6121.849
1993-06-30,24067.3205336177,-4490,6121.849,62.623913,63.645264,7765.782
1993-07-31,8634.1636408243,-11250.8579405981,7765.782,63.645264,78.02053,17621.51
1993-08-31,6237.23110861291,-10085.9578422264,17621.51,78.02053,83.64728,21220.406
1993-09-30,10949.3055555667,-10051.6159066007,21220.406,83.64728,79.88614,17110.732
1993-10-31,8437.5,-6690.48489857515,17110.732,79.88614,79.95246,17871.352
1993-11-30,5726.98396359277,-9620.30506521041,17871.352,79.95246,84.62802,21768.162
1993-12-31,6308.84200851505,-8215.98481414059,21768.162,84.62802,85.86972,23039.447
1994-01-31,9231.65504635797,-3960.63117765499,23039.447,85.86972,84.69984,19542.127
1994-02-28,21237.4236075658,-4250,19542.127,84.69984,71.64594,10118.673
1994-03-31,9174.3955,-3761.68683076077,10118.673,71.64594,74.72279,15787.9375
1994-04-30,10599.625748927,-1769.48047942494,15787.9375,74.72279,78.941605,17234.703
1994-05-31,6263.89489196838,-2288.43619656171,17234.703,78.941605,82.85182,20575.656
1994-06-30,4000,-4028.29632598488,20575.656,82.85182,87.48245,23265.545
1994-07-31,4000,-5937.88639536967,23265.545,87.48245,90.594635,24352.604
1994-08-31,3000,-4934.05041394263,24352.604,90.594635,92.208015,25955.088
1994-09-30,3000,-3933.59008285732,25955.088,92.208015,93.20084,26337.941
1994-10-31,3265.88411968278,-4078.4230050113,26337.941,93.20084,94.080246,26715.64
1994-11-30,5557.14362481412,-3218.01268134248,26715.64,94.080246,93.16363,24599.219
1994-12-31,9133.05180103782,-5611.06294547692,24599.219,93.16363,87.95355,19424.854
1995-01-31,137836.685249438,-3645.16129032258,19424.854,87.95355,53.90977,2189.19
1995-02-28,56048.9146199763,-4464.28571428572,2189.19,53.90977,55.133667,3113.202
1995-03-31,193970.845350864,-4025,3113.202,55.133667,51.522175,1826.0642
1995-04-30,65385.2589065386,-3666.75755800715,1826.0642,51.522175,54.44234,2683.6035
1995-05-31,73828.293096066,-1480.2430912409,2683.6035,54.44234,53.793266,2618.235
1995-06-30,46188.3670530843,-4696.8427491219,2618.235,53.793266,56.457302,3839.283
1995-07-31,18829.0713165008,-6977.16294429054,3839.283,56.457302,64.798546,10285.192
1995-08-31,9272.70534313173,-9872.26324876248,10285.192,64.798546,74.967674,16270.427
1995-09-30,9889.80178143638,-10527.613086908,16270.427,74.967674,78.54418,17192.287
1995-10-31,8750,-7936.14993263909,17192.287,78.54418,79.94681,18413.744
1995-11-30,4500,-9869.48991123982,18413.744,79.94681,85.65942,22269.596
1995-12-31,25760.2508932154,-5290.32258064516,22269.596,85.65942,68.73472,7160.059
1996-01-31,42244.3637674885,-4516.12903225807,7160.059,68.73472,58.370777,3857.3823
1996-02-29,131885.767107398,-3586.84911626774,3857.3823,58.370777,52.49842,2180.7888
1996-03-31,66365.5212342615,-4550,2180.7888,52.49842,54.220383,2714.762
1996-04-30,34611.4224794992,-4130,2714.762,54.220383,58.75675,4480.519
1996-05-31,48236.6018230021,-4134.16156525944,4480.519,58.75675,56.775585,3520.0747
1996-06-30,12336.1350816158,-4505,3520.0747,56.775585,68.65699,13911.088
1996-07-31,8184.09237605616,-11015.372179906,13911.088,68.65699,79.49673,18958.984
1996-08-31,5580.645,-10646.6775580645,18958.984,79.49673,83.50537,21903.893
1996-09-30,10781.25,-7097.20999995034,21903.893,83.50537,79.982185,16719.03
1996-10-31,8125,-8127.47961547991,16719.03,79.982185,80.085365,18035.254
1996-11-30,13366.6028317668,-8354.84863218909,18035.254,80.085365,77.16325,14423.486
1996-12-31,91144.6797303358,-5069.84677079743,14423.486,77.16325,54.211357,2457.2966
1997-01-31,276605.508465073,19363.2668998064,2457.2966,54.211357,49.135735,1003.7974
1997-02-28,67399.9972559578,980.684541575844,1003.7974,49.135735,54.34369,2837.8782
1997-03-31,23240.557280108,-3650,2837.8782,54.34369,62.31043,7389.039
1997-04-30,12281.8789830143,-3477.2273208555,7389.039,62.31043,71.05335,13991.438
1997-05-31,10887.2503239179,-4044.75071658245,13991.438,71.05335,77.301414,15158.962
1997-06-30,9605.36531535048,-4078.06734654343,15158.962,77.301414,79.2054,16717.709
1997-07-31,9693.46907125608,-10559.0374908401,16717.709,79.2054,79.58229,17289.338
1997-08-31,5884.4088086129,-11085.0235598563,17289.338,79.58229,82.77642,21187.031
1997-09-30,10781.25,-8693.2905803313,21187.031,82.77642,79.94058,16675.059
1997-10-31,8125,-5380.22264022915,16675.059,79.94058,79.9467,17630.725
1997-11-30,7836.03101685114,-8885.16988285321,17630.725,79.9467,82.61992,19169.947
1997-12-31,9852.71875729353,-9882.38653609718,19169.947,82.61992,80.85848,18888.795
1998-01-31,91209.0729081271,-3645.16129032258,18888.795,80.85848,54.82476,2515.852
1998-02-28,257438.601217909,2734.8943392104,2515.852,54.82476,49.88937,1122.7913
1998-03-31,91451.4885155596,-4298.77107949459,1122.7913,49.88937,53.089336,2418.1814
1998-04-30,49152.7884078195,-2410.68646427153,2418.1814,53.089336,55.957752,3434.4556
1998-05-31,66917.8469612254,-1480.52406019482,3434.4556,55.957752,54.278522,2798.6099
1998-06-30,65771.9240040713,-3264.69831872014,2798.6099,54.278522,54.012573,2814.5076
1998-07-31,25496.6215568303,-6618.32183904639,2814.5076,54.012573,61.67529,7121.0234
1998-08-31,13870.5458440502,-8822.87805753926,7121.0234,61.67529,69.233894,12461.364
1998-09-30,16177.4951614381,-9526.86693108525,12461.364,69.233894,70.04102,11564.094
1998-10-31,13666.0217477346,-8632.56193460801,11564.094,70.04102,71.79699,13324.717
1998-11-30,24398.5478288819,-8691.01444883715,13324.717,71.79699,65.76979,7384.672
1998-12-31,28548.0817121853,-5290.32258064516,7384.672,65.76979,62.195404,5998.9463
1999-01-31,35356.9724492866,-4516.12903225806,5998.9463,62.195404,59.937557,5437.418
1999-02-28,108637.636698803,-4223.21428571428,5437.418,59.937557,53.049934,2271.4895
1999-03-31,61415.787273349,-3650,2271.4895,53.049934,54.58279,2846.492
1999-04-30,21912.2375070874,-3457.21013642545,2846.492,54.58279,62.839645,7425.118
1999-05-31,22875.6919217122,-4010.03361332936,7425.118,62.839645,64.550156,7604.07
1999-06-30,13095.6747576963,-4505,7604.07,64.550156,70.702095,13795.406
1999-07-31,8186.7279316116,-11118.6136218338,13795.406,70.702095,78.81803,18437.504
1999-08-31,5602.15040861292,-11228.8564166724,18437.504,78.81803,83.397415,21463.232
1999-09-30,10781.25,-8331.97498210431,21463.232,83.397415,79.94164,16983.941
1999-10-31,8125,-7296.69743973235,16983.941,79.94164,80.03598,18492.223
1999-11-30,6229.84026533525,-9390.71298279858,18492.223,80.03598,84.275665,21373.764
1999-12-31,4500,-8356.06937875696,21373.764,84.275665,87.43817,22714.06
2000-01-31,28193.1803231817,-3645.16129032258,22714.06,87.43817,68.53763,6347.399
2000-02-29,120694.768589733,-4625,6347.399,68.53763,53.17833,2218.8584
2000-03-31,78504.5859150807,-4025,2218.8584,53.17833,53.564552,2648.8958
2000-04-30,19698.0901914997,-3995,2648.8958,53.564552,63.450665,8902.815
2000-05-31,16117.3355384143,-4190,8902.815,63.450665,69.04032,10706.586
2000-06-30,7312.5,-4490,10706.586,69.04032,78.40471,18211.941
2000-07-31,11532.8452785706,-9852.9560384841,18211.941,78.40471,79.92193,16935.797
2000-08-31,6004.032,-9524.05375862567,16935.797,79.92193,83.23664,21247.027
2000-09-30,10937.5,-5249.34451280609,21247.027,83.23664,80.069466,16455.06
2000-10-31,8125,-8103.73415754901,16455.06,80.069466,80.021774,18873.787
2000-11-30,4500,-8934.2463287687,18873.787,80.021774,86.22282,22175.94
2000-12-31,5528.51208886075,-4595.42809239938,22175.94,86.22282,87.68611,22358.951
2001-01-31,13600.4144412035,-4745,22358.951,87.68611,81.58586,14414.589
2001-02-28,23921.5999568443,-3580.35714285714,14414.589,81.58586,66.630905,7319.0635
2001-03-31,22250.9613060495,-3905,7319.0635,66.630905,64.26464,7564.547
2001-04-30,10324.8018465354,-2057.42977312991,7564.547,64.26464,73.135,16339.3125
2001-05-31,9822.61301264115,-2891.09427894274,16339.3125,73.135,79.4057,17034.324
2001-06-30,7100,-4324.57304175449,17034.324,79.4057,82.252,19870.01
2001-07-31,5000,-5968.12607045901,19870.01,82.252,86.86426,22874.043
2001-08-31,3595.46557677044,-4472.58599119356,22874.043,86.86426,91.286766,25093.902
2001-09-30,3751.7281092877,-5547.49892725058,25093.902,91.286766,92.14626,25381.156
2001-10-31,4000,-3937.25999850588,25381.156,92.14626,92.27406,24873.762
2001-11-30,7125.23682984353,-6020.13170163483,24873.762,92.27406,89.73573,22442.28
2001-12-31,32124.837393035,-5290.32258064516,22442.28,89.73573,65.78667,6390.546
2002-01-31,43707.0436342356,-3875.96774193548,6390.546,65.78667,57.836685,3987.5198
2002-02-28,18612.1557087365,-4030.35714285714,3987.5198,57.836685,64.68931,10168.198
2002-03-31,19378.6603795129,-3500,10168.198,64.68931,66.5542,9233.393
2002-04-30,9427.72927356323,-2678.15225625997,9233.393,66.5542,74.77114,16013.981
2002-05-31,9800.5374086129,-2695.11096826262,16013.981,74.77114,79.87951,17358.17
2002-06-30,7243.3335,-4400,17358.17,79.87951,82.10498,20300.24
2002-07-31,5000,-11465.0938752582,20300.24,82.10498,85.63739,22683.145
2002-08-31,3500,-6299.97683036539,22683.145,85.63739,89.61789,24854.328
2002-09-30,3825.92615757314,-5766.69920557602,24854.328,89.61789,91.53972,25176.05
2002-10-31,4000,-5215.30368182819,25176.05,91.53972,92.14596,25275.578
2002-11-30,6132.25445171849,-5866.03459394195,25275.578,92.14596,90.97542,23279.66
2002-12-31,41584.3170550346,-5290.32258064516,23279.66,90.97542,63.15989,3643.952
2003-01-31,57244.3203439743,-3875.96774193548,3643.952,63.15989,55.637314,3062.51
2003-02-28,23496.6182493282,-3741.07142857143,3062.51,55.637314,62.273018,7520.792
2003-03-31,21320.8966161984,-3500,7520.792,62.273018,64.90167,7865.1343
2003-04-30,33982.9508733679,-2549.99941389856,7865.1343,64.90167,60.625668,4280.003
2003-05-31,33975.8373090213,-3402.5055609083,4280.003,60.625668,60.02252,4628.8564
2003-06-30,8047.9165,-4490,4628.8564,60.02252,73.75761,16826.51
2003-07-31,11055.1894721616,-10899.1685451578,16826.51,73.75761,79.23701,16940.97
2003-08-31,5813.84390861291,-10579.4115913319,16940.97,79.23701,83.15498,21258.244
2003-09-30,11093.75,-9937.89222942126,21258.244,83.15498,79.99015,16897.014
2003-10-31,8125,-3320.61882214787,16897.014,79.99015,80.03789,19054.24
2003-11-30,5883.65959724665,-8848.79566406337,19054.24,80.03789,84.739815,22803.834
2003-12-31,27483.2018110353,-5290.32258064516,22803.834,84.739815,68.00566,6474.9756
2004-01-31,30062.1033001631,-4343.38709677419,6474.9756,68.00566,61.445065,5312.14
2004-02-29,80613.8972306646,-4187.93103448276,5312.14,61.445065,54.156593,2501.928
2004-03-31,45409.8400783312,-3575,2501.928,54.156593,56.66673,3600.2031
2004-04-30,11762.9376024589,-2768.28506583885,3600.2031,56.66673,69.03817,12995.281
2004-05-31,8677.32642135184,-2725.33745328666,12995.281,69.03817,79.34137,16694.3
2004-06-30,7121.74638938716,-4475,16694.3,79.34137,83.079926,19804.535
2004-07-31,8997.56520681731,-11269.4626847292,19804.535,83.079926,83.02639,19743.967
2004-08-31,4171.95763480596,-11584.624737251,19743.967,83.02639,87.47935,23578.188
2004-09-30,4190.91125789336,-7298.03057634941,23578.188,87.47935,89.62398,24256.457
2004-10-31,6170.01944036324,-7134.83780703005,24256.457,89.62398,88.70392,23118.855
2004-11-30,5894.07554951786,-5829.15165317666,23118.855,88.70392,88.99966,23221.547
2004-12-31,15779.5617178998,-5290.32258064516,23221.547,88.99966,78.554756,13648.239
2005-01-31,39465.5179424888,-4363.70967741936,13648.239,78.554756,60.24511,4519.099
2005-02-28,26666.7041972086,-4030.35714285714,4519.099,60.24511,61.84768,6373.2236
2005-03-31,44818.0691086369,-3500,6373.2236,61.84768,57.76078,3816.6892
2005-04-30,22495.0318524053,-4430,3816.6892,57.76078,63.352043,8877.339
2005-05-31,52747.2123662261,-4715,8877.339,63.352043,56.800785,3426.6877
2005-06-30,23029.7698429559,-4850,3426.6877,56.800785,62.982273,7911.447
2005-07-31,7331.88602888155,-9740.63392223716,7911.447,62.982273,78.61934,18121.143
2005-08-31,4000,-10766.2565060721,18121.143,78.61934,86.111374,23329.174
2005-09-30,6354.80806933357,-10342.745904242,23329.174,86.111374,85.91537,21683.645
2005-10-31,4007.82168686697,-9368.68658241179,21683.645,85.91537,87.29332,22615.186
2005-11-30,4820.22942952629,-9502.4556615285,22615.186,87.29332,89.787025,22450.78
2005-12-31,77659.0675471905,-5290.32258064516,22450.78,89.787025,56.968327,2587.2654
2006-01-31,128936.344979464,-3953.70766806388,2587.2654,56.968327,52.407494,2204.0037
2006-02-28,57096.4064006765,-4464.28571428571,2204.0037,52.407494,55.100822,2999.8198
2006-03-31,122687.540761599,-911.116621045897,2999.8198,55.100822,52.738842,2159.6694
2006-04-30,148419.767589183,1946.48258695922,2159.6694,52.738842,52.183796,1985.3383
2006-05-31,63099.5159623736,1194.36586366225,1985.3383,52.183796,54.533516,2916.5957
2006-06-30,22666.1028074428,-4469.01566905762,2916.5957,54.533516,62.8522,8658.701
2006-07-31,9204.7344086129,-9660.86669046834,8658.701,62.8522,74.29852,16480.68
2006-08-31,6840.41492553853,-9977.87190093568,16480.68,74.29852,81.58125,19183.45
2006-09-30,10011.8055555667,-9952.44863766442,19183.45,81.58125,79.84318,17699.354
2006-10-31,8437.5,-7606.96625073971,17699.354,79.84318,79.94394,18556.16
2006-11-30,6259.74361826024,-9308.67875439774,18556.16,79.94394,83.68062,21044.84
2006-12-31,10361.1112470032,-9516.68922656348,21044.84,83.68062,81.291466,17317.033
2007-01-31,6358.47449742551,-5000,17317.033,81.291466,82.94903,21909.9
2007-02-28,27623.8002134552,-3625.89285714286,21909.9,82.94903,67.93424,6951.0737
2007-03-31,14406.8433327253,-3500,6951.0737,67.93424,68.276054,11767.606
2007-04-30,10166.667,-2452.58316065231,11767.606,68.276054,76.011604,15300.573
2007-05-31,9392.17349549279,-2761.5377272795,15300.573,76.011604,79.65357,16847.088
2007-06-30,7100,-4400,16847.088,79.65357,82.48832,20443.736
2007-07-31,5017.76962988882,-11524.9114216388,20443.736,82.48832,86.83351,23458.14
2007-08-31,3779.82564291387,-5772.96064584035,23458.14,86.83351,90.78396,24636.473
2007-09-30,4823.36154459575,-7305.04167570017,24636.473,90.78396,90.64987,23907.049
2007-10-31,4000,-6533.50378677861,23907.049,90.64987,91.54293,25505.75
2007-11-30,5934.37699036424,-5380.76927974288,25505.75,91.54293,91.11572,24282.729
2007-12-31,6788.69395990949,-3698.72876902137,24282.729,91.11572,89.01182,20730.127
2008-01-31,25700.2230794049,-3126.93548387097,20730.127,89.01182,69.291275,5990.547
2008-02-29,22596.1794462982,-4040.51724137931,5990.547,69.291275,64.1879,7077.745
2008-03-31,12691.532,-2775.54072807064,7077.745,64.1879,70.76195,12978.5625
2008-04-30,8941.69161889724,-2361.78165298742,12978.5625,70.76195,78.27186,16719.107
2008-05-31,7100,-2500.21527517858,16719.107,78.27186,82.735466,18625.592
2008-06-30,7243.3335,-3509.97684662679,18625.592,82.735466,84.0333,20598.053
2008-07-31,4000,-3966.88293279833,20598.053,84.0333,87.780464,24745.86
2008-08-31,3126.03774687584,-3077.60438406833,24745.86,87.780464,91.54169,26420.9
2008-09-30,3000,-4541.28804050063,26420.9,91.54169,92.75366,26379.986
2008-10-31,3221.8867373118,-3490.36472354896,26379.986,92.75366,93.9243,26536.781
2008-11-30,5128.29630647638,-3636.88198729567,26536.781,93.9243,93.51658,25612.387
2008-12-31,5934.40621879349,-2653.56509723433,25612.387,93.51658,91.77332,23660.97
2009-01-31,7852.5952661706,-2038.66037882365,23660.97,91.77332,88.27385,20113.736
2009-02-28,27262.3401587792,-3808.03571428571,20113.736,88.27385,69.024704,6641.45
2009-03-31,26540.3542660299,-3905,6641.45,69.024704,62.424835,6222.0757
2009-04-30,14876.8900206164,-2790.55741998282,6222.0757,62.424835,68.58115,12475.008
2009-05-31,10744.3951592743,-3032.85190517369,12475.008,68.58115,75.92578,15797.8545
2009-06-30,9920,-4400,15797.8545,75.92578,78.944855,16328.36
2009-07-31,5000,-6051.79340000604,16328.36,78.944855,83.59113,20926.621
2009-08-31,3500,-5184.3172685796,20926.621,83.59113,88.29998,24712.49
2009-09-30,3000,-6296.08084410806,24712.49,88.29998,91.554924,26139.816
2009-10-31,5116.33093570084,-5383.00993379036,26139.816,91.554924,91.2656,22746.443
2009-11-30,4500,-3854.60456896561,22746.443,91.2656,92.16595,23940.285
2009-12-31,6417.64145197092,-3751.33679107324,23940.285,92.16595,91.14442,22952.732
2010-01-31,30380.1567806,-3126.93548387097,22952.732,91.14442,68.01275,5435.266
2010-02-28,37112.186146088,-4030.35714285714,5435.266,68.01275,59.247967,4859.0073
2010-03-31,20035.2681458198,-3905,4859.0073,59.247967,64.4094,8434.537
2010-04-30,26984.0176125932,-3517.03156275368,8434.537,64.4094,63.180943,6469.769
2010-05-31,19344.1871499444,-3626.80012921531,6469.769,63.180943,65.948395,9486.767
2010-06-30,13890.8756603012,-4475,9486.767,65.948395,70.87345,13678.442
2010-07-31,6500,-10624.6150977341,13678.442,70.87345,81.53047,19262.496
2010-08-31,4146.6758522738,-11453.1152851849,19262.496,81.53047,86.68771,23346.762
2010-09-30,5019.88476619537,-8805.89152177155,23346.762,86.68771,87.477684,23672.328
2010-10-31,8723.2621007545,-9194.92126909882,23672.328,87.477684,83.744156,19178.225
2010-11-30,7586.1081027477,-9212.04458888832,19178.225,83.744156,82.97515,19621.682
2010-12-31,57761.2427288119,-5290.32258064516,19621.682,82.97515,58.30868,3065.4534
2011-01-31,30579.9012353104,-4363.70967741936,3065.4534,58.30868,60.358772,6351.761
2011-02-28,33872.3392832108,-4180.56765017739,6351.761,60.358772,60.058353,5334.2827
2011-03-31,125797.309769199,2060.44145562264,5334.2827,60.058353,52.827843,2122.6345
2011-04-30,49773.8584166768,-3743.95022574312,2122.6345,52.827843,55.97472,3252.199
2011-05-31,41440.5319020904,-4777.70907750311,3252.199,55.97472,57.673267,3936.4517
2011-06-30,52030.7393303865,-3668.06065313708,3936.4517,57.673267,56.1048,3147.8635
2011-07-31,18058.1015752317,-8054.95048813216,3147.8635,56.1048,65.11622,11306.294
2011-08-31,10065.8824280456,-9119.11264987268,11306.294,65.11622,74.38675,15799.472
2011-09-30,10803.5638619451,-9721.64153068602,15799.472,74.38675,77.17843,15928.149
2011-10-31,11655.3967424781,-8710.57499525262,15928.149,77.17843,76.72696,16245.677
2011-11-30,5017.56694577726,-9106.4218108857,16245.677,76.72696,82.937996,22512.86
2011-12-31,4500,-6812.9810975532,22512.86,82.937996,87.71366,23257.389
2012-01-31,11077.6684542014,-5000,23257.389,87.71366,84.09862,17071.342
2012-02-29,9732.96373982109,-4250,17071.342,84.09862,81.89703,16731.26
2012-03-31,33049.3989245045,-3905,16731.26,81.89703,63.29126,4931.322
2012-04-30,26471.0139105944,-2741.6323127145,4931.322,63.29126,62.153545,6577.633
2012-05-31,11567.3682973329,-3156.19087265313,6577.633,62.153545,71.48058,13777.061
2012-06-30,7112.92283657674,-4475,13777.061,71.48058,81.07323,19147.916
2012-07-31,8674.74545605921,-10929.8835730178,19147.916,81.07323,82.582436,19115.738
2012-08-31,4000,-10734.9019222171,19115.738,82.582436,86.512,23357.316
2012-09-30,3148.77201893626,-6496.5934263316,23357.316,86.512,89.72397,25171.799
2012-10-31,4000,-6048.16672363958,25171.799,89.72397,91.78211,24001.236
2012-11-30,7096.47605751231,-7313.48319925577,24001.236,91.78211,89.81179,22303.934
2012-12-31,61888.0011414769,-5290.32258064516,22303.934,89.81179,58.374973,2823.4094
2013-01-31,16434.7898810298,-4775,2823.4094,58.374973,65.62852,10177.651
2013-02-28,18142.857,-3816.81769338556,10177.651,65.62852,67.975365,9952.907
2013-03-31,9921.35173550633,-3500,9952.907,67.975365,74.6242,15512.296
2013-04-30,9731.40192651305,-2003.1050682847,15512.296,74.6242,79.14261,17590.623
2013-05-31,9731.03690534833,-2935.98256446475,17590.623,79.14261,80.08551,17037.467
2013-06-30,7112.92395529033,-4400,17037.467,80.08551,82.26889,19799.645
2013-07-31,5000,-11021.0621057288,19799.645,82.26889,85.96629,22325.48
2013-08-31,3500,-5568.13564103565,22325.48,85.96629,90.37036,25078.434
2013-09-30,3590.29225576879,-5272.91556230513,25078.434,90.37036,92.07274,25813.924
2013-10-31,4687.35563699946,-1423.40049090367,25813.924,92.07274,91.357704,23675.697
2013-11-30,4525.22833574706,-3458.76846566154,23675.697,91.357704,92.74351,24473.166
2013-12-31,6505.73236260724,-2556.05936054136,24473.166,92.74351,90.50941,22981.838
2014-01-31,6221.25606259634,-767.211758628707,22981.838,90.50941,89.40371,22323.027
2014-02-28,13579.8116364745,-4625,22323.027,89.40371,81.91769,14759.081
2014-03-31,15174.0254666895,-4325,14759.081,81.91769,72.57638,11547.533
2014-04-30,8996.28878440143,-1599.33472233378,11547.533,72.57638,77.28095,16409.16
2014-05-31,4162.63440861291,-1818.48832809413,16409.16,77.28095,86.156044,21744.16
2014-06-30,3000,-1566.57011208607,21744.16,86.156044,90.31914,24569.412
2014-07-31,3000,-1652.82626575532,24569.412,90.31914,93.09705,25435.291
2014-08-31,3000,-1406.17268165314,25435.291,93.09705,93.420685,25791.438
2014-09-30,3646.29366258109,-3081.15415740508,25791.438,93.420685,93.02485,25978.312
2014-10-31,3000,-2181.85659982325,25978.312,93.02485,93.9939,26792.719
2014-11-30,5733.90775453841,-1170.93071788218,26792.719,93.9939,92.773186,24669.572
2014-12-31,34572.8374092145,-5290.32258064516,24669.572,92.773186,65.71017,5187.2007
2015-01-31,6000,-3806.70259431565,5187.2007,65.71017,75.643845,19237.139
2015-02-28,16923.8868965761,-4223.21428571429,19237.139,75.643845,75.0913,11149.126
2015-03-31,11400,-1412.42254129136,11149.126,75.0913,74.21416,14378.601
2015-04-30,7084.58014569429,-1312.00295384718,14378.601,74.21416,80.92651,19135.012
2015-05-31,7100,-860.636280789301,19135.012,80.92651,84.43528,18216.582
2015-06-30,7100,-1546.82829948195,18216.582,84.43528,84.210594,20511.23
2015-07-31,4000,-2298.43853821321,20511.23,84.210594,87.851265,24036.004
2015-08-31,3000,-2308.21346950167,24036.004,87.851265,91.51985,26176.13
2015-09-30,3000,-4344.521535746,26176.13,91.51985,93.08089,25864.344
2015-10-31,3000,-1947.5944493839,25864.344,93.08089,94.41227,27068.35
2015-11-30,8056.25490331642,-370.10585638812,27068.35,94.41227,90.42753,24195.654
2015-12-31,7485.12985915091,-5010.9795470754,24195.654,90.42753,87.145424,25655.457
2016-01-31,35448.0975707575,-161.487843157452,25655.457,87.145424,64.03954,4256.368
2016-02-29,18870.69,-3813.85557079222,4256.368,64.03954,64.972855,8646.025
2016-03-31,59588.3695653572,-3905,8646.025,64.972855,55.93102,2883.3687
2016-04-30,18820.8728545725,-2661.89234966241,2883.3687,55.93102,64.401924,8898.642
2016-05-31,9498.30473527749,-2742.85711727157,8898.642,64.401924,75.91784,15931.041
2016-06-30,7265.07988938716,-4475,15931.041,75.91784,81.867676,19722.473
2016-07-31,9072.90398049207,-9980.24067662125,19722.473,81.867676,82.37047,19090.129
2016-08-31,4000,-9204.31486269681,19090.129,82.37047,86.762405,23712.49
2016-09-30,3000,-5582.9248859561,23712.49,86.762405,90.9274,25781.123
2016-10-31,4057.8673006747,-5839.10990399669,25781.123,90.9274,92.45252,23429.246
2016-11-30,7891.77932064297,-8024.22225993747,23429.246,92.45252,89.17586,21620.5
2016-12-31,42120.1983235731,-5290.32258064516,21620.5,89.17586,61.859863,5008.867
2017-01-31,141617.741736542,-5000,5008.867,61.859863,52.02957,2168.7625
2017-02-28,273351.978033587,7575.4282629752,2168.7625,52.02957,49.40849,1136.8242
2017-03-31,99122.3108417463,14.2016454441625,1136.8242,49.40849,52.90678,2305.6785
2017-04-30,78834.8617546177,-650.18578938985,2305.6785,52.90678,53.555496,2473.0469
2017-05-31,41720.4654232309,-3446.73580167213,2473.0469,53.555496,57.345158,4619.822
2017-06-30,27813.5715563107,-1710.04242910798,4619.822,57.345158,61.3303,6458.743
2017-07-31,9034.00170848268,-8679.15896020337,6458.743,61.3303,73.47335,16308.411
2017-08-31,6126.81832760909,-9533.87661767547,16308.411,73.47335,82.34553,20364.693
2017-09-30,10312.5,-9852.34378232233,20364.693,82.34553,79.90345,17525.355
2017-10-31,8125,-6757.31646837511,17525.355,79.90345,80.05079,18170.23
2017-11-30,14363.804281627,-8955.12953511181,18170.23,80.05079,76.11284,12889.843
2017-12-31,7825.23711964127,-8371.64696759051,12889.843,76.11284,79.16705,22265.004
2018-01-31,18455.0708054153,-3645.16129032258,22265.004,79.16705,73.44402,11379.0205
2018-02-28,10312.5,-3851.7675246326,11379.0205,73.44402,73.945755,15631.482
2018-03-31,45615.7711016912,-3500,15631.482,73.945755,59.3844,3389.557
2018-04-30,32650.7921215191,-3481.17922894215,3389.557,59.3844,59.723953,4974.0513
2018-05-31,13760.081,-3803.68523549042,4974.0513,59.723953,69.15813,12426.724
2018-06-30,6330.05458771336,-4475,12426.724,69.15813,80.302666,20815.312
2018-07-31,10477.9204996733,-10636.1885701144,20815.312,80.302666,81.29767,18054.557
2018-08-31,4000,-10910.5083671805,18054.557,81.29767,85.463806,22631.5
2018-09-30,3000,-6466.89891843568,22631.5,85.463806,89.74325,25435.895
2018-10-31,4752.30569186378,-4645.86978660962,25435.895,89.74325,90.433754,25568.107
2018-11-30,5457.17908169953,-5977.91628969689,25568.107,90.433754,90.733475,23158.791
2018-12-31,8800.02735497883,-7122.70557073946,23158.791,90.733475,86.645424,18551.174
2019-01-31,37226.4954591987,-3521.77419354839,18551.174,86.645424,62.784622,4603.887
2019-02-28,98841.5366133221,-4175,4603.887,62.784622,53.302753,2352.3813
2019-03-31,119218.183960541,-4025,2352.3813,53.302753,52.709496,2249.363
2019-04-30,62412.7995139707,-4112.27196156678,2249.363,52.709496,54.553738,2995.5042
2019-05-31,37321.2179989378,-4505,2995.5042,54.553738,58.280384,3963.7761
2019-06-30,23974.8245393409,-5000,3963.7761,58.280384,62.96995,7593.598
2019-07-31,9156.88072880408,-9422.92214451287,7593.598,62.96995,74.19873,16515.266
2019-08-31,5602.15040861286,-9803.04865898123,16515.266,74.19873,83.0567,21565.424
2019-09-30,10793.0555555667,-9884.95197969932,21565.424,83.0567,79.81029,17123.97
2019-10-31,8125,-6084.10785119787,17123.97,79.81029,79.956116,18891.473
2019-11-30,6506.32634524626,-9051.28695044128,18891.473,79.956116,83.81587,23061.316
2019-12-31,19549.4120441154,-5290.32258064516,23061.316,83.81587,73.836365,11875.54
2020-01-31,10680.4576914861,-5000,11875.54,73.836365,73.984764,17155.963
2020-02-29,11144.827,-4227.11531374172,17155.963,73.984764,78.91004,16122.166
2020-03-31,10231.0609532511,-3435.31411260104,16122.166,78.91004,77.91413,16399.623
2020-04-30,9449.49020524862,-2288.56277853385,16399.623,77.91413,79.385284,16601.465
2020-05-31,10208.3897299688,-2664.47269808113,16601.465,79.385284,79.52007,17019.707
2020-06-30,7112.57488594944,-4400,17019.707,79.52007,82.08381,19632.87
2020-07-31,5000,-10148.9978834375,19632.87,82.08381,86.92838,22272.295
2020-08-31,3500,-6755.72846972617,22272.295,86.92838,91.2256,24773.06
2020-09-30,3399.81113649925,-4816.36039171018,24773.06,91.2256,92.50396,25436.984
2020-10-31,4211.0015755275,-4237.60945192711,25436.984,92.50396,92.49427,25443.16
2020-11-30,5576.67094158396,-2850.21056512647,25443.16,92.49427,91.63885,24920.35
2020-12-31,4752.19482309386,-2172.98893029631,24920.35,91.63885,91.718124,24038.098
2021-01-31,10301.1175879015,-2039.46285508211,24038.098,91.718124,86.42152,19241.697
2021-02-28,10149.6915354134,-4625,19241.697,86.42152,82.65497,17972.674
2021-03-31,7285.79451613225,-2835.59723252547,17972.674,82.65497,82.90183,20399.193
2021-04-30,4994.89307043407,-684.896115175292,20399.193,82.90183,87.26841,22424.572
2021-05-31,4284.94478181803,-1766.38130471537,22424.572,87.26841,91.485146,24772.361
2021-06-30,5277.9329396752,-1870.48581096148,24772.361,91.485146,91.285,25072.85
2021-07-31,3000,-2013.96202956499,25072.85,91.285,92.894585,25658.625
2021-08-31,3000,-2198.11860775083,25658.625,92.894585,93.811844,26666.5
2021-09-30,3667.19781074197,-1857.43036754952,26666.5,93.811844,NA,NA
