"Date","OUTFLOW","OMR","MTZ_EC_prev","X2_prev","X2_current","MTZ_EC_current"
1921-11-30,4500,-6677.63727646991,21380.176,84.24794,89.25388,22991.162
1921-12-31,12704.7521415887,-5661.61330657735,22991.162,89.25388,82.33779,13665.913
1922-01-31,13580.1188557698,-4745,13665.913,82.33779,75.05654,13993.803
1922-02-28,41942.4230538141,-3625.89285714286,13993.803,75.05654,59.61506,4602.8716
1922-03-31,32301.2321905564,-3500,4602.8716,59.61506,59.81979,5153.8823
1922-04-30,21194.1435590452,-3995,5153.8823,59.81979,64.28802,8398.927
1922-05-31,46851.2634408499,-4190,8398.927,64.28802,57.793938,3905.8098
1922-06-30,28861.0166223712,-4925,3905.8098,57.793938,60.954453,6376.3047
1922-07-31,10200,-8830.56643734014,6376.3047,60.954453,73.976746,16446.791
1922-08-31,10200,-10336.5590302227,16446.791,73.976746,78.90523,16721.012
1922-09-30,3000,-9695.68064262608,16721.012,78.90523,85.23314,23915.807
1922-10-31,4000,-7114.24655697626,23915.807,85.23314,90.903145,24335.182
1922-11-30,7251.38207956184,-7770.50563739508,24335.182,90.903145,89.29566,20864.365
1922-12-31,28861.4572125433,-5290.32258064516,20864.365,89.29566,66.903305,6938.986
1923-01-31,28240.4724072271,-4343.38709677419,6938.986,66.903305,61.893997,6858.907
1923-02-28,18246.0758579963,-4142.85714285714,6858.907,61.893997,65.75264,10519.303
1923-03-31,12893.5292080981,-3500,10519.303,65.75264,71.597015,12842.6455
1923-04-30,21521.6089176877,-3188.39106585063,12842.6455,71.597015,67.251495,8139.4404
1923-05-31,13800.7187809671,-3875,8139.4404,67.251495,70.78951,12418.329
1923-06-30,7596.25,-4475,12418.329,70.78951,79.32708,18945.553
1923-07-31,6559.01014573941,-9458.47702949799,18945.553,79.32708,83.756424,20996.316
1923-08-31,4000,-9519.7164130507,20996.316,83.756424,87.03782,23193.932
1923-09-30,5156.27140108642,-9211.2939889876,23193.932,87.03782,88.091156,23368.373
1923-10-31,4000,-7661.35374687685,23368.373,88.091156,89.566864,24315.283
1923-11-30,5545.97497931785,-5394.89551352303,24315.283,89.566864,91.12412,23713.691
1923-12-31,6229.21898309921,-3516.10362727695,23713.691,91.12412,90.06717,22874.402
1924-01-31,10895.4677459679,-2869.65127319614,22874.402,90.06717,84.97072,18140.48
1924-02-29,11885.2651678453,-4625,18140.48,84.97072,79.525246,15637.415
1924-03-31,7294.78267034914,-1172.02405085986,15637.415,79.525246,81.00622,19476.674
1924-04-30,4789.01171760862,-576.474694598165,19476.674,81.00622,86.84781,21945.934
1924-05-31,4017.48538893443,-1654.12823260631,21945.934,86.84781,91.50296,22759.906
1924-06-30,4113.82083281262,-1620.33312442271,22759.906,91.50296,90.902954,24722.76
1924-07-31,3000,-1956.56892246133,24722.76,90.902954,93.56442,26453.191
1924-08-31,3000,-1755.52136619205,26453.191,93.56442,93.97464,26795.67
1924-09-30,3668.05555556667,-2176.60393770414,26795.67,93.97464,92.666954,24773.588
1924-10-31,3496.44301075885,-4805.25170426968,24773.588,92.666954,93.35139,27151.94
1924-11-30,5985.1444627671,-2624.93514205108,27151.94,93.35139,92.13386,26047.463
1924-12-31,8668.48088404233,-3549.30624293524,26047.463,92.13386,87.68726,21647.47
1925-01-31,8952.43969138125,-4625,21647.47,87.68726,84.39707,18618.613
1925-02-28,72441.446792137,-4035.71428571429,18618.613,84.39707,56.878292,2595.7515
1925-03-31,17815.3142774605,-3905,2595.7515,56.878292,64.360985,9209.193
1925-04-30,23252.2268272395,-2712.05748166692,9209.193,64.360985,64.75198,7204.0728
1925-05-31,15732.2499663531,-3044.24532356702,7204.0728,64.75198,68.50937,11493.501
1925-06-30,7625,-4381.24472150118,11493.501,68.50937,78.43049,17694.229
1925-07-31,5000,-6283.31674226569,17694.229,78.43049,84.799736,22375.63
1925-08-31,3500,-4570.47350819227,22375.63,84.799736,88.25459,25521.924
1925-09-30,3728.65448734461,-7351.93685251914,25521.924,88.25459,91.25577,25184.328
1925-10-31,4000,-4536.3622664495,25184.328,91.25577,92.04962,25297.168
1925-11-30,5775.17599209673,-4690.98236030465,25297.168,92.04962,91.46106,23895.553
1925-12-31,6162.54814172602,-3056.14079030572,23895.553,91.46106,90.57517,22017.496
1926-01-31,14355.3708013936,-4055,22017.496,90.57517,81.01317,14837.764
1926-02-28,39583.9294867291,-3808.03571428571,14837.764,81.01317,60.774845,4362.4575
1926-03-31,16145.161,-1548.32953728629,4362.4575,60.774845,66.25584,10209.219
1926-04-30,20172.084466518,-2340.83373209548,10209.219,66.25584,66.85934,8318.913
1926-05-31,9701.613,-2951.24396110593,8318.913,66.85934,75.15041,16295.766
1926-06-30,7100,-4400,16295.766,75.15041,82.25252,20179.889
1926-07-31,5000,-7922.5795085602,20179.889,82.25252,85.45428,22651.936
1926-08-31,3500,-4666.33358379317,22651.936,85.45428,89.331924,25019.922
1926-09-30,3000,-4904.19986332411,25019.922,89.331924,92.48265,26315.377
1926-10-31,4000,-4290.44971247935,26315.377,92.48265,92.79845,25717.596
1926-11-30,12221.2510487486,-8711.6874993393,25717.596,92.79845,84.327354,16194.594
1926-12-31,5100.34360166046,-5290.32258064516,16194.594,84.327354,84.53076,20109.646
1927-01-31,30400.1396291564,-3875.96774193548,20109.646,84.53076,66.41167,6616.0825
1927-02-28,134774.166617044,-4175,6616.0825,66.41167,52.473614,2156.3342
1927-03-31,57316.4394487001,-3650,2156.3342,52.473614,55.042046,2917.7542
1927-04-30,48000.7050228196,-4023.54714009664,2917.7542,55.042046,56.32107,3310.7195
1927-05-31,25534.4588204514,-4027.18549425358,3310.7195,56.32107,62.217716,6830.039
1927-06-30,13863.9149508625,-4505,6830.039,62.217716,69.545944,13432.077
1927-07-31,10392.6344086129,-11478.0156631694,13432.077,69.545944,76.309006,17054.01
1927-08-31,10200,-11003.8931948196,17054.01,76.309006,77.860634,16912.467
1927-09-30,3064.06468019116,-10944.6968535274,16912.467,77.860634,84.09315,23350.06
1927-10-31,4089.36595187054,-7312.84188677506,23350.06,84.09315,88.50462,24937.049
1927-11-30,5652.08070238897,-8844.97501445623,24937.049,88.50462,89.84128,22079.357
1927-12-31,7180.91855626109,-7170.49982576609,22079.357,89.84128,87.79338,20555.719
1928-01-31,17169.1226380506,-3645.16129032258,20555.719,87.79338,75.240944,11502.682
1928-02-29,25379.8941587357,-4040.51724137931,11502.682,75.240944,64.27939,6767.22
1928-03-31,103810.243119001,-3500,6767.22,64.27939,53.476467,2320.6843
1928-04-30,23291.9147346916,-3301.928729903,2320.6843,53.476467,62.173733,7749.3755
1928-05-31,10298.7102553131,-3199.43586463008,7749.3755,62.173733,73.60753,14675.919
1928-06-30,10200,-4490,14675.919,73.60753,78.60725,16501.379
1928-07-31,10200,-10782.1060283726,16501.379,78.60725,79.0651,17604.441
1928-08-31,10200,-10343.622510489,17604.441,79.0651,78.92809,17848.28
1928-09-30,3000,-7474.52756271481,17848.28,78.92809,85.04878,24113.902
1928-10-31,4000,-6651.39825024894,24113.902,85.04878,90.5231,24575.127
1928-11-30,6523.86286179638,-6025.44963044361,24575.127,90.5231,90.06633,23809.844
1928-12-31,7574.07174177005,-4090.24873464955,23809.844,90.06633,88.06884,20979.281
1929-01-31,8044.70733436957,-4745,20979.281,88.06884,85.94821,20492.498
1929-02-28,13804.4856264307,-4250,20492.498,85.94821,79.989845,13607.69
1929-03-31,8321.59961499719,-3600.36521010441,13607.69,79.989845,78.92622,17223.521
1929-04-30,7195.44461909029,-526.403645442771,17223.521,78.92622,82.47634,19025.174
1929-05-31,4087.38863048161,-2187.17101712756,19025.174,82.47634,87.69076,22205.814
1929-06-30,4000,-1542.99094724035,22205.814,87.69076,90.266045,25055.84
1929-07-31,4000,-3640.58328510164,25055.84,90.266045,92.1091,25226.447
1929-08-31,3000,-2838.34381423126,25226.447,92.1091,92.8506,26280.582
1929-09-30,3000,-3514.47914180717,26280.582,92.8506,93.21236,26741.045
1929-10-31,3000,-1992.81826490675,26741.045,93.21236,94.20042,26610.469
1929-11-30,4630.83711629116,-793.95801958468,26610.469,94.20042,93.852264,25035.871
1929-12-31,9245.00598242864,-5290.32258064516,25035.871,93.852264,88.631996,19529.297
1930-01-31,18194.010862177,-4262.09677419355,19529.297,88.631996,74.10261,12285.114
1930-02-28,14712.1910735967,-3982.14285714286,12285.114,74.10261,70.18116,12713.33
1930-03-31,27327.4515349317,-3905,12713.33,70.18116,63.614487,6030.7983
1930-04-30,11949.7107657687,-1955.71377743379,6030.7983,63.614487,70.64292,13372.983
1930-05-31,7914.67505619064,-2795.86284522813,13372.983,70.64292,80.170845,18497.9
1930-06-30,7110.33156436977,-4400,18497.9,80.170845,83.448746,20732.22
1930-07-31,5000,-4171.81406449584,20732.22,83.448746,85.959656,22755.322
1930-08-31,3500,-3220.74115742985,22755.322,85.959656,90.219826,25058.389
1930-09-30,3000,-5080.70810554951,25058.389,90.219826,92.504845,26004.922
1930-10-31,4000,-2321.65083781135,26004.922,92.504845,92.76132,26016.873
1930-11-30,5868.26758341185,-1828.91590290072,26016.873,92.76132,91.3148,23677.123
1930-12-31,4782.69328619428,-1293.20557655134,23677.123,91.3148,91.76065,22572.498
1931-01-31,13246.4779935893,-256.06483994594,22572.498,91.76065,83.525764,16664.66
1931-02-28,7959.29244435763,-4616.00711221877,16664.66,83.525764,80.9221,19319.55
1931-03-31,7118.22531444184,-1344.23398007801,19319.55,80.9221,83.32128,21464.48
1931-04-30,4000,-805.566835599205,21464.48,83.32128,88.16474,22922.178
1931-05-31,4734.65161083527,-1727.28821963047,22922.178,88.16474,90.696365,23452.732
1931-06-30,4111.7524110586,-1958.1374356579,23452.732,90.696365,92.52958,26496.217
1931-07-31,3000,-2131.93270996243,26496.217,92.52958,93.8462,26416.986
1931-08-31,3000,-2449.51383501491,26416.986,93.8462,93.95396,26614.428
1931-09-30,3629.20610929103,-1955.69507758561,26614.428,93.95396,92.768776,25422.387
1931-10-31,3000,-1759.33863991113,25422.387,92.768776,94.050514,26681.799
1931-11-30,5408.49224523837,-1388.38172715109,26681.799,94.050514,92.9879,25636.139
1931-12-31,12456.1114772366,-5290.32258064516,25636.139,92.9879,83.92536,15464.239
1932-01-31,15378.9669028009,-4625,15464.239,83.92536,74.01445,13381.503
1932-02-29,21124.8548712871,-3991.37931034483,13381.503,74.01445,66.7945,9960.993
1932-03-31,7770.91038450329,-3384.24755699359,9960.993,66.7945,75.9197,17368.564
1932-04-30,9645.96722409949,-719.699660341614,17368.564,75.9197,80.36849,16462.506
1932-05-31,12319.3951307828,-3967.61029555037,16462.506,80.36849,77.169525,13203.932
1932-06-30,6177.85250400208,-2949.81323879654,13203.932,77.169525,81.47452,18829
1932-07-31,3019.28534796894,-2345.63034201978,18829,81.47452,88.10396,24143.14
1932-08-31,3140.70386253297,-2397.82671134965,24143.14,88.10396,91.61254,25942.877
1932-09-30,3500,-3433.56879489828,25942.877,91.61254,92.55663,25769.072
1932-10-31,3000,-4793.46391860314,25769.072,92.55663,94.11575,26835.143
1932-11-30,4098.95076306102,-2431.73285559107,26835.143,94.11575,94.601555,26870.348
1932-12-31,7034.27911150821,-2405.25749023657,26870.348,94.601555,91.553085,23051.607
1933-01-31,8698.21334865782,-4625,23051.607,91.553085,87.07209,18465.748
1933-02-28,8616.44891929481,-4625,18465.748,87.07209,84.8196,18222.354
1933-03-31,7480.56609115168,-1665.47174477559,18222.354,84.8196,83.600555,19410.826
1933-04-30,6000.20743920629,-680.549864814864,19410.826,83.600555,86.09352,21438.598
1933-05-31,5739.14075296148,-2196.68601298356,21438.598,86.09352,88.7241,22239.271
1933-06-30,3000,-1580.68059373234,22239.271,88.7241,91.84818,25879.78
1933-07-31,3234.01190319973,-1950.54691655736,25879.78,91.84818,94.120865,25781.406
1933-08-31,3000,-2026.69979637053,25781.406,94.120865,93.72709,26632.652
1933-09-30,3641.11036603032,-2380.7341626829,26632.652,93.72709,92.611946,26069.334
1933-10-31,3000,-2425.02298024345,26069.334,92.611946,93.88072,26544.656
1933-11-30,5302.35429451346,-1655.97877807925,26544.656,93.88072,93.19781,24898.521
1933-12-31,8644.54007007591,-4605.07222890432,24898.521,93.19781,88.63725,20441.37
1934-01-31,12457.0310052182,-4625,20441.37,88.63725,81.00444,16875.365
1934-02-28,13479.7135327515,-3808.03571428571,16875.365,81.00444,74.41604,14034.667
1934-03-31,7328.70696869075,-3730.764595448,14034.667,74.41604,79.02962,18162.738
1934-04-30,5160.9621378494,-761.312712945705,18162.738,79.02962,84.804436,20574.957
1934-05-31,4000,-1646.88210244621,20574.957,84.804436,90.560486,23560.385
1934-06-30,3000,-1769.01119780022,23560.385,90.560486,93.46494,26061.879
1934-07-31,3000,-2118.34052830851,26061.879,93.46494,94.22719,26112.34
1934-08-31,3000,-2040.30954435413,26112.34,94.22719,93.930466,26556.588
1934-09-30,3668.05555556666,-2212.28809168886,26556.588,93.930466,92.7205,26612.7
1934-10-31,3000,-2277.12844336082,26612.7,92.7205,93.8455,26996.365
1934-11-30,5905.18491978123,-4486.24803223232,26996.365,93.8455,92.315155,23045.979
1934-12-31,4875.09905047335,-3624.72951573483,23045.979,92.315155,91.977554,23234.715
1935-01-31,27848.555475766,-3439.51612903226,23234.715,91.977554,70.13081,6660.2275
1935-02-28,14248.8771271794,-3982.14285714286,6660.2275,70.13081,68.19139,11972.104
1935-03-31,25252.8013268918,-3905,11972.104,68.19139,64.65909,7092.941
1935-04-30,38536.2812964537,-3529.14757372257,7092.941,64.65909,59.248585,4012.8433
1935-05-31,19580.645,-3233.88682724411,4012.8433,59.248585,65.00748,9076.851
1935-06-30,9687.917,-4475,9076.851,65.00748,74.823296,17011.176
1935-07-31,6500,-8195.33311036904,17011.176,74.823296,82.49049,20497.719
1935-08-31,4000,-7735.79630125669,20497.719,82.49049,86.334076,23433.807
1935-09-30,3000,-5886.09580247619,23433.807,86.334076,90.584274,25420.154
1935-10-31,5785.42097035431,-2788.07477006331,25420.154,90.584274,90.494675,23688.08
1935-11-30,5433.51157947464,-8303.71932520658,23688.08,90.494675,90.391846,24320.752
1935-12-31,6915.53280070682,-3176.00231346957,24320.752,90.391846,89.11005,22421.566
1936-01-31,38132.3148877244,-3521.77419354839,22421.566,89.11005,63.946617,4551.0757
1936-02-29,82488.5766875391,-4550,4551.0757,63.946617,53.993084,2495.5034
1936-03-31,33150.8377510741,-3575,2495.5034,53.993084,59.213978,5332.925
1936-04-30,21928.3656731085,-3875,5332.925,59.213978,64.00768,8789.951
1936-05-31,15636.7270736215,-3865.45253999425,8789.951,64.00768,68.798874,11122.396
1936-06-30,9326.27224944109,-4475,11122.396,68.798874,76.640656,17229.787
1936-07-31,6500,-10477.2204553203,17229.787,76.640656,82.519844,21075.025
1936-08-31,5273.58052365081,-10041.523903171,21075.025,82.519844,85.29415,23121.39
1936-09-30,5321.98779970895,-10074.6144320043,23121.39,85.29415,86.47482,23196.967
1936-10-31,4000,-6194.05412778306,23196.967,86.47482,89.34911,23908.809
1936-11-30,4500,-5104.67140758985,23908.809,89.34911,92.36205,24543.568
1936-12-31,6946.62115900497,-4241.72265852842,24543.568,92.36205,90.51591,22585.906
1937-01-31,10255.8924250158,-4775,22585.906,90.51591,85.5973,17115.35
1937-02-28,42706.8791578751,-3962.85714285714,17115.35,85.5973,61.12567,4202.837
1937-03-31,46817.4830699466,-4355,4202.837,61.12567,56.6955,3735.554
1937-04-30,19212.8841602835,-3875,3735.554,56.6955,64.620804,9506.4795
1937-05-31,13756.9346732817,-3875,9506.4795,64.620804,71.27254,13711.833
1937-06-30,10660,-4475,13711.833,71.27254,76.39839,16387.521
1937-07-31,6500,-10337.4532896507,16387.521,76.39839,82.12108,19788.518
1937-08-31,4000,-8648.40228001242,19788.518,82.12108,86.59513,23972.082
1937-09-30,3679.9591931095,-6767.29564515339,23972.082,86.59513,89.89039,25554.969
1937-10-31,4000,-6832.71694554681,25554.969,89.89039,91.85432,24298.691
1937-11-30,12267.2807100759,-9357.78083972393,24298.691,91.85432,84.54398,16334.125
1937-12-31,43678.8903685938,-5290.32258064516,16334.125,84.54398,60.44838,4115.588
1938-01-31,26578.6752795941,-4363.70967741936,4115.588,60.44838,61.857994,7592.0913
1938-02-28,144671.450130122,256.162971456199,7592.0913,61.857994,52.300896,1968.4059
1938-03-31,182120.151098651,4287.05402855568,1968.4059,52.300896,51.801907,1856.9994
1938-04-30,78058.0225698577,-1268.24072793722,1856.9994,51.801907,53.55715,2471.8403
1938-05-31,75650.94005059,-229.423255103348,2471.8403,53.55715,53.65417,2620.577
1938-06-30,46404.7837286467,-2509.5773774131,2620.577,53.65417,56.43382,3830.0305
1938-07-31,11404.7344086129,-8934.24758590404,3830.0305,56.43382,69.58112,15486.548
1938-08-31,10200,-10559.7134024511,15486.548,69.58112,77.10302,16996.5
1938-09-30,5926.85736120241,-10245.3271415587,16996.5,77.10302,81.71746,20883.285
1938-10-31,4803.96946060019,-9129.7200529363,20883.285,81.71746,86.089005,22880.553
1938-11-30,4900.07508418762,-9398.66552989174,22880.553,86.089005,90.1096,23332.783
1938-12-31,8493.41062997682,-3033.23867034161,23332.783,90.1096,87.61994,19403.9
1939-01-31,6000,-5000,19403.9,87.61994,86.869545,22665.723
1939-02-28,10694.4954482308,-4250,22665.723,86.869545,82.86155,17537.2
1939-03-31,9228.57323915519,-2862.97960341099,17537.2,82.86155,81.16567,18072.094
1939-04-30,11783.5724110246,-2447.78921899879,18072.094,81.16567,78.176346,15390.6875
1939-05-31,9780.98880148604,-2611.17398366278,15390.6875,78.176346,78.98935,16551.879
1939-06-30,5313.67175412,-4390.13275070617,16551.879,78.98935,83.94577,22185.287
1939-07-31,5000,-7257.90117459779,22185.287,83.94577,87.68031,23197.783
1939-08-31,3500,-6568.55114057682,23197.783,87.68031,90.64361,24332.725
1939-09-30,3000,-4284.41205735163,24332.725,90.64361,92.7665,26119.111
1939-10-31,4055.26070642484,-3912.79288843906,26119.111,92.7665,93.00965,25793.016
1939-11-30,4907.88340234032,-1685.51766854555,25793.016,93.00965,92.74939,25861.436
1939-12-31,5045.52409217942,-2060.37917704254,25861.436,92.74939,92.41184,25192.01
1940-01-31,37244.7372456373,-3126.93548387097,25192.01,92.41184,65.16444,4479.364
1940-02-29,65733.1349305545,-4187.93103448276,4479.364,65.16444,54.865047,2665.2747
1940-03-31,110227.915742672,-4025,2665.2747,54.865047,52.93161,2341.4363
1940-04-30,44335.3296993941,-4038.9297265804,2341.4363,52.93161,56.79973,3803.03
1940-05-31,16629.033,-4285.83141835664,3803.03,56.79973,66.096436,9666.203
1940-06-30,10200,-4505,9666.203,66.096436,75.10319,15506.925
1940-07-31,10200,-11308.4236060879,15506.925,75.10319,78.35369,16807.84
1940-08-31,10200,-10677.5382406086,16807.84,78.35369,78.06756,17369.42
1940-09-30,3000,-9723.10944129007,17369.42,78.06756,84.40249,23751.934
1940-10-31,4000,-5541.54442171759,23751.934,84.40249,89.11079,23895.043
1940-11-30,4624.57687060062,-6532.37323907709,23895.043,89.11079,91.60011,23412.203
1940-12-31,36343.6943337228,-5290.32258064516,23412.203,91.60011,65.54594,5085.175
1941-01-31,101312.497218817,-4516.12903225806,5085.175,65.54594,53.366055,2407.2825
1941-02-28,120959.935188465,-3332.46984494933,2407.2825,53.366055,52.608288,2152.5662
1941-03-31,105339.230495256,-2561.04943942947,2152.5662,52.608288,52.922935,2273.4558
1941-04-30,83727.8437024221,-3886.13247521152,2273.4558,52.922935,53.36644,2412.614
1941-05-31,44291.7288489488,-4850.67957773233,2412.614,53.36644,56.765892,3949.6638
1941-06-30,24869.8734067201,-4505,3949.6638,56.765892,62.293015,7427.7886
1941-07-31,11375.2354958292,-9873.90737184966,7427.7886,62.293015,71.70387,15333.241
1941-08-31,10200,-10742.3280913424,15333.241,71.70387,77.35876,16115.915
1941-09-30,5002.33293136958,-10778.2201923741,16115.915,77.35876,82.62355,21705.729
1941-10-31,4979.7715244526,-9055.15179703174,21705.729,82.62355,86.50792,22181.219
1941-11-30,5146.63804574048,-9383.51767659858,22181.219,86.50792,88.100586,21607.432
1941-12-31,40729.4777383351,-5290.32258064516,21607.432,88.100586,62.59969,3976.4253
1942-01-31,87844.6222457552,-4516.12903225806,3976.4253,62.59969,53.506954,2485.6814
1942-02-28,139373.426723236,-4464.28571428571,2485.6814,53.506954,52.27143,2132.1755
1942-03-31,29806.195987329,-3650,2132.1755,52.27143,59.87147,5606.755
1942-04-30,55550.1815178789,-4130,5606.755,59.87147,55.999355,3066.0134
1942-05-31,45024.57099686,-4484.37174119226,3066.0134,55.999355,56.997875,4193.7427
1942-06-30,30636.2391327666,-4505,4193.7427,56.997875,60.420525,6228.4155
1942-07-31,10391.6008303572,-10266.9536283254,6228.4155,60.420525,71.83509,16870.336
1942-08-31,10200,-10766.2325361442,16870.336,71.83509,77.79132,16206.226
1942-09-30,5062.15538036169,-10520.7669460676,16206.226,77.79132,82.425674,21068.379
1942-10-31,4197.56899234154,-9150.15455637271,21068.379,82.425674,87.10215,23138.656
1942-11-30,7754.86040917299,-8585.22190844532,23138.656,87.10215,87.51771,22196.354
1942-12-31,17718.9546069665,-5290.32258064516,22196.354,87.51771,74.226006,11086.866
1943-01-31,83361.3019769514,-4516.12903225806,11086.866,74.226006,54.383034,2469.5156
1943-02-28,59272.6177370965,-4464.28571428571,2469.5156,54.383034,54.79244,2988.446
1943-03-31,93491.1835064365,-18.3654615706415,2988.446,54.79244,53.30483,2315.7358
1943-04-30,32016.74583987,-4745,2315.7358,53.30483,59.389416,5651.063
1943-05-31,15879.5838649678,-4269.01330710548,5651.063,59.389416,67.46603,10590.8125
1943-06-30,10200,-4104.50092522705,10590.8125,67.46603,75.61622,15659.022
1943-07-31,10200,-10178.9175259227,15659.022,75.61622,78.54001,17454.525
1943-08-31,10200,-10048.5124912176,17454.525,78.54001,78.12169,17290.307
1943-09-30,3381.15690523557,-11126.73445365,17290.307,78.12169,83.88969,23619.537
1943-10-31,4074.72665363705,-9464.63024928508,23619.537,83.88969,88.24512,23608.938
1943-11-30,4815.71830898989,-6759.22886752887,23608.938,88.24512,90.815865,23403.01
1943-12-31,7888.70702001956,-3147.20938004373,23403.01,90.815865,89.044334,22176.002
1944-01-31,8882.11925386237,-5000,22176.002,89.044334,85.91206,20013.52
1944-02-29,26142.003199166,-3456.89655172414,20013.52,85.91206,67.81367,7209.3843
1944-03-31,17310.6113405886,-3905,7209.3843,67.81367,66.635185,10334.513
1944-04-30,8705.8996312037,-1982.7055117347,10334.513,66.635185,76.51344,17370.857
1944-05-31,10433.742075592,-2820.06423556784,17370.857,76.51344,79.60118,15862.752
1944-06-30,7386.6665,-4400,15862.752,79.60118,81.56116,19077.334
1944-07-31,5000,-7702.06594106703,19077.334,81.56116,85.89497,22622.145
1944-08-31,3500,-5580.93866674077,22622.145,85.89497,90.29094,25197.996
1944-09-30,3205.44298193245,-4262.71836755689,25197.996,90.29094,92.4865,26364.078
1944-10-31,4000,-4688.26732221399,26364.078,92.4865,92.928116,25283.686
1944-11-30,8066.06888360022,-6322.59931657684,25283.686,92.928116,89.061104,21981.295
1944-12-31,11740.5089062663,-5290.32258064516,21981.295,89.061104,81.264656,17334.787
1945-01-31,8075.28231305336,-4055,17334.787,81.264656,80.99728,19699.365
1945-02-28,61702.3847334462,-3982.14285714286,19699.365,80.99728,57.58358,2879.7053
1945-03-31,25535.5406742293,-3500,2879.7053,57.58358,61.38149,6753.4033
1945-04-30,12496.5636274425,-3532.9058579839,6753.4033,61.38149,70.674095,13034.127
1945-05-31,10822.1995269543,-3875,13034.127,70.674095,76.84063,15389.532
1945-06-30,8193.333,-4475,15389.532,76.84063,80.613014,19554.938
1945-07-31,6500,-10319.1403412091,19554.938,80.613014,83.69474,20235.129
1945-08-31,4000,-8784.70118565332,20235.129,83.69474,87.885284,23380.652
1945-09-30,3284.05340331073,-6970.94399041998,23380.652,87.885284,90.43221,25488.566
1945-10-31,4982.11346090184,-7104.00024772741,25488.566,90.43221,90.86354,24773.682
1945-11-30,6482.79453145264,-6978.30420379597,24773.682,90.86354,89.77647,22056.299
1945-12-31,64561.2588956507,-5290.32258064516,22056.299,89.77647,58.01724,2784.0872
1946-01-31,49452.525772073,-4363.70967741936,2784.0872,58.01724,56.14962,3513.4875
1946-02-28,17938.7347381453,-3741.07142857143,3513.4875,56.14962,64.70261,9753.923
1946-03-31,22457.3349719839,-3575,9753.923,64.70261,65.04994,8173.9966
1946-04-30,13109.7676569639,-3613.34296993414,8173.9966,65.04994,70.358864,13123.494
1946-05-31,12815.1050352746,-3875,13123.494,70.358864,74.87898,14146.673
1946-06-30,7773.3335,-4475,14146.673,74.87898,79.986786,19442.525
1946-07-31,7032.32111200254,-10195.4885552778,19442.525,79.986786,83.43922,20823.531
1946-08-31,4000,-9908.57855726656,20823.531,83.43922,87.19665,23581.885
1946-09-30,3827.61236224699,-6778.50478195159,23581.885,87.19665,90.292984,24721.652
1946-10-31,4576.50949330117,-7819.35440682429,24721.652,90.292984,90.918785,24180.8
1946-11-30,5817.54528822535,-5743.03470055202,24180.8,90.918785,90.70586,23863.684
1946-12-31,8237.08128626179,-5588.27941094782,23863.684,90.70586,87.52273,19339.24
1947-01-31,6000,-4775,19339.24,87.52273,87.519905,22459.816
1947-02-28,16170.5861235913,-3580.35714285714,22459.816,87.519905,78.84404,11804.915
1947-03-31,16660.7601569903,-3905,11804.915,78.84404,69.95866,11743.342
1947-04-30,11016.6497974241,-2446.74038472416,11743.342,69.95866,74.37002,15320.119
1947-05-31,7100,-2714.69614661792,15320.119,74.37002,81.47699,18256.736
1947-06-30,7100,-3493.8307058424,18256.736,81.47699,84.09691,19761.646
1947-07-31,4000,-3376.6130034522,19761.646,84.09691,87.39719,23510.777
1947-08-31,3000,-3213.88174496782,23510.777,87.39719,91.80138,25823.22
1947-09-30,3000,-4300.7130701158,25823.22,91.80138,92.95509,26155.436
1947-10-31,3937.7589838064,-4817.44818521042,26155.436,92.95509,93.086815,26115.06
1947-11-30,4828.34548917843,-3503.77680898924,26115.06,93.086815,92.72792,25720.854
1947-12-31,6488.10804020042,-1770.55354225576,25720.854,92.72792,91.15729,24000.59
1948-01-31,10654.0910355684,-3439.51612903226,24000.59,91.15729,85.16549,18216.105
1948-02-29,11144.827,-4250,18216.105,85.16549,81.25206,15137.609
1948-03-31,15918.9587951544,-4325,15137.609,81.25206,72.67539,12217.993
1948-04-30,29309.2228754926,-2368.14706598998,12217.993,72.67539,62.83572,6013.7896
1948-05-31,29567.8772988016,-3018.13755356786,6013.7896,62.83572,61.472763,5364.121
1948-06-30,12155.5267580426,-4475,5364.121,61.472763,70.41912,13707.443
1948-07-31,6500,-11434.3350208831,13707.443,70.41912,81.32326,19216.84
1948-08-31,4000,-10630.771490215,19216.84,81.32326,86.38161,23687.375
1948-09-30,4099.57118521591,-8595.92085609858,23687.375,86.38161,89.00091,24252.01
1948-10-31,4625.68838691196,-6751.30874490592,24252.01,89.00091,90.658394,24241.248
1948-11-30,5350.9163329799,-4679.58646136562,24241.248,90.658394,91.08638,24010.15
1948-12-31,9466.7151074039,-3825.12927530355,24010.15,91.08638,86.65444,19597.34
1949-01-31,6000,-4775,19597.34,86.65444,86.39095,22851.281
1949-02-28,12374.3349415283,-2887.60962491051,22851.281,86.39095,81.89059,15752.214
1949-03-31,38312.0538144088,-4325,15752.214,81.89059,61.455547,4189.2515
1949-04-30,11808.313438978,-2692.75212900874,4189.2515,61.455547,69.79176,13258.421
1949-05-31,10683.871,-2844.9116145781,13258.421,69.79176,77.37693,16063.603
1949-06-30,7386.6665,-4400,16063.603,77.37693,81.40244,19677.982
1949-07-31,5000,-4962.80778725471,19677.982,81.40244,85.28003,22302.357
1949-08-31,3500,-3325.70836542045,22302.357,85.28003,89.64926,24945.865
1949-09-30,3000,-5599.45660954668,24945.865,89.64926,92.652794,26841.299
1949-10-31,4093.86198054839,-3899.98559809305,26841.299,92.652794,92.77804,25800.182
1949-11-30,4929.01897412167,-3475.59643042747,25800.182,92.77804,92.49765,24561.766
1949-12-31,5981.10083833789,-2304.40953813745,24561.766,92.49765,91.377594,22505.322
1950-01-31,19845.0065785163,-3126.93548387097,22505.322,91.377594,75.989746,10117.776
1950-02-28,36717.4381825305,-3982.14285714286,10117.776,75.989746,60.418865,4572.4214
1950-03-31,18983.5587665753,-3905,4572.4214,60.418865,64.97194,9638.151
1950-04-30,13941.1412038213,-2546.99136423223,9638.151,64.97194,70.69925,12746.3955
1950-05-31,11416.5177023907,-3185.2624208538,12746.3955,70.69925,75.920906,14594.482
1950-06-30,8122.5,-4400,14594.482,75.920906,80.3528,18712.127
1950-07-31,5000,-11098.9259394534,18712.127,80.3528,84.78822,22385.416
1950-08-31,4040.75566927044,-10163.7389992521,22385.416,84.78822,88.33698,23844.01
1950-09-30,3871.83660025812,-6849.28088244071,23844.01,88.33698,90.71815,24604.469
1950-10-31,4469.7853781579,-6129.19547136427,24604.469,90.71815,91.22745,24697.826
1950-11-30,22514.9003047936,-9024.88700128244,24697.826,91.22745,73.812096,10559.037
1950-12-31,80525.6322211116,-5290.32258064516,10559.037,73.812096,54.496372,2578.8884
1951-01-31,79045.098327157,-4262.09677419355,2578.8884,54.496372,53.5531,2569.6033
1951-02-28,78860.497445309,-4464.28571428572,2569.6033,53.5531,53.67268,2521.7427
1951-03-31,40156.6835036448,-3650,2521.7427,53.67268,57.71528,4329.5586
1951-04-30,23451.0476740699,-4130,4329.5586,57.71528,63.06218,7773.388
1951-05-31,19872.1194485122,-3939.51269765438,7773.388,63.06218,65.8183,9103.403
1951-06-30,10200,-4505,9103.403,65.8183,74.19418,15744.359
1951-07-31,10224.4467488053,-11306.3578648217,15744.359,74.19418,78.35337,17324.094
1951-08-31,10200,-10972.9712899923,17324.094,78.35337,77.81199,17558.299
1951-09-30,3000,-8735.53991603914,17558.299,77.81199,84.06242,23844.625
1951-10-31,4183.49076349235,-8591.28394267106,23844.625,84.06242,88.46862,23644.232
1951-11-30,6041.43937973846,-7066.70985524493,23644.232,88.46862,89.436455,22421.217
1951-12-31,25187.8344118507,-5290.32258064516,22421.217,89.436455,69.924675,9507.505
1952-01-31,91534.9126725649,-4516.12903225806,9507.505,69.924675,53.83353,2435.9214
1952-02-29,82402.0709686094,-4482.75862068965,2435.9214,53.83353,53.461296,2584.972
1952-03-31,75348.6775746515,-4052.49570384414,2584.972,53.461296,53.830826,2554.7083
1952-04-30,75770.7395110213,-4364.73567276508,2554.7083,53.830826,53.828415,2752.7864
1952-05-31,70932.6321555473,-4451.73097464504,2752.7864,53.828415,53.931797,2739.5735
1952-06-30,45864.8131500564,-4556.93793614884,2739.5735,53.931797,56.565327,3396.6414
1952-07-31,12891.0811324112,-8789.07813249178,3396.6414,56.565327,68.33807,13804.514
1952-08-31,10362.6344086129,-9410.91992150813,13804.514,68.33807,76.26799,16325.175
1952-09-30,7577.97854218382,-9856.24150465469,16325.175,76.26799,80.15196,19322.4
1952-10-31,4904.6473353574,-9258.45688907899,19322.4,80.15196,84.71988,22475.637
1952-11-30,5831.85257291751,-9265.07090942915,22475.637,84.71988,86.880325,22082.566
1952-12-31,38972.1839025679,-5290.32258064516,22082.566,86.880325,63.116493,4323.266
1953-01-31,104928.434799256,-4516.12903225807,4323.266,63.116493,53.094196,2379.668
1953-02-28,23920.3926867693,-4464.28571428571,2379.668,53.094196,61.79324,7440.9487
1953-03-31,21195.0634403142,-3575,7440.9487,61.79324,64.83296,7747.124
1953-04-30,20576.5450946171,-2710.60528798023,7747.124,64.83296,65.65584,8421.79
1953-05-31,20907.6253404884,-3378.51752342838,8421.79,65.65584,65.854256,9348.888
1953-06-30,18195.771262917,-4490,9348.888,65.854256,67.28319,11486.83
1953-07-31,10386.4750582544,-11372.2215528694,11486.83,67.28319,75.95804,16513.748
1953-08-31,10200,-10851.034170145,16513.748,75.95804,78.762,17070.432
1953-09-30,3386.91775558929,-11309.140641472,17070.432,78.762,84.75229,24264.61
1953-10-31,4000,-6993.89752994191,24264.61,84.75229,90.490715,24666.74
1953-11-30,5901.28016754458,-6184.2138685586,24666.74,90.490715,90.43043,22118.145
1953-12-31,6994.55303580822,-5492.80989642754,22118.145,90.43043,88.25917,20797.26
1954-01-31,26114.408875981,-3505.32258064516,20797.26,88.25917,68.38568,7801.683
1954-02-28,58336.9664554566,-3741.07142857143,7801.683,68.38568,55.99173,2836.088
1954-03-31,47498.4252041255,-3575,2836.088,55.99173,56.470055,3343.1443
1954-04-30,30927.1868968426,-2513.73230251036,3343.1443,56.470055,60.222218,5344.9897
1954-05-31,12656.25,-3200.10278987985,5344.9897,60.222218,70.0019,13661.6045
1954-06-30,10200,-4490,13661.6045,70.0019,77.32443,17370.053
1954-07-31,10388.0404925976,-10694.8385501345,17370.053,77.32443,79.06681,17869.744
1954-08-31,10200,-11524.492090517,17869.744,79.06681,78.65496,16811.092
1954-09-30,3000,-9724.51580938384,16811.092,78.65496,84.996704,23961.63
1954-10-31,4000,-5127.60668036302,23961.63,84.996704,90.94588,24830.95
1954-11-30,6379.5068605671,-6229.05588289533,24830.95,90.94588,90.28269,23520.281
1954-12-31,15572.8342851887,-5290.32258064516,23520.281,90.28269,79.66233,12834.826
1955-01-31,15156.2251287337,-4745,12834.826,79.66233,71.716286,12650.057
1955-02-28,11400,-3973.17389365062,12650.057,71.716286,74.40404,14511.931
1955-03-31,8084.58078224597,-3459.21029882816,14511.931,74.40404,79.5519,18587.746
1955-04-30,12052.4216171103,-1332.17530778434,18587.746,79.5519,77.95707,15689.308
1955-05-31,9939.77909941943,-2348.34793857294,15689.308,77.95707,78.33825,16524.268
1955-06-30,7243.3335,-3863.81458315969,16524.268,78.33825,81.977776,19448.15
1955-07-31,5000,-5490.7608317853,19448.15,81.977776,85.85136,22468.361
1955-08-31,3500,-4228.73013772606,22468.361,85.85136,89.962074,24840.404
1955-09-30,3000,-5714.54238935673,24840.404,89.962074,92.23633,25932.627
1955-10-31,4000,-3830.52482537926,25932.627,92.23633,92.93877,25101.328
1955-11-30,5522.72022730906,-3744.41870241629,25101.328,92.93877,92.32283,25301
1955-12-31,67886.4261324989,-5290.32258064516,25301,92.32283,58.36053,2678.5708
1956-01-31,175845.267275,-3042.04536603473,2678.5708,58.36053,51.650314,1921.6007
1956-02-29,78088.8109832388,-5000,1921.6007,51.650314,53.539997,2571.6223
1956-03-31,49334.1400337226,-3650,2571.6223,53.539997,55.992596,3341.9497
1956-04-30,29116.8059036933,-4130,3341.9497,55.992596,60.88641,6201.5913
1956-05-31,48108.1860480721,-4414.02551382974,6201.5913,60.88641,56.98995,3734.2852
1956-06-30,26030.5941033174,-4505,3734.2852,56.98995,61.9007,6831.8726
1956-07-31,11370.2827240251,-9421.74800214933,6831.8726,61.9007,71.546165,15096.432
1956-08-31,10200,-10577.3753401249,15096.432,71.546165,77.150894,16382.218
1956-09-30,6719.79117317823,-10323.3424015405,16382.218,77.150894,81.040085,20201.691
1956-10-31,5309.66211688165,-8950.99260468509,20201.691,81.040085,84.975395,21112.271
1956-11-30,4636.35079904498,-9493.64237028498,21112.271,84.975395,88.14498,22510.684
1956-12-31,6162.95750986387,-3216.49090697293,22510.684,88.14498,87.9129,21935.396
1957-01-31,8334.60951700291,-5000,21935.396,87.9129,87.25834,20784.234
1957-02-28,27446.9528136487,-3625.89285714286,20784.234,87.25834,68.22533,6838.68
1957-03-31,51117.0926215389,-3500,6838.68,68.22533,56.599506,3078.7297
1957-04-30,13071.5066496563,-2469.12512665197,3078.7297,56.599506,68.0996,12449.442
1957-05-31,17370.8746855605,-3095.34420065787,12449.442,68.0996,70.46706,10924.873
1957-06-30,7000,-4475,10924.873,70.46706,78.43288,19816.826
1957-07-31,8004.11090040267,-10818.5320513382,19816.826,78.43288,82.657684,20085.85
1957-08-31,4370.70401491397,-10069.8294023346,20085.85,82.657684,85.63753,23370.828
1957-09-30,5293.47563017573,-9481.51462197561,23370.828,85.63753,87.21923,23169.137
1957-10-31,9700.9766240663,-9375.80984785394,23169.137,87.21923,83.10863,18338.467
1957-11-30,4500,-7892.85364530891,18338.467,83.10863,85.749306,22290.277
1957-12-31,14075.5197044647,-5290.32258064516,22290.277,85.749306,78.839195,13616.081
1958-01-31,39268.7660245918,-4363.70967741936,13616.081,78.839195,60.35,4175.5327
1958-02-28,192783.507296491,-4223.21428571428,4175.5327,60.35,51.348183,1814.9813
1958-03-31,116216.73287936,-2923.54186922,1814.9813,51.348183,52.675144,2102.7375
1958-04-30,104365.70458379,-1199.74365138937,2102.7375,52.675144,52.974056,2273.7546
1958-05-31,53790.8784819473,-5000,2273.7546,52.974056,55.352913,3411.9688
1958-06-30,40417.6232905213,-5000,3411.9688,55.352913,57.726326,4123.3877
1958-07-31,11375.465035853,-9453.5738006887,4123.3877,57.726326,70.09587,15353.489
1958-08-31,10200,-9672.80503673654,15353.489,70.09587,77.25778,16178.077
1958-09-30,7898.29302478307,-9921.09756257121,16178.077,77.25778,79.96615,18333.656
1958-10-31,5229.38152641184,-9252.74544079507,18333.656,79.96615,84.51397,22106.643
1958-11-30,4500,-9603.95609725135,22106.643,84.51397,88.36425,23581.502
1958-12-31,6766.91692614474,-3410.9729639668,23581.502,88.36425,88.3673,21369.23
1959-01-31,23653.2345377169,-3645.16129032258,21369.23,88.3673,71.63097,8069.618
1959-02-28,53446.2130234894,-4030.35714285714,8069.618,71.63097,56.746574,3000.5457
1959-03-31,15254.9951102666,-3500,3000.5457,56.746574,66.458046,11222.547
1959-04-30,9484.72255556667,-2352.49360542869,11222.547,66.458046,76.87853,17474.746
1959-05-31,9742.45009348289,-2767.42462921944,17474.746,76.87853,79.97193,16372.916
1959-06-30,7497.12077138129,-4475,16372.916,79.97193,81.90275,19370.562
1959-07-31,8598.28959371272,-9832.3672950536,19370.562,81.90275,82.365456,19235.576
1959-08-31,4845.40933254957,-11348.5024213688,19235.576,82.365456,85.63095,22906.068
1959-09-30,4822.35732332731,-6959.69167070776,22906.068,85.63095,87.314095,24329.26
1959-10-31,4000,-5305.97022513113,24329.26,87.314095,90.23194,24070.324
1959-11-30,4500,-3875.30869508335,24070.324,90.23194,92.81224,25260.518
1959-12-31,5532.08196942662,-1817.42237711858,25260.518,92.81224,92.189026,24070.152
1960-01-31,9453.22902240587,-3086.80065032844,24070.152,92.189026,87.34471,19632.89
1960-02-29,27165.8159209233,-3676.72413793103,19632.89,87.34471,67.88542,7159.4116
1960-03-31,17071.5126950913,-3905,7159.4116,67.88542,66.53639,9766.578
1960-04-30,8234.65347931519,-1932.81521818755,9766.578,66.53639,77.16225,17246.676
1960-05-31,10283.2547932303,-2810.15204480635,17246.676,77.16225,80.23785,16432.303
1960-06-30,7100,-4400,16432.303,80.23785,81.94214,20301.72
1960-07-31,5000,-10788.4914979628,20301.72,81.94214,85.81988,22643.666
1960-08-31,3500,-5241.06376399602,22643.666,85.81988,89.94362,24825.25
1960-09-30,3297.92340988225,-4809.50353472475,24825.25,89.94362,92.21805,26266.184
1960-10-31,4000,-4250.85780080553,26266.184,92.21805,92.42223,25366.967
1960-11-30,6720.43097309328,-4819.46962981585,25366.967,92.42223,90.88689,23035.646
1960-12-31,8112.55109597176,-5290.32258064516,23035.646,90.88689,87.312416,19538.482
1961-01-31,7794.75881610223,-4055,19538.482,87.312416,85.53217,20623.338
1961-02-28,32852.3485251687,-3982.14285714286,20623.338,85.53217,65.1167,5179.362
1961-03-31,13457.8988362713,-3905,5179.362,65.1167,68.37772,12417.4795
1961-04-30,10166.667,-2173.0327158702,12417.4795,68.37772,76.78553,15434.985
1961-05-31,9180.17291254499,-2638.54587466415,15434.985,76.78553,80.12168,16817.502
1961-06-30,7100,-4271.73813976623,16817.502,80.12168,82.75029,20481.723
1961-07-31,5000,-6000.57815972963,20481.723,82.75029,86.04433,23309.55
1961-08-31,3500,-4622.86288666638,23309.55,86.04433,89.78549,25402.562
1961-09-30,3168.2875885489,-4653.86031789615,25402.562,89.78549,92.269936,26538.99
1961-10-31,4000,-3832.06107460956,26538.99,92.269936,92.60811,26248.396
1961-11-30,5267.28180767777,-3104.48001349925,26248.396,92.60811,92.16222,25201.082
1961-12-31,8551.28238764673,-5892.70836338831,25201.082,92.16222,87.97258,17820.662
1962-01-31,6000,-4055,17820.662,87.97258,87.23383,21748.89
1962-02-28,61599.985223725,-3580.35714285714,21748.89,87.23383,58.663795,2860.7905
1962-03-31,22203.5746834755,-3500,2860.7905,58.663795,62.68631,7922.8516
1962-04-30,11764.0072286157,-3493.43966807378,7922.8516,62.68631,72.020035,14156.393
1962-05-31,11161.29,-3355.50069215665,14156.393,72.020035,76.9323,14955.377
1962-06-30,7673.3335,-4475,14955.377,76.9323,81.01041,18773.857
1962-07-31,6711.04417384465,-9689.16985936347,18773.857,81.01041,83.849464,21042.496
1962-08-31,4000,-8753.92904733535,21042.496,83.849464,87.679436,24005.77
1962-09-30,3133.56355859272,-5397.09701180995,24005.77,87.679436,91.30814,25445.254
1962-10-31,21289.4462008835,-10039.8480095471,25445.254,91.30814,73.663704,7816.2
1962-11-30,4500,-8241.94791855617,7816.2,73.663704,79.44271,20720.666
1962-12-31,16754.9341527103,-5290.32258064516,20720.666,79.44271,75.78267,13296.823
1963-01-31,13303.0551891641,-4363.70967741936,13296.823,75.78267,72.1871,14328.891
1963-02-28,76525.6894578781,-4223.21428571429,14328.891,72.1871,55.30728,2597.9578
1963-03-31,32200.8667325631,-3500,2597.9578,55.30728,59.467213,5204.2217
1963-04-30,99764.4975655065,-3736.7729041884,5204.2217,59.467213,53.384033,2446.1843
1963-05-31,35491.1770549358,-3872.7326246114,2446.1843,53.384033,58.74472,4898.3086
1963-06-30,13272.4697414135,-4505,4898.3086,58.74472,68.84968,12752.433
1963-07-31,10223.8012836021,-11349.8325451451,12752.433,68.84968,76.418106,15526.452
1963-08-31,10200,-11645.0856364848,15526.452,76.418106,77.99282,16978.13
1963-09-30,3677.26614686452,-11174.8672872675,16978.13,77.99282,83.67097,23205.666
1963-10-31,4911.19132460582,-7909.75950182184,23205.666,83.67097,87.20651,23266.162
1963-11-30,12072.6582773396,-9068.72422884284,23266.162,87.20651,82.61938,16650.361
1963-12-31,4500,-7603.28671317077,16650.361,82.61938,84.98405,23044.979
1964-01-31,15651.8618570435,-3645.16129032258,23044.979,84.98405,78.91205,13696.886
1964-02-29,11173.4563788561,-3875,13696.886,78.91205,74.74486,15691.372
1964-03-31,9592.94845269161,-3500,15691.372,74.74486,78.10968,16260.203
1964-04-30,10086.8806714984,-2301.72784896075,16260.203,78.10968,78.774315,16559.824
1964-05-31,9257.22076415127,-2840.73672051608,16559.824,78.774315,80.33505,16914.629
1964-06-30,7112.48926067053,-4400,16914.629,80.33505,82.70961,20414.922
1964-07-31,5000,-11239.7098822591,20414.922,82.70961,86.46551,22341.812
1964-08-31,3519.59119868773,-7335.73109477303,22341.812,86.46551,90.676506,24502.855
1964-09-30,3365.79289275512,-4908.6131137995,24502.855,90.676506,92.294876,25983.264
1964-10-31,4000,-4575.32823803502,25983.264,92.294876,92.56657,25812.254
1964-11-30,7715.74101235124,-5765.40470867081,25812.254,92.56657,89.38754,21633.064
1964-12-31,60833.3330460954,-5290.32258064516,21633.064,89.38754,58.39306,2863.2957
1965-01-31,127630.573283768,-4262.09677419355,2863.2957,58.39306,52.298504,2249.4329
1965-02-28,36029.1965728932,-4464.28571428572,2249.4329,52.298504,58.402283,4804.505
1965-03-31,23150.4120076026,-3650,4804.505,58.402283,63.250046,7511.018
1965-04-30,56112.146580445,-4125.07585630324,7511.018,63.250046,56.229656,3012.5078
1965-05-31,25316.7810085208,-4193.30847653753,3012.5078,56.229656,62.107494,6962.778
1965-06-30,15318.1342499427,-4505,6962.778,62.107494,68.51891,12655.251
1965-07-31,10386.3507713668,-10408.046628866,12655.251,68.51891,75.69626,17079.105
1965-08-31,10200,-10846.7192051053,17079.105,75.69626,77.920265,17125.506
1965-09-30,3389.9094091681,-10870.6351116761,17125.506,77.920265,83.820366,23452.457
1965-10-31,4002.95393425885,-9320.26883630772,23452.457,83.820366,88.22591,24208.541
1965-11-30,13999.8637871759,-8125.44707991412,24208.541,88.22591,81.07663,15696.374
1965-12-31,6284.7391909903,-9823.3209817417,15696.374,81.07663,81.61293,20235.178
1966-01-31,18784.9194270723,-3645.16129032258,20235.178,81.61293,72.58075,10298.161
1966-02-28,25817.687252388,-3741.07142857143,10298.161,72.58075,63.7858,7227.276
1966-03-31,20413.4621685761,-3500,7227.276,63.7858,65.150444,9020.27
1966-04-30,12699.4420930256,-2664.60166923142,9020.27,65.150444,71.21579,13992.764
1966-05-31,10683.871,-3124.77791826582,13992.764,71.21579,76.98448,15543.31
1966-06-30,7121.74638938716,-4475,15543.31,76.98448,81.706795,19590.604
1966-07-31,8039.96303359086,-10208.9191031538,19590.604,81.706795,82.97861,20426.361
1966-08-31,4000,-9861.77215881036,20426.361,82.97861,86.94449,24111.777
1966-09-30,3420.50259002202,-5669.39932735853,24111.777,86.94449,90.74569,25120.432
1966-10-31,4000,-5485.71708293513,25120.432,90.74569,91.9006,24731.182
1966-11-30,7231.7271297696,-6740.01645193885,24731.182,91.9006,89.65116,21824.363
1966-12-31,23995.9019926972,-5290.32258064516,21824.363,89.65116,69.991104,9501.49
1967-01-31,51801.7088739904,-4363.70967741936,9501.49,69.991104,56.793842,3271.5815
1967-02-28,48808.4667720475,-4464.28571428571,3271.5815,56.793842,56.386883,3462.0955
1967-03-31,62819.4585250414,-4025,3462.0955,56.386883,54.81572,2759.092
1967-04-30,51675.4830995344,-2298.24255720093,2759.092,54.81572,55.87185,3264.5723
1967-05-31,51544.4406009096,-5000,3264.5723,55.87185,55.943733,3759.201
1967-06-30,53947.625775083,-3444.88949143615,3759.201,55.943733,55.560425,3003.9136
1967-07-31,17911.4857105206,-6682.5717258189,3003.9136,55.560425,65.11754,10781.74
1967-08-31,10362.6344086129,-8935.18291797957,10781.74,65.11754,74.24348,15545.498
1967-09-30,7356.86555627231,-9737.71088989039,15545.498,74.24348,80.31794,19210.178
1967-10-31,6403.42778203939,-9275.82865583179,19210.178,80.31794,83.371826,20902.033
1967-11-30,4686.14082509952,-9494.43075712403,20902.033,83.371826,86.92923,22946.42
1967-12-31,7779.53970853587,-6223.59816548985,22946.42,86.92923,87.09587,21124.295
1968-01-31,22351.6331661956,-3645.16129032258,21124.295,87.09587,72.08838,10576.6
1968-02-29,60142.0344144491,-4040.51724137931,10576.6,72.08838,56.068,2886.8074
1968-03-31,34175.7490627292,-3500,2886.8074,56.068,59.00967,4744.676
1968-04-30,10515.4003725857,-2720.21790917539,4744.676,59.00967,71.38563,14578.641
1968-05-31,8958.76316163159,-2764.43988872141,14578.641,71.38563,79.95355,17879.678
1968-06-30,7943.37906852071,-4475,17879.678,79.95355,82.622406,20123.756
1968-07-31,9314.87294991264,-10833.3108156416,20123.756,82.622406,81.854256,18565.498
1968-08-31,4000,-10820.3480099679,18565.498,81.854256,85.90412,22939.162
1968-09-30,3000,-6293.18962071533,22939.162,85.90412,90.03789,25887.799
1968-10-31,4000,-5189.09528705412,25887.799,90.03789,91.79908,25004.86
1968-11-30,6459.48547218791,-5276.04893586899,25004.86,91.79908,90.778534,22668.66
1968-12-31,17247.8022728388,-5290.32258064516,22668.66,90.778534,76.60026,12299.5205
1969-01-31,141230.459773728,-317.057684841985,12299.5205,76.60026,52.605507,2069.548
1969-02-28,132697.784176061,2361.46038455531,2069.548,52.605507,52.401558,2137.925
1969-03-31,67629.7061832165,403.05814652026,2137.925,52.401558,54.186993,2733.822
1969-04-30,61193.4844312238,61.4457622565101,2733.822,54.186993,54.748592,2807.4097
1969-05-31,62350.1215116585,395.758477290974,2807.4097,54.748592,54.671707,2931.2524
1969-06-30,40627.6487121693,1507.26296214204,2931.2524,54.671707,57.72239,4047.9492
1969-07-31,11388.8856358483,-8085.89648203597,4047.9492,57.72239,69.96111,15893.099
1969-08-31,10200,-9307.94218026313,15893.099,69.96111,77.096115,17020.19
1969-09-30,6623.52655945994,-9719.56040594881,17020.19,77.096115,81.0126,20101.69
1969-10-31,6112.30676151081,-8907.28209252594,20101.69,81.0126,84.11824,22273.006
1969-11-30,5293.3536628178,-9048.63306572492,22273.006,84.11824,86.48491,23122.812
1969-12-31,43190.3153489967,-5290.32258064516,23122.812,86.48491,61.952206,3586.786
1970-01-31,225931.841861941,-689.6593726745,3586.786,61.952206,50.55443,1502.7723
1970-02-28,82489.4010043028,-4464.28571428572,1502.7723,50.55443,53.370537,2318.5007
1970-03-31,42853.140582341,-3650,2318.5007,53.370537,57.11235,3820.5857
1970-04-30,12429.3807925044,-3635.68078203614,3820.5857,57.11235,68.62315,13309.845
1970-05-31,8697.10000032522,-3559.77893815892,13309.845,68.62315,79.04328,17166.074
1970-06-30,10221.7463893872,-4505,17166.074,79.04328,80.01726,16899.46
1970-07-31,10212.6190566056,-11336.9052821167,16899.46,80.01726,78.77474,17568.2
1970-08-31,10200,-11359.576329582,17568.2,78.77474,78.24534,17530.895
1970-09-30,3000,-8236.9253351902,17530.895,78.24534,84.18113,23898.674
1970-10-31,4055.58533559889,-9037.63120507281,23898.674,84.18113,88.61158,23809.604
1970-11-30,10249.8424188044,-8410.71946245736,23809.604,88.61158,84.89132,17794.363
1970-12-31,53916.5068747115,-5290.32258064516,17794.363,84.89132,59.053913,3455.9182
1971-01-31,47952.3428873298,-4516.12903225807,3455.9182,59.053913,56.509388,3590.9497
1971-02-28,21586.5411884829,-4464.28571428572,3590.9497,56.509388,63.327656,8629.7705
1971-03-31,54264.2048390869,-3650,8629.7705,63.327656,56.601997,3057.7495
1971-04-30,22858.4215649431,-2933.29057877352,3057.7495,56.601997,63.01368,8354.92
1971-05-31,30721.0993256649,-3581.81203221514,8354.92,63.01368,61.55965,5534.5864
1971-06-30,20356.6214575237,-4505,5534.5864,61.55965,64.950836,8977.687
1971-07-31,10385.5664725317,-11410.2531561303,8977.687,64.950836,73.70127,15589.42
1971-08-31,10200,-11492.6622456038,15589.42,73.70127,77.61547,16968.373
1971-09-30,3386.85452024185,-11365.1523478611,16968.373,77.61547,83.90361,24079.766
1971-10-31,4528.45139697051,-9001.04942770067,24079.766,83.90361,88.94602,23031.203
1971-11-30,5683.11927384729,-4913.49108313877,23031.203,88.94602,90.37199,23097.951
1971-12-31,13428.409689859,-5290.32258064516,23097.951,90.37199,82.5884,15519.549
1972-01-31,6681.56663922827,-5000,15519.549,82.5884,81.67726,21827.484
1972-02-29,15671.9493378491,-4040.51724137931,21827.484,81.67726,76.61036,12983.683
1972-03-31,23685.5031018355,-3500,12983.683,76.61036,65.54066,6930.262
1972-04-30,13130.9755728149,-2601.28094872695,6930.262,65.54066,70.55345,12986.558
1972-05-31,8380.02724695788,-2638.1707950303,12986.558,70.55345,78.89805,18770.281
1972-06-30,8402.82220955508,-4475,18770.281,78.89805,82.07334,20080.396
1972-07-31,8648.98791148039,-11195.7656528599,20080.396,82.07334,82.11978,18350.14
1972-08-31,4000,-8444.51037387945,18350.14,82.11978,86.02401,22867.725
1972-09-30,3000,-6814.90093819122,22867.725,86.02401,90.11002,25915.463
1972-10-31,4781.37446714142,-5524.26492796432,25915.463,90.11002,91.108055,23985.168
1972-11-30,10039.3731326571,-8224.10454411837,23985.168,91.108055,86.120155,18165.172
1972-12-31,20420.0839083931,-5290.32258064516,18165.172,86.120155,70.853325,9058.994
1973-01-31,86170.7477101119,-4516.12903225806,9058.994,70.853325,54.125256,2472.7202
1973-02-28,90316.8746756674,-4223.21428571428,2472.7202,54.125256,53.25994,2389.2832
1973-03-31,59093.5422204534,-3575,2389.2832,53.25994,54.860023,2867.1597
1973-04-30,15177.2105422831,-4110.44002572228,2867.1597,54.860023,66.08067,10678.704
1973-05-31,14939.7438188755,-4053.82076421957,10678.704,66.08067,71.570015,12012.881
1973-06-30,10828.0555555667,-4490,12012.881,71.570015,75.77426,16653.557
1973-07-31,10200,-10459.0163446198,16653.557,75.77426,78.91198,17687.693
1973-08-31,10200,-9959.29677765161,17687.693,78.91198,78.80278,16898.508
1973-09-30,3000,-9028.6901616941,16898.508,78.80278,84.937386,24046.592
1973-10-31,4749.87305087552,-7094.88312028844,24046.592,84.937386,90.05152,25468.893
1973-11-30,24294.4598402493,-8871.49140944589,25468.893,90.05152,71.57293,8573.818
1973-12-31,52785.7292617593,-5290.32258064516,8573.818,71.57293,56.711105,3357.4473
1974-01-31,158029.158207301,-4343.38709677419,3357.4473,56.711105,51.69956,2030.9274
1974-02-28,45537.6527070194,-4464.28571428572,2030.9274,51.69956,56.61795,3757.6528
1974-03-31,132303.384493279,-4550,3757.6528,56.61795,52.68821,2138.8552
1974-04-30,75227.3249205114,-4656.61992537408,2138.8552,52.68821,53.69917,2565.4204
1974-05-31,29816.6344380135,-4394.56699037136,2565.4204,53.69917,60.164795,5573.4883
1974-06-30,22969.5139951929,-4505,5573.4883,60.164795,63.862995,7955.8403
1974-07-31,10322.9876847505,-10880.909053472,7955.8403,63.862995,73.16946,16220.851
1974-08-31,10200,-11153.8995494823,16220.851,73.16946,77.74893,16714
1974-09-30,6400.73931422645,-11016.7745631804,16714,77.74893,81.15917,20089.902
1974-10-31,5300.38936378249,-9166.04851681853,20089.902,81.15917,85.147804,21560.502
1974-11-30,4969.16784251672,-9513.97912894918,21560.502,85.147804,87.67353,22766.879
1974-12-31,9233.29925963388,-9469.09695045909,22766.879,87.67353,85.60634,21339.986
1975-01-31,7872.10651592688,-5000,21339.986,85.60634,85.4547,21630.338
1975-02-28,69514.8222805917,-3762.5,21630.338,85.4547,57.64757,2585.3767
1975-03-31,92370.3021746387,-3500,2585.3767,57.64757,53.366203,2370.5024
1975-04-30,20260.3230177438,-3995,2370.5024,53.366203,63.38841,9223.871
1975-05-31,27300.3109518307,-4320.49165600806,9223.871,63.38841,62.996315,6720.5273
1975-06-30,19090.1950794773,-4505,6720.5273,62.996315,65.789116,9903.749
1975-07-31,10362.6344086129,-10355.3942367181,9903.749,65.789116,74.12156,15452.572
1975-08-31,10200,-11036.6566220607,15452.572,74.12156,77.69251,17123.527
1975-09-30,5254.47965932677,-11057.5398941191,17123.527,77.69251,82.388214,22076.25
1975-10-31,9014.75654780556,-8868.05991848443,22076.25,82.388214,82.31456,18023.889
1975-11-30,4731.99092112042,-9553.11353759519,18023.889,82.31456,85.1538,21756.889
1975-12-31,4534.04237174455,-6921.8691070912,21756.889,85.1538,88.75846,23629.95
1976-01-31,6982.14470849955,-3221.87429364321,23629.95,88.75846,89.00395,22567.322
1976-02-29,10372.3642994521,-4250,22567.322,89.00395,84.461426,17728.986
1976-03-31,8562.78012706486,-3617.18258269786,17728.986,84.461426,82.15261,18471.752
1976-04-30,7830.89822231784,-1585.11280382234,18471.752,82.15261,82.94704,19984.81
1976-05-31,4718.17722012146,-2296.76854141128,19984.81,82.94704,88.17822,23085.557
1976-06-30,4323.39260795953,-3976.90332633052,23085.557,88.17822,91.20219,25060.38
1976-07-31,4000,-4971.5267391226,25060.38,91.20219,91.93588,24500.143
1976-08-31,3000,-3702.91239002716,24500.143,91.93588,92.678955,26270.844
1976-09-30,3000,-4477.09924484135,26270.844,92.678955,93.32546,26851.213
1976-10-31,3695.85446538913,-3769.76190594807,26851.213,93.32546,93.71242,26938.09
1976-11-30,5254.7106731846,-1520.56401379151,26938.09,93.71242,93.0808,24729.955
1976-12-31,3829.31178951796,-1704.14420498378,24729.955,93.0808,93.781,25832.143
1977-01-31,5070.45537919264,-1978.91045552308,25832.143,93.781,92.4433,24979.686
1977-02-28,14651.5150182252,-213.265148484866,24979.686,92.4433,82.35348,14284.719
1977-03-31,6496.64460333957,-700.045527301788,14284.719,82.35348,80.79819,19511.066
1977-04-30,4000,-471.818852421432,19511.066,80.79819,88.39664,22537.834
1977-05-31,4688.41422896985,-1728.61506603783,22537.834,88.39664,91.14802,23311.924
1977-06-30,5744.31563508784,-3146.76063861684,23311.924,91.14802,89.19173,23418.254
1977-07-31,3000,-2672.61987893577,23418.254,89.19173,92.03747,25970.098
1977-08-31,3000,-2743.98713503106,25970.098,92.03747,93.73659,26418.691
1977-09-30,3389.17366144309,-2354.42981322647,26418.691,93.73659,92.88269,25638.875
1977-10-31,3000,-1622.27364937919,25638.875,92.88269,94.02388,26908.252
1977-11-30,4804.67497945741,-1286.54223304091,26908.252,94.02388,94.06564,26054.527
1977-12-31,9831.17628053483,-4547.43623897037,26054.527,94.06564,87.553825,21412.785
1978-01-31,71386.4073417861,-4516.12903225806,21412.785,87.553825,56.55057,2559.5059
1978-02-28,52912.7906495698,-4175,2559.5059,56.55057,55.508488,3325.5588
1978-03-31,81998.8333387094,-4025,3325.5588,55.508488,53.677505,2658.4993
1978-04-30,43413.1500706811,-4095.55853009979,2658.4993,53.677505,56.95638,4211.759
1978-05-31,22999.717383614,-4865,4211.759,56.95638,63.096657,7638.043
1978-06-30,18506.7139839198,-4490,7638.043,63.096657,66.51667,9913.906
1978-07-31,10200,-9376.68918297095,9913.906,66.51667,75.87998,16369.174
1978-08-31,10200,-10992.7209845836,16369.174,75.87998,78.746826,17274.291
1978-09-30,3844.16313376818,-10405.3990213219,17274.291,78.746826,84.23574,23027.424
1978-10-31,4000,-9258.93447606479,23027.424,84.23574,89.52391,23891.512
1978-11-30,6489.15306303002,-9176.46134595989,23891.512,89.52391,89.9628,22192.014
1978-12-31,5839.21243645965,-3659.75180215116,22192.014,89.9628,89.01499,23068.959
1979-01-31,20322.7088148433,-4745,23068.959,89.01499,74.9747,10443.249
1979-02-28,35582.4630434574,-3580.35714285714,10443.249,74.9747,60.61785,5141.88
1979-03-31,29766.7440378837,-3500,5141.88,60.61785,60.758377,5658.0005
1979-04-30,12593.9654626818,-3751.96477401681,5658.0005,60.758377,69.93253,12957.944
1979-05-31,12748.502396986,-3875,12957.944,69.93253,75.11813,13980.149
1979-06-30,9673.333,-4475,13980.149,75.11813,77.987724,17125.81
1979-07-31,6607.03088348821,-10059.3657424714,17125.81,77.987724,82.723175,20845.572
1979-08-31,5107.38240835543,-9411.88797145799,20845.572,82.723175,85.99639,22560.646
1979-09-30,3715.30975309488,-8475.29974852359,22560.646,85.99639,88.54329,24871.938
1979-10-31,5020.61633446566,-7172.08628191978,24871.938,88.54329,89.94541,23819.03
1979-11-30,6014.95984422274,-6481.39276077341,23819.03,89.94541,90.13299,22661.191
1979-12-31,8766.78721150804,-9049.01819551197,22661.191,90.13299,85.82462,19280.488
1980-01-31,111955.769932659,-3295.58064908295,19280.488,85.82462,54.160103,2286.178
1980-02-29,127716.984930974,1073.46101837693,2286.178,54.160103,52.37644,2133.7634
1980-03-31,65570.6063319386,-1601.80939419283,2133.7634,52.37644,54.259457,2789.5566
1980-04-30,19501.2932323918,-4130,2789.5566,54.259457,63.78258,8665.632
1980-05-31,16776.3466110806,-4494.16156221578,8665.632,63.78258,68.58075,10638.037
1980-06-30,12673.9155423693,-4505,10638.037,68.58075,72.93488,14404.214
1980-07-31,10760.0750578335,-9603.77066052755,14404.214,72.93488,76.63993,16589.818
1980-08-31,10200,-10852.0697886811,16589.818,76.63993,77.77589,16902.238
1980-09-30,3199.53279715445,-10909.7821457011,16902.238,77.77589,84.2047,24057.395
1980-10-31,4000,-9304.87902036491,24057.395,84.2047,89.68327,24565.65
1980-11-30,5611.11176938125,-7891.64563089418,24565.65,89.68327,91.02318,22713.342
1980-12-31,7529.36142856363,-6342.41530629856,22713.342,91.02318,88.79292,20312.607
1981-01-31,20415.7005734603,-3645.16129032258,20312.607,88.79292,72.13008,9085.626
1981-02-28,19442.7661429669,-4030.35714285714,9085.626,72.13008,66.40432,8946.748
1981-03-31,22266.8464045836,-3905,8946.748,66.40432,64.88212,8303.117
1981-04-30,11339.0694792457,-2331.69894800623,8303.117,64.88212,72.238884,14872.381
1981-05-31,8736.4350343996,-2904.10591955433,14872.381,72.238884,79.83327,16842.979
1981-06-30,7114.78263213484,-4400,16842.979,79.83327,82.980705,20145.61
1981-07-31,5909.7048376255,-11735.1900382723,20145.61,82.980705,85.34163,22700.01
1981-08-31,3559.64244503082,-6231.99033745029,22700.01,85.34163,89.60016,24779.125
1981-09-30,3587.32547278405,-5002.33642012201,24779.125,89.60016,91.66899,25290.688
1981-10-31,4584.31236121951,-4874.87625815573,25290.688,91.66899,91.55352,25421.84
1981-11-30,14521.5242842765,-8979.58708469958,25421.84,91.55352,81.37807,14259.397
1981-12-31,65219.0101653484,-5290.32258064516,14259.397,81.37807,56.489937,2929.3215
1982-01-31,91477.2876356466,-4262.09677419355,2929.3215,56.489937,53.069912,2421.4146
1982-02-28,110565.901125749,-5000,2421.4146,53.069912,52.74982,2213.8435
1982-03-31,112865.127228307,-3382.54881378498,2213.8435,52.74982,52.867687,2265.2717
1982-04-30,150758.89896987,2125.5362028678,2265.2717,52.867687,52.222248,2055.687
1982-05-31,54138.4730511847,-3005.34479563583,2055.687,52.222248,55.455914,3387.72
1982-06-30,31294.5607109952,-4370.28698318352,3387.72,55.455914,59.96533,5271.5923
1982-07-31,11557.5646655624,-8586.04403659843,5271.5923,59.96533,70.66662,14424.627
1982-08-31,10207.3781018803,-9363.57602269424,14424.627,70.66662,77.191536,16184.009
1982-09-30,18808.4442208251,-8717.18700120155,16184.009,77.191536,69.58568,10918.72
1982-10-31,28206.9336913948,-6425.11131245643,10918.72,69.58568,62.605713,5818.2163
1982-11-30,26457.530700449,-6404.29805444235,5818.2163,62.605713,62.620605,6279.7666
1982-12-31,63281.6692084055,-5290.32258064516,6279.7666,62.620605,55.415325,3272.0764
1983-01-31,120721.226407681,10426.8720503413,3272.0764,55.415325,52.35825,2092.3381
1983-02-28,185300.760527441,11577.5207132968,2092.3381,52.35825,51.35026,1826.4744
1983-03-31,309636.193429299,22019.4567210023,1826.4744,51.35026,49.074795,894.15735
1983-04-30,92949.926414861,5531.88281435155,894.15735,49.074795,53.130043,2238.3257
1983-05-31,84926.4219440964,5556.18111709181,2238.3257,53.130043,53.295597,2433.0757
1983-06-30,87718.5205473571,4632.41288424325,2433.0757,53.295597,52.61883,2360.5056
1983-07-31,38229.9205435732,-3966.97177107486,2360.5056,52.61883,57.933487,4275.9624
1983-08-31,21593.1615922675,-7340.34776119836,4275.9624,57.933487,63.863888,7797.683
1983-09-30,23136.0763110169,-8572.992435637,7797.683,63.863888,64.33988,7341.1914
1983-10-31,18242.7563070662,-6551.83990061593,7341.1914,64.33988,66.56038,9089.295
1983-11-30,58021.0409801302,-50.5731886990818,9089.295,66.56038,56.52557,2760.2134
1983-12-31,165185.905937852,3115.73654654137,2760.2134,56.52557,51.388264,1927.8206
1984-01-31,59979.5460556407,-3428.45608973464,1927.8206,51.388264,54.80533,2974.7341
1984-02-29,41037.5013843822,-4482.75862068966,2974.7341,54.80533,57.580227,3953.3105
1984-03-31,44455.6674543983,-3650,3953.3105,57.580227,57.223827,3467.6052
1984-04-30,16464.090603945,-4130,3467.6052,57.223827,65.991165,9924.88
1984-05-31,17373.2982062178,-4153.63294980447,9924.88,65.991165,68.9434,10461.495
1984-06-30,10200,-4505,10461.495,68.9434,75.248116,16695.783
1984-07-31,10200,-11053.7379319339,16695.783,75.248116,78.55224,17693.557
1984-08-31,10200,-10243.7006486021,17693.557,78.55224,78.09989,17088.08
1984-09-30,3793.73328133012,-11078.2831135546,17088.08,78.09989,83.700066,23677.572
1984-10-31,4556.3139676996,-8384.43630865425,23677.572,83.700066,87.563,24125.297
1984-11-30,18977.601067128,-8823.62095884452,24125.297,87.563,75.83781,11343.703
1984-12-31,20750.3775599196,-5290.32258064516,11343.703,75.83781,66.40996,8336.136
1985-01-31,7632.46594286864,-5000,8336.136,66.40996,76.58789,17905.77
1985-02-28,14700.9174590901,-4030.35714285714,17905.77,76.58789,75.91221,13395.256
1985-03-31,13656.1265825616,-3500,13395.256,75.91221,72.82893,13553.007
1985-04-30,8511.77252963849,-2331.8872804083,13553.007,72.82893,78.16914,17580.795
1985-05-31,10181.8459041069,-3066.47433498115,17580.795,78.16914,80.05048,16069.322
1985-06-30,7100,-4400,16069.322,80.05048,82.19964,19904.518
1985-07-31,5000,-11100.938241963,19904.518,82.19964,86.28759,23319.514
1985-08-31,4316.65174206046,-7464.41782239583,23319.514,86.28759,89.58183,24121.451
1985-09-30,3446.11243349281,-6755.92583221449,24121.451,89.58183,91.42752,24671.572
1985-10-31,4140.03162480163,-4515.07061342402,24671.572,91.42752,92.18256,25424.982
1985-11-30,7338.33546211304,-5351.38649984678,25424.982,92.18256,89.63126,23012.756
1985-12-31,7624.55688724576,-7866.10691194541,23012.756,89.63126,87.12444,21470.936
1986-01-31,27418.9613446635,-3126.93548387097,21470.936,87.12444,68.14825,7285.1963
1986-02-28,231970.898884219,474.269670053881,7285.1963,68.14825,51.05356,1292.5374
1986-03-31,163890.028008862,3205.0626809263,1292.5374,51.05356,52.226383,1893.1068
1986-04-30,28432.2521549921,-3547.13641746904,1893.1068,52.226383,60.516945,7014.747
1986-05-31,15648.7230394205,-4899.88679877164,7014.747,60.516945,68.081764,11809.079
1986-06-30,10535.0871088042,-4356.91086004975,11809.079,68.081764,75.20814,15593.75
1986-07-31,10200,-8267.48262691804,15593.75,75.20814,78.212585,16188.56
1986-08-31,10200,-10070.9539496981,16188.56,78.212585,77.89024,16943.518
1986-09-30,4256.07642005051,-10573.433327835,16943.518,77.89024,83.07683,22995.395
1986-10-31,4000,-9242.07866352127,22995.395,83.07683,87.59704,23071.021
1986-11-30,4587.81510600344,-9639.77914074921,23071.021,87.59704,90.976036,22729.215
1986-12-31,8035.19918817852,-2984.61328522596,22729.215,90.976036,89.26577,21315.059
1987-01-31,9154.6449727607,-5000,21315.059,89.26577,86.07387,20437.455
1987-02-28,18875.1202538697,-3580.35714285714,20437.455,86.07387,73.23907,12270.778
1987-03-31,21051.8131776022,-3905,12270.778,73.23907,65.975655,9020.175
1987-04-30,10592.2233091045,-2720.61173134755,9020.175,65.975655,73.37939,15068.667
1987-05-31,9317.88169837803,-2654.8812185459,15068.667,73.37939,79.688774,17760.637
1987-06-30,7100,-4400,17760.637,79.688774,83.06127,20780.951
1987-07-31,5000,-6770.85382982261,20780.951,83.06127,86.73442,22767.225
1987-08-31,3500,-5274.91488206927,22767.225,86.73442,90.29305,24563.178
1987-09-30,3000,-4617.72233885488,24563.178,90.29305,92.89526,26363.496
1987-10-31,4088.62072074404,-4031.046903445,26363.496,92.89526,92.988045,25969.354
1987-11-30,5529.92522569824,-3097.44919942332,25969.354,92.988045,91.828255,25004.08
1987-12-31,13134.0007540952,-5290.32258064516,25004.08,91.828255,82.84368,15663.243
1988-01-31,21499.3719148586,-3875.96774193548,15663.243,82.84368,68.54068,9265.542
1988-02-29,9189.655,-3775.66093733812,9265.542,68.54068,74.308334,15694.101
1988-03-31,8000.8066,-2243.22755344136,15694.101,74.308334,80.52503,18056.28
1988-04-30,8347.73017027576,-1329.10866199836,18056.28,80.52503,81.38239,19278.486
1988-05-31,4861.84330329645,-2109.34079166949,19278.486,81.38239,85.442024,21532.924
1988-06-30,4038.12446505756,-2098.63384095118,21532.924,85.442024,89.26552,24620.035
1988-07-31,4000,-4128.57822034337,24620.035,89.26552,91.59995,25319.842
1988-08-31,3000,-3665.04183452196,25319.842,91.59995,92.66971,26036.637
1988-09-30,3000,-3353.22881550392,26036.637,92.66971,93.44047,26415.814
1988-10-31,3000,-1861.49171214556,26415.814,93.44047,94.47369,27151.979
1988-11-30,6585.76174259045,-2664.05971443165,27151.979,94.47369,91.82962,24340.479
1988-12-31,6260.24218137148,-3548.98209096454,24340.479,91.82962,89.80285,22898.557
1989-01-31,10599.4069385663,-2683.97860469916,22898.557,89.80285,84.91761,17700.338
1989-02-28,9557.143,-2408.62294135469,17700.338,84.91761,82.26265,16729.588
1989-03-31,56198.3434042885,-4325,16729.588,82.26265,58.326527,3046.1758
1989-04-30,18695.0355634874,-2738.49680155681,3046.1758,58.326527,64.547134,9714.433
1989-05-31,10661.29,-3215.9211046395,9714.433,64.547134,74.55962,14410.96
1989-06-30,7112.65998695787,-4400,14410.96,74.55962,81.58452,19129.514
1989-07-31,5000,-11768.3333080667,19129.514,81.58452,85.38837,22969.344
1989-08-31,3714.15454044022,-9223.29231176213,22969.344,85.38837,88.71656,24685.525
1989-09-30,5066.32530021286,-7577.88802345474,24685.525,88.71656,89.90734,23320.885
1989-10-31,4127.01073414354,-5344.40031005736,23320.885,89.90734,89.662926,24524.787
1989-11-30,6185.03663579158,-5338.21291506186,24524.787,89.662926,90.0582,22987.182
1989-12-31,5073.50518309505,-3383.23560940386,22987.182,90.0582,90.410866,23524.658
1990-01-31,13339.5673456841,-4055,23524.658,90.410866,82.85239,14521.919
1990-02-28,12045.0610045332,-4250,14521.919,82.85239,75.47022,14626.928
1990-03-31,8243.56677676877,-3827.58879225369,14626.928,75.47022,79.30907,18127.604
1990-04-30,9061.58595968687,-921.854385790593,18127.604,79.30907,80.9643,18213.262
1990-05-31,7506.60889748408,-2002.81600482013,18213.262,80.9643,82.5034,19292.828
1990-06-30,4000,-1379.0474012984,19292.828,82.5034,86.80876,23094.049
1990-07-31,4000,-2510.34675910992,23094.049,86.80876,90.668015,24942.504
1990-08-31,3000,-1896.57757214926,24942.504,90.668015,92.25202,26410.1
1990-09-30,3000,-3158.2272479917,26410.1,92.25202,93.10852,26468.45
1990-10-31,3000,-3117.99545608195,26468.45,93.10852,94.28667,26661.201
1990-11-30,5871.36486631598,-1306.51153075215,26661.201,94.28667,92.91363,25314.777
1990-12-31,5187.08412184587,-1543.58739446875,25314.777,92.91363,92.18664,25641.637
1991-01-31,10367.3177711402,-161.671444371905,25641.637,92.18664,86.50654,19293.99
1991-02-28,8430.66902981043,-2917.60649591675,19293.99,86.50654,84.0711,19589.723
1991-03-31,29763.8297299253,-4325,19589.723,84.0711,65.61077,5606.5596
1991-04-30,7861.46135522422,-1945.9403648925,5606.5596,65.61077,74.040665,15805.388
1991-05-31,4852.60407211825,-2290.00477936657,15805.388,74.040665,86.14918,21198.475
1991-06-30,3188.33443118394,-1595.57310121454,21198.475,86.14918,89.82823,24861.906
1991-07-31,3000,-2143.48373919888,24861.906,89.82823,92.777275,25984.229
1991-08-31,3000,-2042.31470416353,25984.229,92.777275,93.273026,26582.951
1991-09-30,3664.82413444437,-2493.65705129326,26582.951,93.273026,92.832565,26199.717
1991-10-31,3000,-2758.81173446033,26199.717,92.832565,93.908936,26518.248
1991-11-30,5162.24934139555,-355.54463313823,26518.248,93.908936,93.30467,24886.31
1991-12-31,7206.15405349027,-1391.88411554644,24886.31,93.30467,90.41628,22795.4
1992-01-31,9900.83046163892,-1006.09147257556,22795.4,90.41628,85.54849,19854.402
1992-02-29,33237.4998042482,-3676.72413793103,19854.402,85.54849,64.68815,5471.911
1992-03-31,18063.8550851364,-4325,5471.911,64.68815,65.43021,9283.319
1992-04-30,7396.61975324182,-2097.25542403479,9283.319,65.43021,77.44377,16675.174
1992-05-31,7377.4194,-1838.47152701842,16675.174,77.44377,83.46866,18530.545
1992-06-30,7100,-1475.76726991645,18530.545,83.46866,83.90339,20321.754
1992-07-31,4000,-2449.09608504762,20321.754,83.90339,87.65495,23999.236
1992-08-31,3000,-2195.52624813244,23999.236,87.65495,91.588005,25903.86
1992-09-30,3000,-3837.70123423952,25903.86,91.588005,93.063934,26520.926
1992-10-31,3000,-2768.79574570171,26520.926,93.063934,94.31888,27028.475
1992-11-30,7055.06350011306,-445.55722690862,27028.475,94.31888,91.45951,23631.37
1992-12-31,7857.32108575878,-8138.63909824839,23631.37,91.45951,87.622604,21562.213
1993-01-31,63546.1575882729,-3645.16129032258,21562.213,87.622604,57.768867,2744.4128
1993-02-28,55110.3056437748,-4030.35714285714,2744.4128,57.768867,55.367817,3216.775
1993-03-31,54478.7430116843,-3575,3216.775,55.367817,55.50479,3407.4934
1993-04-30,26229.3820104401,-3995,3407.4934,55.50479,61.637863,7086.406
1993-05-31,27157.261250787,-3846.18973843308,7086.406,61.637863,62.499687,6091.167
1993-06-30,24080.1508795685,-4490,6091.167,62.499687,63.629646,7758.9507
1993-07-31,11189.5189637801,-11244.0602759742,7758.9507,63.629646,73.771286,15963.304
1993-08-31,10200,-11061.5090676709,15963.304,73.771286,78.32003,17069.596
1993-09-30,3190.11697358049,-11249.0942054445,17069.596,78.32003,84.84277,23373.506
1993-10-31,4371.41809210285,-9480.31997680035,23373.506,84.84277,89.91954,23811.223
1993-11-30,5977.24320117587,-6763.62698757888,23811.223,89.91954,90.185616,22927.03
1993-12-31,8892.43325886183,-5864.22744539143,22927.03,90.185616,86.82506,20946.447
1994-01-31,8325.13365499235,-4745,20946.447,86.82506,84.278,20907.451
1994-02-28,21214.8938689359,-4250,20907.451,84.278,71.268074,10255.545
1994-03-31,9320.564,-3612.85521807224,10255.545,71.268074,74.75636,15893.096
1994-04-30,10531.8655125028,-1768.73595849699,15893.096,74.75636,79.02592,17111.137
1994-05-31,6257.50084006169,-2292.27504885436,17111.137,79.02592,82.9413,20610.178
1994-06-30,4000,-3882.11631772226,20610.178,82.9413,87.487564,23282.457
1994-07-31,4000,-7192.67752506385,23282.457,87.487564,90.60117,24319.715
1994-08-31,3000,-5423.80205547092,24319.715,90.60117,92.2112,25840.193
1994-09-30,3000,-4127.24336584046,25840.193,92.2112,93.20096,26262.533
1994-10-31,3000,-3643.33442647274,26262.533,93.20096,94.35776,26979.143
1994-11-30,6381.3721624284,-3035.66086441437,26979.143,94.35776,92.50905,23861.87
1994-12-31,7970.24487940278,-6732.31331530853,23861.87,92.50905,88.58789,20634.271
1995-01-31,137937.004108242,-3645.16129032258,20634.271,88.58789,54.009518,2189.8704
1995-02-28,56278.6999268921,-4464.28571428572,2189.8704,54.009518,55.109417,3121.0442
1995-03-31,194156.42687423,-3935.98174428935,3121.0442,55.109417,51.519814,1827.7709
1995-04-30,65369.1946211668,-3679.02559636523,1827.7709,51.519814,54.444717,2688.3674
1995-05-31,73839.5862962754,-1473.75060826609,2688.3674,54.444717,53.79283,2616.5688
1995-06-30,46180.9104156436,-4694.36233391574,2616.5688,53.79283,56.458458,3841.1501
1995-07-31,18759.5534874575,-6975.69081921398,3841.1501,56.458458,64.832054,10321.565
1995-08-31,10362.6344086129,-9871.38861776258,10321.565,64.832054,73.84921,15495.1
1995-09-30,9035.57904723541,-10526.9048269932,15495.1,73.84921,78.7989,17813.97
1995-10-31,6776.9529186488,-9639.90375967397,17813.97,78.7989,82.30095,20479.713
1995-11-30,4500,-9868.72556410646,20479.713,82.30095,87.19263,22570.328
1995-12-31,25750.8962165151,-5290.32258064516,22570.328,87.19263,68.87353,7269.28
1996-01-31,42190.5899586494,-4516.12903225807,7269.28,68.87353,58.383247,3861.6206
1996-02-29,131996.150158537,-3478.9478233394,3861.6206,58.383247,52.49786,2179.7715
1996-03-31,66358.8604698043,-4550,2179.7715,52.49786,54.22094,2713.9968
1996-04-30,34604.6462899447,-4130,2713.9968,54.22094,58.758442,4483.237
1996-05-31,48228.7962978497,-4134.51778361053,4483.237,58.758442,56.77712,3517.356
1996-06-30,12330.3719774314,-4505,3517.356,56.77712,68.66184,13915.774
1996-07-31,10384.1282900347,-11014.772475116,13915.774,68.66184,77.28694,17195.852
1996-08-31,10200,-10991.4957372465,17195.852,77.28694,77.95344,17191.518
1996-09-30,3381.14436001443,-11114.2897093806,17191.518,77.95344,83.96176,23495.275
1996-10-31,4368.29090656334,-9334.90178130676,23495.275,83.96176,88.29955,23142.111
1996-11-30,11305.0481562298,-8354.08641996471,23142.111,88.29955,83.877655,17430.162
1996-12-31,91583.8034763103,-5067.9774106075,17430.162,83.877655,54.9346,2482.1555
1997-01-31,279963.663408379,22450.4506186649,2482.1555,54.9346,49.208492,967.8995
1997-02-28,67844.3227926949,1443.30929246857,967.8995,49.208492,54.29477,2807.2751
1997-03-31,23206.3520444826,-3650,2807.2751,54.29477,62.328728,7323.973
1997-04-30,12276.0011495931,-3473.08125067069,7323.973,62.328728,71.062996,14073.372
1997-05-31,10882.7528009425,-4041.58358361095,14073.372,71.062996,77.31516,15199.226
1997-06-30,10665.906093426,-4505,15199.226,77.31516,78.18258,15817.28
1997-07-31,11204.4788769415,-10761.9381993514,15817.28,78.18258,77.4475,15995.397
1997-08-31,10200,-11084.4844309022,15995.397,77.4475,77.67735,16945.824
1997-09-30,3000,-10262.456105513,16945.824,77.67735,84.232994,23904.943
1997-10-31,4000,-8497.94582131885,23904.943,84.232994,89.77676,23685.12
1997-11-30,8862.44562324783,-8511.38747323398,23685.12,89.77676,87.503784,20024.709
1997-12-31,9832.91157344481,-9882.17221211123,20024.709,87.503784,82.18438,19512.932
1998-01-31,88110.3337466425,-3645.16129032258,19512.932,82.18438,54.97365,2584.115
1998-02-28,259544.834339715,2739.12027933859,2584.115,54.97365,49.68649,1114.8732
1998-03-31,92455.9059118757,-3523.03442268909,1114.8732,49.68649,53.069508,2401.9998
1998-04-30,49151.6855940618,-2408.25068313962,2401.9998,53.069508,55.953712,3415.6284
1998-05-31,66905.7112388749,-1478.42104099079,3415.6284,55.953712,54.27979,2806.4966
1998-06-30,65762.3346530644,-3262.3292975311,2806.4966,54.27979,54.011814,2799.5974
1998-07-31,25487.8558674202,-6617.10417983304,2799.5974,54.011814,61.67814,7123.9624
1998-08-31,13862.1656199686,-8822.15844658373,7123.9624,61.67814,69.24203,12467.361
1998-09-30,16168.9079506472,-9526.29508794179,12467.361,69.24203,70.051445,11569.953
1998-10-31,13659.0881851957,-8631.99909391815,11569.953,70.051445,71.80694,13330.33
1998-11-30,24391.953778608,-8690.37839465721,13330.33,71.80694,65.77546,7387.466
1998-12-31,28541.2395639279,-5290.32258064516,7387.466,65.77546,62.19828,6000.7925
1999-01-31,35350.4538185617,-4516.12903225806,6000.7925,62.19828,59.93969,5438.8545
1999-02-28,108631.0720872,-4223.21428571428,5438.8545,59.93969,53.05022,2271.5586
1999-03-31,61411.4049687943,-3650,2271.5586,53.05022,54.583168,2846.6687
1999-04-30,21906.4052783243,-3457.55103901944,2846.6687,54.583168,62.842033,7427.3003
1999-05-31,22869.9357973379,-4010.31380369714,7427.3003,62.842033,64.55342,7606.2007
1999-06-30,13090.7516681971,-4505,7606.2007,64.55342,70.70775,13799.124
1999-07-31,10224.1295094086,-11118.0005230434,13799.124,70.70775,76.81688,16791.088
1999-08-31,10200,-11228.2893832729,16791.088,76.81688,77.89676,16786.236
1999-09-30,3610.37214357709,-11093.6271209255,16786.236,77.89676,83.74466,23416.053
1999-10-31,4057.20551139123,-9577.3114019469,23416.053,83.74466,88.30196,23870.78
1999-11-30,6869.53795416458,-9390.21119058826,23870.78,88.30196,88.84129,21868.166
1999-12-31,6808.3318846613,-3809.78025027531,21868.166,88.84129,87.062454,20606.396
2000-01-31,29429.8012095165,-3645.16129032258,20606.396,87.062454,66.44957,5964.1353
2000-02-29,120662.310809241,-4625,5964.1353,66.44957,52.81662,2249.1172
2000-03-31,78473.4588491656,-4025,2249.1172,52.81662,53.57517,2610.49
2000-04-30,19664.3757646361,-3995,2610.49,53.57517,63.44173,8750.326
2000-05-31,16084.8307873897,-4190,8750.326,63.44173,68.983795,10738.257
2000-06-30,10200,-4490,10738.257,68.983795,75.73328,15893.898
2000-07-31,10200,-10398.0160739988,15893.898,75.73328,79.179474,17746.705
2000-08-31,10200,-9821.35096413292,17746.705,79.179474,79.05131,17660.982
2000-09-30,3055.10829549905,-10533.113213181,17660.982,79.05131,84.946396,23684.8
2000-10-31,4864.97339827696,-7386.85586668477,23684.8,84.946396,88.86785,24205.654
2000-11-30,5169.11565219535,-5666.4138974733,24205.654,88.86785,90.57532,23215.95
2000-12-31,6303.37936627089,-3787.58716146446,23215.95,90.57532,90.2427,22752.928
2001-01-31,13545.7801708456,-4745,22752.928,90.2427,82.26835,14610.438
2001-02-28,23881.2125324716,-3580.35714285714,14610.438,82.26835,66.56846,7536.3823
2001-03-31,22226.0319331013,-3905,7536.3823,66.56846,64.32738,7747.3022
2001-04-30,10546.5216958707,-2069.10022054885,7747.3022,64.32738,73.09081,16149.136
2001-05-31,9726.30775148847,-2893.32169973439,16149.136,73.09081,79.37772,17104.389
2001-06-30,7100,-4400,17104.389,79.37772,82.3057,19879.576
2001-07-31,5000,-6215.46283505481,19879.576,82.3057,86.14839,22911.86
2001-08-31,3500,-4895.32756067374,22911.86,86.14839,90.57491,25225.723
2001-09-30,3692.51270055196,-5581.48625365669,25225.723,90.57491,92.06388,25647.062
2001-10-31,4000,-3938.20932350442,25647.062,92.06388,92.3175,24978.02
2001-11-30,7083.78787086914,-6055.75077166581,24978.02,92.3175,89.83036,22441.521
2001-12-31,34026.6906697878,-5290.32258064516,22441.521,89.83036,64.99418,5930.8833
2002-01-31,43769.3104363891,-3875.96774193548,5930.8833,64.99418,57.745167,3988.4333
2002-02-28,18634.1893985332,-4030.35714285714,3988.4333,57.745167,64.67492,10124.752
2002-03-31,19381.2935232984,-3500,10124.752,64.67492,66.54755,9242.867
2002-04-30,9427.7499156035,-2678.07280170442,9242.867,66.54755,74.77202,16014.159
2002-05-31,9800.53740861291,-2695.01474765433,16014.159,74.77202,79.87953,17343.81
2002-06-30,7243.3335,-4400,17343.81,79.87953,82.105,20257.723
2002-07-31,5000,-11465.786374688,20257.723,82.105,85.637375,22655.23
2002-08-31,3500,-6572.16362521564,22655.23,85.637375,89.61789,24804.145
2002-09-30,3803.77395433452,-5766.77643426861,24804.145,89.61789,91.56168,25185.97
2002-10-31,4000,-5093.43233706501,25185.97,91.56168,92.165955,25274.693
2002-11-30,6119.60888209542,-5879.85357624604,25274.693,92.165955,90.99607,23297.293
2002-12-31,41497.2171878768,-5290.32258064516,23297.293,90.99607,63.191322,3651.863
2003-01-31,57241.1940326377,-3875.96774193548,3651.863,63.191322,55.640175,3062.3044
2003-02-28,23490.4550648204,-3741.07142857143,3062.3044,55.640175,62.275394,7524.7017
2003-03-31,21315.5274818599,-3500,7524.7017,62.275394,64.90481,7867.105
2003-04-30,33913.003784354,-2550.18838034653,7867.105,64.90481,60.64584,4288.849
2003-05-31,33975.2980052595,-3402.8797602254,4288.849,60.64584,60.025677,4629.597
2003-06-30,10200,-4490,4629.597,60.025677,71.70813,15438.368
2003-07-31,10200,-11464.8699358212,15438.368,71.70813,78.767006,17532.152
2003-08-31,10200,-10554.9460676576,17532.152,78.767006,78.789444,17191.795
2003-09-30,3374.54571669761,-11289.7709828079,17191.795,78.789444,84.64308,23605.518
2003-10-31,4000,-6839.37823442617,23605.518,84.64308,89.74642,24890.396
2003-11-30,6521.20928693525,-5373.15715429122,24890.396,89.74642,89.61145,23655.652
2003-12-31,27248.9335272848,-5290.32258064516,23655.652,89.61145,68.918434,7065.4688
2004-01-31,30011.7705891546,-4343.38709677419,7065.4688,68.918434,61.437824,5351.3706
2004-02-29,83160.8374958719,-4187.93103448276,5351.3706,61.437824,53.99975,2497.4592
2004-03-31,45624.5116833485,-3575,2497.4592,53.99975,56.638203,3580.018
2004-04-30,11763.7794097279,-2771.64618920596,3580.018,56.638203,69.02016,12992.134
2004-05-31,8691.26409900149,-2731.63249534418,12992.134,69.02016,79.32223,16674.61
2004-06-30,7121.74638938716,-4475,16674.61,79.32223,83.07754,19795.832
2004-07-31,8492.64662519593,-11404.8336777806,19795.832,83.07754,82.7624,20210.37
2004-08-31,4000,-11164.3274048185,20210.37,82.7624,87.14023,23820.494
2004-09-30,3926.73882464629,-7076.70348885524,23820.494,87.14023,90.05123,24572.031
2004-10-31,6329.22857355086,-7164.12076702029,24572.031,90.05123,88.66526,22962.004
2004-11-30,5884.24250376497,-6097.42197613363,22962.004,88.66526,89.0175,23160.451
2004-12-31,17746.1163609717,-5290.32258064516,23160.451,89.0175,76.76621,12501.822
2005-01-31,39551.1436613692,-4363.70967741936,12501.822,76.76621,59.87613,4516.859
2005-02-28,26674.9332599133,-4030.35714285714,4516.859,59.87613,61.838703,6337.281
2005-03-31,44818.038683339,-3500,6337.281,61.838703,57.760677,3819.0278
2005-04-30,22520.00661829,-4430,3819.0278,57.760677,63.34242,8868.24
2005-05-31,53089.819163019,-4715,8868.24,63.34242,56.750134,3411.6099
2005-06-30,23058.6317730657,-4850,3411.6099,56.750134,62.963135,7902.211
2005-07-31,7324.77990125408,-9740.08059966548,7902.211,62.963135,77.54251,18188.975
2005-08-31,4000,-10765.7650399561,18188.975,77.54251,85.54376,23240.7
2005-09-30,6181.60548865469,-10342.2713091313,23240.7,85.54376,85.6605,21815.234
2005-10-31,4007.81841999123,-9427.82463726603,21815.234,85.6605,88.05025,22987.287
2005-11-30,5603.91415457833,-9042.07592625097,22987.287,88.05025,90.37205,22462.875
2005-12-31,76775.7438106931,-5290.32258064516,22462.875,90.37205,57.295647,2623.8894
2006-01-31,128836.653751531,-3957.91016683377,2623.8894,57.295647,52.424118,2192.3843
2006-02-28,57075.3290492706,-4464.28571428571,2192.3843,52.424118,55.09354,3060.7407
2006-03-31,122845.902335737,-801.743615686569,3060.7407,55.09354,52.73462,2158.685
2006-04-30,148412.827747796,1947.91750141532,2158.685,52.73462,52.1849,1984.8075
2006-05-31,63093.6915924642,1196.09163893648,1984.8075,52.1849,54.534107,2917.7915
2006-06-30,22660.4490753954,-4467.80861129214,2917.7915,54.534107,62.854538,8658.565
2006-07-31,11242.1,-9660.36431815997,8658.565,62.854538,72.2717,14928.008
2006-08-31,10200,-9977.40697787317,14928.008,72.2717,77.211334,15911.331
2006-09-30,7422.68653865212,-9952.05675303234,15911.331,77.211334,80.39461,19670.807
2006-10-31,4343.41148636309,-9261.42420323622,19670.807,80.39461,85.25651,23171.85
2006-11-30,6250.56237530115,-9308.30530245908,23171.85,85.25651,88.235115,22207.918
2006-12-31,10357.2774480218,-9512.97663121203,22207.918,88.235115,83.21956,17933.424
2007-01-31,6356.68672917082,-5000,17933.424,83.21956,83.691444,21953.635
2007-02-28,26922.3900848596,-3625.89285714286,21953.635,83.691444,67.79132,7481.1206
2007-03-31,14337.4956171708,-3500,7481.1206,67.79132,68.54995,11817.229
2007-04-30,10166.667,-2449.96156576599,11817.229,68.54995,76.04677,15308.529
2007-05-31,9398.27282514217,-2762.61061292492,15308.529,76.04677,79.65078,16841.506
2007-06-30,7100,-4400,16841.506,79.65078,82.48516,20440.896
2007-07-31,5000,-11511.2347076485,20440.896,82.48516,86.18838,23491.832
2007-08-31,4656.55798726292,-8202.74069398722,23491.832,86.18838,89.147644,23754.252
2007-09-30,3654.24706742135,-6809.13282406445,23754.252,89.147644,90.932816,24925.729
2007-10-31,4000,-4930.51615018234,24925.729,90.932816,92.18964,25747.572
2007-11-30,6325.40976931588,-6296.37230206724,25747.572,92.18964,90.89641,23880.72
2007-12-31,6779.95725131495,-3686.45538579719,23880.72,90.89641,89.092705,20758.594
2008-01-31,25687.7981689296,-3126.93548387097,20758.594,89.092705,69.275314,5971.649
2008-02-29,22588.0122066742,-4040.51724137931,5971.649,69.275314,64.1914,7091.1797
2008-03-31,12691.532,-2772.05604174398,7091.1797,64.1914,70.76383,12978.297
2008-04-30,8941.69162501345,-2391.36143584246,12978.297,70.76383,78.27184,16720.65
2008-05-31,7100,-2507.67399400697,16720.65,78.27184,82.73544,18625.547
2008-06-30,7243.3335,-3467.85825598775,18625.547,82.73544,84.03328,20598.566
2008-07-31,4000,-4060.47411477126,20598.566,84.03328,87.780464,24743.92
2008-08-31,3108.26179124989,-3150.2471451091,24743.92,87.780464,91.556496,26429.658
2008-09-30,3000,-4476.51110213413,26429.658,91.556496,92.76708,26381.41
2008-10-31,3324.59191513952,-3511.92957853859,26381.41,92.76708,93.822586,26442.252
2008-11-30,4862.495924364,-3206.53038424042,26442.252,93.822586,93.702545,25919.479
2008-12-31,6456.29672626323,-2139.61567149887,25919.479,93.702545,91.41005,23140.857
2009-01-31,6564.56365869236,-3193.25970472867,23140.857,91.41005,89.193436,21511.078
2009-02-28,27020.5693782926,-3808.03571428571,21511.078,89.193436,69.84672,6770.2607
2009-03-31,26790.0584645124,-3905,6770.2607,69.84672,62.35678,6164.052
2009-04-30,14877.0615561621,-2792.07676015298,6164.052,62.35678,68.54605,12466.097
2009-05-31,10688.1472387224,-3029.62980487375,12466.097,68.54605,75.98136,15840.195
2009-06-30,9920,-4400,15840.195,75.98136,78.97632,16336.704
2009-07-31,5000,-6073.20410131534,16336.704,78.97632,83.59374,20918.338
2009-08-31,3500,-5211.35972507192,20918.338,83.59374,88.309296,24723.168
2009-09-30,3000,-6299.25397532531,24723.168,88.309296,91.55798,26135.104
2009-10-31,5075.10678044321,-5497.43698159323,26135.104,91.55798,91.312515,22751.174
2009-11-30,4500,-3810.62300949197,22751.174,91.312515,92.20265,23923.672
2009-12-31,6439.90603650911,-3743.48687231476,23923.672,92.20265,91.13315,22936.875
2010-01-31,30264.7225406109,-3126.93548387097,22936.875,91.13315,68.0666,5451.4404
2010-02-28,37103.58587871,-4030.35714285714,5451.4404,68.0666,59.257168,4858.8013
2010-03-31,20033.3740843063,-3905,4858.8013,59.257168,64.41072,8436.611
2010-04-30,26991.8582259301,-3504.17198628788,8436.611,64.41072,63.17833,6467.37
2010-05-31,19339.8088086223,-3628.82390837093,6467.37,63.17833,65.95005,9489.151
2010-06-30,13903.6628624857,-4475,9489.151,65.95005,70.8634,13670.216
2010-07-31,6500,-10610.8140268586,13670.216,70.8634,80.81614,19343.809
2010-08-31,4000,-11450.4653789768,19343.809,80.81614,86.14568,23426.81
2010-09-30,4982.93106021639,-8830.66338564648,23426.81,86.14568,88.00171,23708.4
2010-10-31,8613.795682718,-9193.15763359177,23708.4,88.00171,84.78192,19682.854
2010-11-30,7573.33092317855,-9210.66824094744,19682.854,84.78192,83.55736,20152.576
2010-12-31,57785.3306387251,-5290.32258064516,20152.576,83.55736,58.275566,3154.0344
2011-01-31,30577.232293274,-4363.70967741936,3154.0344,58.275566,60.354717,6404.4766
2011-02-28,33879.5445248318,-4170.62724737611,6404.4766,60.354717,60.069553,5331.759
2011-03-31,125881.681274177,2152.07668267261,5331.759,60.069553,52.82623,2121.6235
2011-04-30,49772.6037418896,-3742.43471555202,2121.6235,52.82623,55.97504,3251.1648
2011-05-31,41439.2016724501,-4776.22989015162,3251.1648,55.97504,57.673603,3936.705
2011-06-30,52029.7317071456,-3666.66146822548,3936.705,57.673603,56.104992,3146.3738
2011-07-31,18028.117585691,-8079.27246311328,3146.3738,56.104992,65.13066,11323.53
2011-08-31,10362.6344086128,-9118.3839437326,11323.53,65.13066,74.090164,15613.269
2011-09-30,10682.3774871124,-9721.02399073559,15613.269,74.090164,77.13847,16004.88
2011-10-31,11640.1141709543,-8709.90861473465,16004.88,77.13847,76.80514,16265.319
2011-11-30,5019.47710837934,-9108.9918536298,16265.319,76.80514,82.947136,22517.797
2011-12-31,4500,-6805.35691546287,22517.797,82.947136,87.71794,23256.38
2012-01-31,11074.0296779381,-5000,23256.38,87.71794,84.11285,17074.69
2012-02-29,9732.97378937857,-4250,17074.69,84.11285,81.90033,16732.473
2012-03-31,33046.6325840792,-3905,16732.473,81.90033,63.292274,4931.778
2012-04-30,26460.3339940551,-2741.94386989395,4931.778,63.292274,62.15734,6580.794
2012-05-31,11567.3708939559,-3155.7563452978,6580.794,62.15734,71.48247,13778.01
2012-06-30,7112.93396568529,-4475,13778.01,71.48247,81.07324,19148.379
2012-07-31,7869.25438845158,-10938.634977894,19148.379,81.07324,82.66535,19849.209
2012-08-31,4000,-10728.9257564261,19849.209,82.66535,86.14713,23446.12
2012-09-30,3166.37526996794,-6479.25673857379,23446.12,86.14713,90.61997,25216.002
2012-10-31,4000,-5302.63695284345,25216.002,90.61997,92.36839,24695.893
2012-11-30,7322.11325168131,-7523.16962405596,24695.893,92.36839,90.16369,22437.111
2012-12-31,61845.6992930601,-5290.32258064516,22437.111,90.16369,58.17277,2869.7732
2013-01-31,16429.8904232629,-4775,2869.7732,58.17277,65.615585,10058.63
2013-02-28,18171.3608666736,-3875,10058.63,65.615585,67.95739,9948.175
2013-03-31,9974.18533939397,-3500,9948.175,67.95739,74.559494,15465.736
2013-04-30,9715.07696762748,-2002.71518010907,15465.736,74.559494,79.12766,17603.777
2013-05-31,9738.59477158835,-2938.11037330426,17603.777,79.12766,80.08625,17030.977
2013-06-30,7112.93577971514,-4400,17030.977,80.08625,82.264175,19795.025
2013-07-31,5000,-10998.4900365793,19795.025,82.264175,85.96509,22320.125
2013-08-31,3500,-5810.64631831221,22320.125,85.96509,89.77932,25037.916
2013-09-30,3501.14399671295,-5357.31998433718,25037.916,89.77932,91.79632,25679.748
2013-10-31,4575.98250985829,-1527.9365385616,25679.748,91.79632,91.57614,23909.64
2013-11-30,4669.3840051705,-3326.67720069295,23909.64,91.57614,92.61582,24427.635
2013-12-31,6462.45637736384,-2593.05610735291,24427.635,92.61582,90.987656,22989.219
2014-01-31,6296.00043116022,-893.618893649083,22989.219,90.987656,89.34142,22284.932
2014-02-28,13314.9226902992,-4625,22284.932,89.34142,82.1168,14928.084
2014-03-31,15171.5244978827,-4325,14928.084,82.1168,72.71315,11558.417
2014-04-30,8993.61143161932,-1599.4766369932,11558.417,72.71315,77.28623,16409.59
2014-05-31,4162.63440861291,-1816.86960110607,16409.59,77.28623,86.1609,21743.637
2014-06-30,3000,-1566.00402062117,21743.637,86.1609,90.31913,24568.623
2014-07-31,3000,-1655.81588345485,24568.623,90.31913,93.097565,25438.14
2014-08-31,3000,-1418.13634921415,25438.14,93.097565,93.42072,25792.754
2014-09-30,3646.2936629229,-3078.473952271,25792.754,93.42072,93.02485,25978.277
2014-10-31,3000,-2181.4267285896,25978.277,93.02485,93.9939,26792.135
2014-11-30,5729.82454464209,-1177.23289940517,26792.135,93.9939,92.7776,24674.814
2014-12-31,34617.155263362,-5290.32258064516,24674.814,92.7776,65.69332,5179.9253
2015-01-31,6000,-3803.64608526874,5179.9253,65.69332,75.64055,19233.719
2015-02-28,16919.6619850268,-4223.21428571429,19233.719,75.64055,75.09538,11150.417
2015-03-31,11400,-1411.53002456322,11150.417,75.09538,74.21591,14379.022
2015-04-30,7083.76771931165,-1311.23227643005,14379.022,74.21591,80.92732,19136.049
2015-05-31,7100,-860.233129955137,19136.049,80.92732,84.43597,18216.676
2015-06-30,7100,-1546.24150447121,18216.676,84.43597,84.21071,20510.5
2015-07-31,4000,-2297.99170180805,20510.5,84.21071,87.851395,24035.342
2015-08-31,3000,-2307.97657277055,24035.342,87.851395,91.51988,26175.809
2015-09-30,3000,-4349.65116019252,26175.809,91.51988,93.08089,25866.768
2015-10-31,3000,-1945.74825315028,25866.768,93.08089,94.41227,27068.238
2015-11-30,8059.79584589218,-366.943876016641,27068.238,94.41227,90.423546,24191.74
2015-12-31,7480.88279668081,-5011.72900382188,24191.74,90.423546,87.147,25658.299
2016-01-31,35442.5659200697,-160.987628494404,25658.299,87.147,64.042755,4257.08
2016-02-29,18870.69,-3811.47601204529,4257.08,64.042755,64.973175,8646.296
2016-03-31,59867.880148801,-3905,8646.296,64.973175,55.901665,2876.9487
2016-04-30,18821.076810417,-2662.03787887398,2876.9487,55.901665,64.395836,8899.903
2016-05-31,9444.758,-2743.17626913249,8899.903,64.395836,75.97414,15963.944
2016-06-30,7265.07988938717,-4475,15963.944,75.97414,81.89858,19696.025
2016-07-31,8606.85639599456,-10074.5970920938,19696.025,81.89858,82.138664,19525.957
2016-08-31,4000,-9211.41783039693,19525.957,82.138664,86.14832,23758.13
2016-09-30,3000,-5602.81200853419,23758.13,86.14832,90.803986,25883.834
2016-10-31,4000,-5892.51315542353,25883.834,90.803986,92.312004,23402.66
2016-11-30,7899.40305388051,-8029.42392383724,23402.66,92.312004,89.43615,21597.281
2016-12-31,42118.0271663803,-5290.32258064516,21597.281,89.43615,61.86984,5012.2744
2017-01-31,141925.827701754,-5000,5012.2744,61.86984,52.02323,2167.3335
2017-02-28,273357.099304196,7570.71324252017,2167.3335,52.02323,49.40848,1136.6466
2017-03-31,99295.0056629196,175.749469918983,1136.6466,49.40848,52.902565,2303.602
2017-04-30,78835.4974521593,-649.157874657802,2303.602,52.902565,53.554745,2471.7322
2017-05-31,41721.5744529978,-3445.34379814632,2471.7322,53.554745,57.344643,4623.818
2017-06-30,27817.5921891399,-1705.92393351064,4623.818,57.344643,61.32897,6452.9033
2017-07-31,11234.05739546,-8678.54713061302,6452.9033,61.32897,71.36413,14805.408
2017-08-31,10200,-9533.31327818671,14805.408,71.36413,77.2694,16156.433
2017-09-30,7931.78347696532,-9851.86237427536,16156.433,77.2694,79.86466,19292.986
2017-10-31,4000,-9358.53542267144,19292.986,79.86466,85.28724,22983.363
2017-11-30,13546.1114819939,-8954.24267625043,22983.363,85.28724,81.28704,14302.463
2017-12-31,7610.52910715855,-8007.98873143093,14302.463,81.28704,80.924515,23159.564
2018-01-31,18776.6802236221,-3645.16129032258,23159.564,80.924515,73.946045,11272.533
2018-02-28,10156.25,-3987.44442930767,11272.533,73.946045,73.959366,15868.739
2018-03-31,44060.6459174706,-3500,15868.739,73.959366,59.789196,3480.756
2018-04-30,32492.7784777401,-3481.47385943042,3480.756,59.789196,59.81073,5000.2344
2018-05-31,13760.081,-3803.75717948744,5000.2344,59.81073,69.17336,12434.175
2018-06-30,6339.05975356834,-4475,12434.175,69.17336,80.29873,20813.814
2018-07-31,9765.6627317168,-10637.2677837088,20813.814,80.29873,81.46075,18667.701
2018-08-31,4000,-10497.3247362036,18667.701,81.46075,85.02624,22701.584
2018-09-30,3000,-6945.37833539133,22701.584,85.02624,89.70212,25374.438
2018-10-31,4957.80907577947,-4454.19653680294,25374.438,89.70212,90.55393,25636.531
2018-11-30,5404.05843474841,-6129.42292106241,25636.531,90.55393,90.94918,23332.191
2018-12-31,8800.10420445246,-7126.56987718835,23332.191,90.94918,87.375496,18582.459
2019-01-31,37247.2004853708,-3521.77419354839,18582.459,87.375496,62.93061,4608.9634
2019-02-28,99556.8678791338,-4175,4608.9634,62.93061,53.28204,2347.9153
2019-03-31,119237.340348762,-4025,2347.9153,53.28204,52.70932,2248.4502
2019-04-30,62417.7570670804,-4111.59092338424,2248.4502,52.70932,54.553146,2994.9731
2019-05-31,37319.7949017416,-4505,2994.9731,54.553146,58.280922,3964.5703
2019-06-30,23973.0952749245,-5000,3964.5703,58.280922,62.97046,7594.343
2019-07-31,11356.9337813728,-9422.16427528036,7594.343,62.97046,72.03836,15017.862
2019-08-31,10200,-9802.62539456578,15017.862,72.03836,77.50633,17181.99
2019-09-30,6142.68415574879,-9884.53926983935,17181.99,77.50633,81.600815,20864.174
2019-10-31,4086.53025117716,-9138.03915458148,20864.174,81.600815,86.35049,23766.357
2019-11-30,7093.3075438904,-9050.89683698666,23766.357,86.35049,87.934166,23611.72
2019-12-31,19041.7190367425,-5290.32258064516,23611.72,87.934166,75.22148,12483.219
2020-01-31,10637.4855844068,-5000,12483.219,75.22148,74.405945,17466.98
2020-02-29,11144.827,-4208.92224934721,17466.98,74.405945,78.407166,16302.139
2020-03-31,10224.900390704,-3431.78732564076,16302.139,78.407166,78.14035,16396.965
2020-04-30,9366.55927886375,-2280.32463466152,16396.965,78.14035,79.470345,16596.486
2020-05-31,10200.5985963466,-2663.88963439526,16596.486,79.470345,79.58233,17022.482
2020-06-30,7112.58565913433,-4400,17022.482,79.58233,82.09215,19718.822
2020-07-31,5000,-10139.1091603612,19718.822,82.09215,86.221054,22285.922
2020-08-31,3500,-5848.91007866123,22285.922,86.221054,90.376495,24725.479
2020-09-30,3087.9312508952,-5051.36321236016,24725.479,90.376495,92.6027,25944.828
2020-10-31,4400.17545679798,-4127.95505907577,25944.828,92.6027,92.51712,25448.605
2020-11-30,5617.25533866459,-3270.4248989322,25448.605,92.51712,91.52044,24886.879
2020-12-31,4761.52414616983,-2183.17784689861,24886.879,91.52044,91.974205,23936.365
2021-01-31,10134.5593923611,-2194.36100588526,23936.365,91.974205,86.55184,19373.027
2021-02-28,10149.1360705167,-4625,19373.027,86.55184,82.74843,18047.451
2021-03-31,7285.93009662804,-2834.09189647729,18047.451,82.74843,82.925224,20393.469
2021-04-30,4989.2493846082,-684.546158985443,20393.469,82.925224,87.27847,22426.223
2021-05-31,4289.2034470611,-1767.04223690555,22426.223,87.27847,91.483696,24769.803
2021-06-30,5243.57116501886,-1680.75001983459,24769.803,91.483696,91.31796,25113.928
2021-07-31,3000,-2014.22645689047,25113.928,91.31796,92.922844,25680.77
2021-08-31,3000,-1981.81543689184,25680.77,92.922844,93.81472,26677.145
2021-09-30,3653.60522008403,-1857.73196831486,26677.145,93.81472,NA,NA
