"Date","OUTFLOW","OMR","BD_EC_prev","X2_prev","X2_current","BD_EC_current"
1921-11-30,4500,-6567.93706661697,8332.985,89.17653,89.97917,13600.627
1921-12-31,18013.270575265,-5290.32258064516,13600.627,89.97917,77.82903,3301.7014
1922-01-31,17656.1172092836,-4343.38709677419,3301.7014,77.82903,68.58503,2155.8416
1922-02-28,61029.0043299002,-4261.55143930024,2155.8416,68.58503,56.009453,983.0595
1922-03-31,43831.8404802239,-3500,983.0595,56.009453,56.888348,336.6601
1922-04-30,33147.9543451704,-3995,336.6601,56.888348,59.689724,534.56195
1922-05-31,31674.0108934117,-3979.07802920163,534.56195,59.689724,60.659145,671.77075
1922-06-30,10200,-4125.47984908406,671.77075,60.659145,71.75127,2184.8167
1922-07-31,10200,-10015.9797163157,2184.8167,71.75127,79.35864,2124.346
1922-08-31,10200,-11165.0089766796,2124.346,79.35864,79.87109,2300.3489
1922-09-30,3227.02216920793,-10955.2771412179,2300.3489,79.87109,84.95393,7065.8364
1922-10-31,4000,-7307.72610781749,7065.8364,84.95393,90.47565,8035.946
1922-11-30,7359.01866091922,-7709.08978896146,8035.946,90.47565,88.48614,7754.255
1922-12-31,40472.3772752036,-5290.32258064516,7754.255,88.48614,62.372562,3820.4126
1923-01-31,31821.8330943511,-4343.38709677419,3820.4126,62.372562,60.26891,716.36725
1923-02-28,19429.0893531033,-4030.35714285714,716.36725,60.26891,64.87706,1180.4153
1923-03-31,12025.807,-2678.63967466506,1180.4153,64.87706,72.07327,2720.2407
1923-04-30,24344.9857014971,-3065.69580546222,2720.2407,72.07327,66.06639,2897.6118
1923-05-31,12124.193,-3437.30294559335,2897.6118,66.06639,71.66332,2651.9392
1923-06-30,6718.75,-4475,2651.9392,71.66332,80.997826,5375.0435
1923-07-31,8372.39944149875,-10163.5635160907,5375.0435,80.997826,83.11728,3883.2722
1923-08-31,4000,-9707.07733377769,3883.2722,83.11728,86.91036,5400.474
1923-09-30,4876.98603584134,-7515.40998758311,5400.474,86.91036,88.26167,12130.557
1923-10-31,4000.70762741505,-7133.48295552017,12130.557,88.26167,90.2073,8894.844
1923-11-30,7022.98168076775,-6706.10811264255,8894.844,90.2073,89.10674,8171.7607
1923-12-31,6185.79965738293,-3362.10094204381,8171.7607,89.10674,86.94352,11361.008
1924-01-31,9531.67989435231,-4775,11361.008,86.94352,84.74041,5684.2705
1924-02-29,13477.5060040677,-4625,5684.2705,84.74041,79.17473,2683.344
1924-03-31,7103.89760119218,-1546.14303473396,2683.344,79.17473,80.51413,4614.2
1924-04-30,4872.37090778655,-697.437611561433,4614.2,80.51413,85.844696,9806.705
1924-05-31,4260.21505378066,-1374.3793727993,9806.705,85.844696,90.65483,7955.082
1924-06-30,3000,-1223.60366743451,7955.082,90.65483,93.18743,12981.237
1924-07-31,3000,-1484.2796556026,12981.237,93.18743,94.23471,17272.85
1924-08-31,3000,-1648.60948274185,17272.85,94.23471,94.01632,19008.213
1924-09-30,3718.47222223667,-2405.29129817767,19008.213,94.01632,92.66521,11486.018
1924-10-31,3716.08959726231,-5210.4866717526,11486.018,92.66521,93.11602,10981.284
1924-11-30,5651.21002556056,-2647.50420618697,10981.284,93.11602,92.29255,11052.01
1924-12-31,9200.1589745946,-3507.32130101683,11052.01,92.29255,87.29706,7377.3647
1925-01-31,8512.13278367654,-4625,7377.3647,87.29706,84.25293,8044.328
1925-02-28,78420.9391563085,-4035.71428571429,8044.328,84.25293,55.972412,887.4797
1925-03-31,16847.0080348605,-3905,887.4797,55.972412,64.83309,949.2145
1925-04-30,27286.8302397218,-2516.753756555,949.2145,64.83309,63.148975,1372.7272
1925-05-31,13252.6544955235,-2228.59135146609,1372.7272,63.148975,69.86848,2177.1611
1925-06-30,6779.1665,-4400,2177.1611,69.86848,80.40794,5494.164
1925-07-31,5000,-6989.24510094434,5494.164,80.40794,85.370384,9835.2295
1925-08-31,3500,-4884.82066364264,9835.2295,85.370384,88.68715,13546.64
1925-09-30,3481.11452055465,-6990.54518602795,13546.64,88.68715,91.77461,9371.3545
1925-10-31,4000,-3905.05340814387,9371.3545,91.77461,92.311165,9649.676
1925-11-30,5511.0665476629,-4429.82788821488,9649.676,92.311165,91.81091,9389.153
1925-12-31,6297.97775700224,-3070.96756522058,9389.153,91.81091,90.6887,8106.9146
1926-01-31,15111.102934087,-4055,8106.9146,90.6887,80.24458,3132.0635
1926-02-28,43623.6812752048,-3808.03571428571,3132.0635,80.24458,59.64101,957.7226
1926-03-31,17663.307,-1241.32523519393,957.7226,59.64101,65.20775,993.03235
1926-04-30,20969.9825842865,-2393.0982530165,993.03235,65.20775,66.02453,1817.5425
1926-05-31,11487.097,-3222.84614734673,1817.5425,66.02453,73.11807,2926.7407
1926-06-30,7100,-4400,2926.7407,73.11807,81.15227,5953.9995
1926-07-31,5000,-5343.75671890993,5953.9995,81.15227,85.34549,10510.226
1926-08-31,3500,-3627.50900252041,10510.226,85.34549,88.993835,13733.818
1926-09-30,3000,-5411.74721772818,13733.818,88.993835,92.41065,10430.49
1926-10-31,4011.3936866074,-3888.41983284088,10430.49,92.41065,92.78615,10704.913
1926-11-30,16280.4289234745,-8490.79135910154,10704.913,92.78615,80.11329,3861.5728
1926-12-31,13283.8444146593,-5290.32258064516,3861.5728,80.11329,73.5982,3141.4917
1927-01-31,36436.8642416647,-3875.96774193548,3141.4917,73.5982,61.318897,1946.9667
1927-02-28,173056.729893733,-4175,1946.9667,61.318897,51.553616,292.64798
1927-03-31,51045.7144744228,-3575,292.64798,51.553616,55.86936,237.4273
1927-04-30,49260.5023200158,-3920.08611782554,237.4273,55.86936,56.270363,287.06097
1927-05-31,16399.193,-3959.70408011866,287.06097,56.270363,66.26835,1052.0133
1927-06-30,10200,-4505,1052.0133,66.26835,75.52121,3382.2036
1927-07-31,10200,-11330.507852146,3382.2036,75.52121,78.52354,6238.7354
1927-08-31,10200,-10616.1090751359,6238.7354,78.52354,78.05321,6929.3364
1927-09-30,3000,-9013.23034130946,6929.3364,78.05321,84.214325,8676.811
1927-10-31,4070.33048184718,-7874.87851471912,8676.811,84.214325,88.58271,13445.599
1927-11-30,6362.0647357788,-8274.86839050642,13445.599,88.58271,89.09658,7541.5874
1927-12-31,7901.87672143576,-5720.8396964022,7541.5874,89.09658,86.32014,9673.978
1928-01-31,16810.4359355673,-3645.16129032258,9673.978,86.32014,74.78714,7561.939
1928-02-29,20207.9906242118,-4040.51724137931,7561.939,74.78714,66.77324,2919.2847
1928-03-31,90220.1925932325,-3500,2919.2847,66.77324,54.09306,490.89816
1928-04-30,29857.333511642,-3093.28049714488,490.89816,54.09306,60.117508,435.3471
1928-05-31,12510.081,-3222.09470368065,435.3471,60.117508,70.33275,1993.66
1928-06-30,10200,-4490,1993.66,70.33275,77.260345,4836.6104
1928-07-31,10224.1444397924,-10764.3219568193,4836.6104,77.260345,79.948265,2585.9626
1928-08-31,10200,-11190.0017904117,2585.9626,79.948265,79.79811,2377.9111
1928-09-30,3000,-6524.8278316545,2377.9111,79.79811,84.919266,7227.9272
1928-10-31,4000,-7353.29355007365,7227.9272,84.919266,90.48537,8262.01
1928-11-30,6450.1663853325,-6528.28322530954,8262.01,90.48537,89.72472,8389.866
1928-12-31,7581.46173995614,-5167.63732667583,8389.866,89.72472,87.478226,5943.4287
1929-01-31,8476.53548267868,-4745,5943.4287,87.478226,85.131516,8685.895
1929-02-28,16274.892753002,-3580.35714285714,8685.895,85.131516,77.151596,2446.006
1929-03-31,9107.12148887306,-3719.45713029692,2446.006,77.151596,76.83331,3428.0303
1929-04-30,7184.37190705061,-913.6390489586,3428.0303,76.83331,81.9698,7148.2646
1929-05-31,4192.67460036918,-1818.74991951319,7148.2646,81.9698,87.52372,10212.434
1929-06-30,3000,-1477.44133974215,10212.434,87.52372,91.05154,14186.893
1929-07-31,3000,-1865.86641365037,14186.893,91.05154,93.76027,17373.184
1929-08-31,3000,-1995.4324541168,17373.184,93.76027,93.57116,19268.713
1929-09-30,3168.05555556663,-3236.98596711231,19268.713,93.57116,93.21198,12052.516
1929-10-31,3000,-2698.08604556941,12052.516,93.21198,94.22988,11664.005
1929-11-30,5370.74940791877,-119.870736528497,11664.005,94.22988,93.06316,10797.7295
1929-12-31,14478.131390608,-5290.32258064516,10797.7295,93.06316,82.096855,3630.7478
1930-01-31,26678.6976973272,-4262.09677419355,3630.7478,82.096855,65.16137,1536.204
1930-02-28,18535.715,-2574.38319012322,1536.204,65.16137,65.86827,1529.0043
1930-03-31,30035.8991922949,-3905,1529.0043,65.86827,61.983303,1260.9131
1930-04-30,12261.7071200599,-2023.35581316596,1260.9131,61.983303,70.00376,1856.2892
1930-05-31,7594.96981980875,-2627.57883449714,1856.2892,70.00376,80.30835,5186.287
1930-06-30,7112.33358523061,-4400,5186.287,80.30835,83.65012,8196.284
1930-07-31,5000,-8975.62834670008,8196.284,83.65012,85.97152,10797.088
1930-08-31,3500,-6338.38995361858,10797.088,85.97152,90.26545,13367.755
1930-09-30,3039.34260626441,-5866.76331963692,13367.755,90.26545,92.476974,9754.196
1930-10-31,4244.18184515056,-3970.54913784811,9754.196,92.476974,92.4612,10538.358
1930-11-30,5197.83954627705,-2591.72341014334,10538.358,92.4612,91.80913,9984.906
1930-12-31,4729.9991565345,-1921.77458397895,9984.906,91.80913,92.35418,9608.663
1931-01-31,14060.0861167249,-1440.65589995656,9608.663,92.35418,82.89461,4507.9575
1931-02-28,8332.64031899969,-4625,4507.9575,82.89461,79.9632,4706.1367
1931-03-31,7287.31415933193,-1574.41331064201,4706.1367,79.9632,82.89249,3921.1382
1931-04-30,4043.55274780179,-757.179130118362,3921.1382,82.89249,87.94457,6341.095
1931-05-31,4764.50991506441,-1821.33894545722,6341.095,87.94457,90.573204,9545.392
1931-06-30,4647.49012914859,-1681.05310906491,9545.392,90.573204,91.89493,13840.368
1931-07-31,3000,-2103.92720243769,13840.368,91.89493,93.38072,16368.512
1931-08-31,3000,-1930.37232023092,16368.512,93.38072,93.9072,18724.523
1931-09-30,3718.47222223667,-2134.7182469578,18724.523,93.9072,92.669205,11965.5
1931-10-31,3000,-2092.2122070345,11965.5,92.669205,93.95767,11442.158
1931-11-30,6382.4036621793,-643.039819940193,11442.158,93.95767,91.88986,10452.505
1931-12-31,20523.6080227083,-5290.32258064516,10452.505,91.88986,74.477844,2429.5955
1932-01-31,22556.002635513,-4262.09677419355,2429.5955,74.477844,65.164825,1315.7859
1932-02-29,24376.3420833649,-3991.37931034483,1315.7859,65.164825,63.819878,1574.5208
1932-03-31,8470.88926765399,-3547.90900124638,1574.5208,63.819878,74.516655,3008.0867
1932-04-30,8565.02104039913,-3134.07166460707,3008.0867,74.516655,80.99507,6825.6763
1932-05-31,12775.6965104186,-3399.25778831866,6825.6763,80.99507,77.34276,6607.4536
1932-06-30,4162.77968441279,-1530.14630832826,6607.4536,77.34276,82.97778,7028.0093
1932-07-31,3014.39161215651,-2170.29659445937,7028.0093,82.97778,89.82446,12894.335
1932-08-31,3000,-2065.01944120645,12894.335,89.82446,92.36196,16826.662
1932-09-30,3034.53316060977,-4214.52807772243,16826.662,92.36196,93.28322,11867.875
1932-10-31,3433.23247042739,-3017.48422333602,11867.875,93.28322,94.18409,12059.393
1932-11-30,4225.45881743409,-3563.94740566962,12059.393,94.18409,94.26184,11434.025
1932-12-31,7903.91305141035,-3735.47400485501,11434.025,94.26184,90.39553,8087.9907
1933-01-31,11884.7895621666,-4625,8087.9907,90.39553,83.44915,3528.1165
1933-02-28,10141.8676104845,-4625,3528.1165,83.44915,79.111374,4878.7188
1933-03-31,7787.67908044683,-2771.33212598622,4878.7188,79.111374,80.658806,7451.835
1933-04-30,6153.79606732538,-591.414527750317,7451.835,80.658806,83.9077,10055.181
1933-05-31,6191.93891623644,-2082.87083282396,10055.181,83.9077,86.9529,5999.7227
1933-06-30,3000,-1435.45632865253,5999.7227,86.9529,90.85167,11079.874
1933-07-31,3258.49817583662,-2068.71886156638,11079.874,90.85167,93.26541,16899.541
1933-08-31,3000,-1912.70687336343,16899.541,93.26541,93.575966,18598.295
1933-09-30,3667.839357062,-2817.05231484799,18598.295,93.575966,92.58575,11772.163
1933-10-31,3000,-3004.11870538454,11772.163,92.58575,93.8539,11408.023
1933-11-30,6418.23962776534,-2363.30272278547,11408.023,93.8539,91.97881,10298.122
1933-12-31,11215.5326900033,-7247.80326440633,10298.122,91.97881,84.74293,4850.161
1934-01-31,16525.4320596924,-3439.51612903226,4850.161,84.74293,73.619865,4006.1924
1934-02-28,15570.436608783,-4223.21428571428,4006.1924,73.619865,69.938545,3296.2266
1934-03-31,8260.75020317006,-3913.30437594486,3296.2266,69.938545,77.106575,4760.9033
1934-04-30,5835.18331282653,-763.761935072155,4760.9033,77.106575,83.619026,8677.625
1934-05-31,4311.033065207,-2061.31539903192,8677.625,83.619026,89.70696,7594.154
1934-06-30,4166.8505792113,-1674.6468830518,7594.154,89.70696,91.68055,12733.507
1934-07-31,3000,-2097.01445244355,12733.507,91.68055,93.0805,16288.435
1934-08-31,3000,-2299.7844664861,16288.435,93.0805,93.76145,18489.041
1934-09-30,3500,-3311.68954602499,18489.041,93.76145,92.82864,12289.051
1934-10-31,3285.48433928169,-2026.08780721243,12289.051,92.82864,93.65407,12026.924
1934-11-30,6270.5404189039,-4623.48593149496,12026.924,93.65407,91.7029,9757.781
1934-12-31,5895.71838780276,-3799.48893248401,9757.781,91.7029,90.41105,7475.7305
1935-01-31,31791.12642404,-3439.51612903226,7475.7305,90.41105,67.303734,1571.8955
1935-02-28,14582.9977714417,-3982.14285714286,1571.8955,67.303734,67.46142,1207.8359
1935-03-31,25037.6101855754,-3905,1207.8359,67.46142,64.65652,1829.3021
1935-04-30,50302.4665814655,-3304.45880368738,1829.3021,64.65652,57.02083,624.7972
1935-05-31,20088.709,-1818.68169052114,624.7972,57.02083,64.34154,865.5874
1935-06-30,6170,-4475,865.5874,64.34154,77.89746,3948.6243
1935-07-31,7877.70941794685,-9775.24541439539,3948.6243,77.89746,83.333405,4593.9863
1935-08-31,4000,-8894.80760047987,4593.9863,83.333405,86.61107,6117.4326
1935-09-30,3560.37865603629,-5454.398500988,6117.4326,86.61107,90.35768,8840.788
1935-10-31,4589.73860152192,-4856.95795160505,8840.788,90.35768,91.45589,9694.902
1935-11-30,5729.21722490076,-5838.95109769549,9694.902,91.45589,90.93609,8962.246
1935-12-31,6895.66288884715,-3514.20666076171,8962.246,90.93609,88.95909,7269.1265
1936-01-31,41443.7559452233,-3521.77419354839,7269.1265,88.95909,62.878445,1256.1445
1936-02-29,102963.207528149,-3407.16142795394,1256.1445,62.878445,53.312534,251.59344
1936-03-31,31039.1651616765,-3575,251.59344,53.312534,59.72879,370.2292
1936-04-30,23819.6322251799,-3875,370.2292,59.72879,63.379078,1079.5182
1936-05-31,11741.936,-3199.45757547401,1079.5182,63.379078,71.80232,2541.4392
1936-06-30,6794.12049341881,-4475,2541.4392,71.80232,80.95425,6041.103
1936-07-31,8365.8448944259,-9271.95729263613,6041.103,80.95425,82.78603,4520.6587
1936-08-31,4000,-9012.55736615359,4520.6587,82.78603,86.74964,6243.5566
1936-09-30,4319.86792778624,-5861.26371520253,6243.5566,86.74964,89.57478,8791.874
1936-10-31,4000,-6789.95155476836,8791.874,89.57478,91.67972,8993.357
1936-11-30,4751.69974900332,-4318.64574793322,8993.357,91.67972,92.61201,9270.85
1936-12-31,7955.55011937435,-3791.18335721044,9270.85,92.61201,89.04449,7012.4985
1937-01-31,11483.6175720611,-4775,7012.4985,89.04449,82.79108,7871.565
1937-02-28,56883.1645680829,-3962.85714285714,7871.565,82.79108,57.621464,2922.6726
1937-03-31,46509.1884696444,-4355,2922.6726,57.621464,56.591225,343.38898
1937-04-30,19735.9351417394,-3875,343.38898,56.591225,64.38796,989.6413
1937-05-31,13628.4821886886,-3743.45219734494,989.6413,64.38796,71.14199,2734.367
1937-06-30,8686.667,-4475,2734.367,71.14199,78.23081,4988.4116
1937-07-31,6500,-9774.97561719855,4988.4116,78.23081,83.55392,3874.4976
1937-08-31,4000,-7574.39722457687,3874.4976,83.55392,87.634384,6462.266
1937-09-30,3615.16862630739,-6287.78466602297,6462.266,87.634384,90.49642,9087.942
1937-10-31,4000,-5574.25204417816,9087.942,90.49642,92.23095,9441.761
1937-11-30,15119.5676060214,-9346.81944211981,9441.761,92.23095,81.115746,3785.4617
1937-12-31,70993.8513627601,-5290.32258064516,3785.4617,81.115746,56.01014,635.2383
1938-01-31,29617.3035173235,-4363.70967741936,635.2383,56.01014,60.368427,474.48135
1938-02-28,189005.841383462,2483.87708517331,474.48135,60.368427,51.28989,291.60312
1938-03-31,190643.188653128,5432.42775963713,291.60312,51.28989,51.633087,226.03888
1938-04-30,55485.7849340414,-2715.97864467893,226.03888,51.633087,55.331924,231.59612
1938-05-31,36785.9306749025,-1218.38167999105,231.59612,55.331924,58.737396,318.09875
1938-06-30,10897.9001414029,-3417.4006620598,318.09875,58.737396,70.47676,1515.1117
1938-07-31,10200,-8230.61514550719,1515.1117,70.47676,77.920074,5331.7593
1938-08-31,10200,-10541.4806446157,5331.7593,77.920074,77.921585,7039.4014
1938-09-30,3569.53481828817,-10665.6429896825,7039.4014,77.921585,83.71134,9067.121
1938-10-31,4776.47955283119,-9273.93825952101,9067.121,83.71134,88.6757,7578.1904
1938-11-30,6325.67606331385,-8358.73663933259,7578.1904,88.6757,89.70071,7956.684
1938-12-31,6343.53886426194,-5384.81651545434,7956.684,89.70071,87.76881,11628.938
1939-01-31,7991.00169137945,-3354.6775334592,11628.938,87.76881,86.58446,7025.1357
1939-02-28,10423.4114615383,-4250,7025.1357,86.58446,83.37907,4762.409
1939-03-31,10110.5263997976,-3134.27081871557,4762.409,83.37907,81.232285,2949.76
1939-04-30,11150.6506232644,-1796.88717961318,2949.76,81.232285,78.322655,5647.959
1939-05-31,10076.3166592961,-2466.95426984996,5647.959,78.322655,79.16154,6942.5986
1939-06-30,5699.28602106174,-2611.25065236256,6942.5986,79.16154,83.37772,8728.369
1939-07-31,5050.10851057663,-3224.52953709174,8728.369,83.37772,87.847435,6995.6787
1939-08-31,3733.17186857099,-3566.96851906106,6995.6787,87.847435,91.11689,8186.239
1939-09-30,3058.21849723155,-4323.74788507724,8186.239,91.11689,92.66208,10229.902
1939-10-31,4000,-1938.31048364577,10229.902,92.66208,93.02707,10849.104
1939-11-30,4960.37733726677,-1643.47210773094,10849.104,93.02707,92.58793,10153.677
1939-12-31,5351.51328134443,-2209.86876113625,10153.677,92.58793,91.54634,8982.167
1940-01-31,39989.6591582385,-3126.93548387097,8982.167,91.54634,64.00154,1581.497
1940-02-29,86033.7503028602,-4404.13793103448,1581.497,64.00154,53.760452,250.95555
1940-03-31,105866.840292597,-4025,250.95555,53.760452,52.995106,227.95781
1940-04-30,41584.4290835112,-3995,227.95781,52.995106,57.282406,280.8902
1940-05-31,13165.322,-3836.90004862716,280.8902,57.282406,68.64684,1475.8899
1940-06-30,10200,-4490,1475.8899,68.64684,76.64268,4449.229
1940-07-31,10221.8437873357,-10511.1824555547,4449.229,76.64268,79.77604,2591.9722
1940-08-31,10200,-11132.7640105285,2591.9722,79.77604,79.80636,2360.8179
1940-09-30,3000,-6551.02118345705,2360.8179,79.80636,85.18054,7136.8613
1940-10-31,4000,-7403.61404149763,7136.8613,85.18054,90.994446,8600.082
1940-11-30,6161.7440165136,-6630.10928683559,8600.082,90.994446,90.18429,8627.14
1940-12-31,40941.5599354089,-5290.32258064516,8627.14,90.18429,63.501698,1363.9977
1941-01-31,98371.2200195015,-4343.38709677419,1363.9977,63.501698,53.26788,242.20271
1941-02-28,136063.007415618,-5000,242.20271,53.26788,52.359257,227.84042
1941-03-31,87122.1808043175,-4550,227.84042,52.359257,53.215546,228.23677
1941-04-30,76493.8156936735,-4534.81919562828,228.23677,53.215546,53.66193,230.13066
1941-05-31,25462.3004529679,-5000,230.13066,53.66193,61.65962,503.55475
1941-06-30,10833.1715767617,-4505,503.55475,61.65962,72.19597,2274.2378
1941-07-31,11202.6622759857,-10526.9338218991,2274.2378,72.19597,76.78079,5161.7676
1941-08-31,10200,-10605.8046175841,5161.7676,76.78079,77.54362,6158.481
1941-09-30,3378.12155182441,-11010.6372155068,6158.481,77.54362,84.01514,8392.556
1941-10-31,4810.76608633687,-9473.12174919361,8392.556,84.01514,88.79795,7267.2446
1941-11-30,5900.68042435106,-7107.56017677213,7267.2446,88.79795,90.35644,8016.1113
1941-12-31,56863.941257595,-5290.32258064516,8016.1113,90.35644,59.28967,2699.7026
1942-01-31,90056.0694941325,-4516.12903225806,2699.7026,59.28967,53.246387,245.81706
1942-02-28,163299.022548514,-4464.28571428571,245.81706,53.246387,51.69489,228.42496
1942-03-31,27289.7942510285,-3650,228.42496,51.69489,60.66084,363.78342
1942-04-30,46632.4134857034,-4130,363.78342,60.66084,57.423393,456.31802
1942-05-31,29541.4230837084,-4507.81023741257,456.31802,57.423393,61.007133,629.2336
1942-06-30,10368.0555555666,-3928.29241791751,629.2336,61.007133,71.821335,2243.7166
1942-07-31,10200,-10354.583476328,2243.7166,71.821335,78.33028,5723.255
1942-08-31,10200,-10172.0457947233,5723.255,78.33028,78.05947,6962.6963
1942-09-30,3363.77406739744,-11006.1232891097,6962.6963,78.05947,83.88139,8900.558
1942-10-31,4000,-5473.71634188224,8900.558,83.88139,88.47298,13207.322
1942-11-30,7581.60129771654,-8133.56029876692,13207.322,88.47298,88.07417,8504.645
1942-12-31,21838.1975755074,-5290.32258064516,8504.645,88.07417,70.86713,6940.017
1943-01-31,92837.2624445887,-5000,6940.017,70.86713,53.769863,611.3755
1943-02-28,60192.2899742284,-5000,611.3755,53.769863,54.67492,241.77553
1943-03-31,91678.9246580521,69.3450785804223,241.77553,54.67492,53.34715,235.27983
1943-04-30,24535.3444993836,-4745,235.27983,53.34715,61.6514,497.7318
1943-05-31,11093.1455,-3931.47123585382,497.7318,61.6514,72.621796,2559.9294
1943-06-30,10200,-4505,2559.9294,72.621796,78.186066,5517.5703
1943-07-31,10200,-10838.5007323465,5517.5703,78.186066,78.677956,6927.8027
1943-08-31,10200,-10117.1823869299,6927.8027,78.677956,78.1958,7151.1416
1943-09-30,3000,-8928.12632415618,7151.1416,78.1958,84.240616,9034.709
1943-10-31,4000.70484024758,-7768.27715328118,9034.709,84.240616,89.56217,8204.664
1943-11-30,5438.26214948175,-5435.07444396953,8204.664,89.56217,91.11589,8917.782
1943-12-31,7294.24049970392,-3419.77171914433,8917.782,91.11589,89.38758,7367.5894
1944-01-31,9293.01747481666,-5000,7367.5894,89.38758,85.23532,5502.512
1944-02-29,28468.3042739378,-3456.89655172414,5502.512,85.23532,66.993935,1368.3352
1944-03-31,18899.8151771346,-3905,1368.3352,66.993935,65.45134,1216.4677
1944-04-30,11568.75,-1962.52431298442,1216.4677,65.45134,73.18192,3126.4177
1944-05-31,9557.54198754891,-1048.00880820802,3126.4177,73.18192,78.72658,5911.0903
1944-06-30,7100,-4400,5911.0903,78.72658,82.27327,7951.989
1944-07-31,5000,-5264.2235100562,7951.989,82.27327,86.71851,6205.4585
1944-08-31,4214.04062252965,-4165.97650853424,6205.4585,86.71851,90.48362,8290.975
1944-09-30,3362.70412263113,-4726.49311140501,8290.975,90.48362,92.01415,10234.408
1944-10-31,4000,-4054.13116671481,10234.408,92.01415,92.62991,10620.968
1944-11-30,8555.70945083975,-6502.9250225682,10620.968,92.62991,88.285545,8165.3877
1944-12-31,12825.2856748022,-5290.32258064516,8165.3877,88.285545,79.56961,7905.3843
1945-01-31,8682.29554064643,-4055,7905.3843,79.56961,79.526344,7239.0273
1945-02-28,60957.0347605,-3982.14285714286,7239.0273,79.526344,57.49899,841.4135
1945-03-31,24722.4042506177,-3905,841.4135,57.49899,61.671974,671.8813
1945-04-30,11175.3644255358,-3753.83546819068,671.8813,61.671974,72.0793,2524.403
1945-05-31,8986.27040421617,-3535.09909029863,2524.403,72.0793,79.39109,5513.556
1945-06-30,7243.3335,-4400,5513.556,79.39109,82.62779,8080.639
1945-07-31,5000,-10314.4836746294,8080.639,82.62779,85.61368,11446.421
1945-08-31,4123.24594071399,-10015.8468639375,11446.421,85.61368,89.200615,13632.789
1945-09-30,3631.75173331674,-7384.71661003761,13632.789,89.200615,91.24747,8584.761
1945-10-31,5459.50817599916,-6109.83073875686,8584.761,91.24747,90.46044,8831.607
1945-11-30,6869.80302274203,-8208.91682229288,8831.607,90.46044,88.95361,7615.2163
1945-12-31,81449.9941107435,-5290.32258064516,7615.2163,88.95361,56.33698,1627.6409
1946-01-31,53364.0905222797,-3875.96774193548,1627.6409,56.33698,55.524853,265.67654
1946-02-28,21923.1451783025,-3741.07142857143,265.67654,55.524853,62.924103,652.94434
1946-03-31,23166.8850396264,-3575,652.94434,62.924103,64.22768,1328.3706
1946-04-30,14527.474224125,-3449.43559845196,1328.3706,64.22768,69.0361,2206.8843
1946-05-31,10683.871,-3180.36315916531,2206.8843,69.0361,76.30013,4462.712
1946-06-30,7280.6104513788,-4475,4462.712,76.30013,81.623604,7174.803
1946-07-31,8094.59029172647,-10596.9816636724,7174.803,81.623604,83.43955,4233.5557
1946-08-31,4000,-10402.8544366598,4233.5557,83.43955,87.69218,5748.5933
1946-09-30,4140.61331346644,-6447.25249356548,5748.5933,87.69218,90.009346,8219.593
1946-10-31,4263.91557369446,-7243.24595571299,8219.593,90.009346,91.05047,8687.324
1946-11-30,5948.6844096373,-5607.86144905575,8687.324,91.05047,90.7344,8390.875
1946-12-31,8700.02287199807,-6556.73987759279,8390.875,90.7344,86.51431,5433.7026
1947-01-31,6000,-4775,5433.7026,86.51431,87.058945,8961.211
1947-02-28,16485.3116453616,-3119.68493856718,8961.211,87.058945,78.347374,3185.8516
1947-03-31,16182.618433008,-3905,3185.8516,78.347374,70.178085,2514.6438
1947-04-30,7529.73158002104,-2011.26947066654,2514.6438,70.178085,78.03824,4768.5464
1947-05-31,7238.7095,-2525.34192004035,4768.5464,78.03824,83.73389,8550.692
1947-06-30,7100,-2222.67631777241,8550.692,83.73389,84.17973,9924.402
1947-07-31,4000,-3321.95705299778,9924.402,84.17973,87.82923,11548.878
1947-08-31,3000,-2834.31172035305,11548.878,87.82923,91.959274,14671.615
1947-09-30,3000,-4637.55628024631,14671.615,91.959274,92.952644,11085.399
1947-10-31,4428.99505787375,-5181.71904327228,11085.399,92.952644,92.55196,11132.601
1947-11-30,4511.19776243028,-3808.82577394335,11132.601,92.55196,92.622086,10755.778
1947-12-31,7067.01536960184,-1213.07760408769,10755.778,92.622086,90.62596,8951.387
1948-01-31,9486.98526244142,-3439.51612903226,8951.387,90.62596,85.8558,5210.234
1948-02-29,11144.827,-3354.56578984529,5210.234,85.8558,81.88169,2932.678
1948-03-31,14569.4856262861,-4325,2932.678,81.88169,74.03599,4010.415
1948-04-30,31515.5172787075,-2591.97848721948,4010.415,74.03599,62.364452,2464.7454
1948-05-31,26423.7348441505,-2970.83514120816,2464.7454,62.364452,62.41283,952.13715
1948-06-30,6683.3335,-4475,952.13715,62.41283,76.058075,3026.2808
1948-07-31,6512.39000186677,-11491.3838093828,3026.2808,76.058075,84.06333,3985.5835
1948-08-31,4061.4063033396,-8934.76367695101,3985.5835,84.06333,87.317696,5885.326
1948-09-30,3829.70639085661,-7390.3183093518,5885.326,87.317696,90.33869,8017.114
1948-10-31,4000.71680964381,-4975.05429687499,8017.114,90.33869,91.933136,9359.111
1948-11-30,5827.36231902019,-4541.30405815795,9359.111,91.933136,91.26598,9268.144
1948-12-31,9059.22938563526,-4495.50553738794,9268.144,91.26598,86.75093,5950.2783
1949-01-31,6274.26347673807,-4775,5950.2783,86.75093,86.51085,8752.361
1949-02-28,12264.6569022665,-3296.57266506789,8752.361,86.51085,81.90847,3968.648
1949-03-31,43843.9393788406,-4325,3968.648,81.90847,60.14401,1561.355
1949-04-30,13743.2082467139,-2635.66017631172,1561.355,60.14401,67.87559,1362.2202
1949-05-31,9251.613,-2995.64515561499,1362.2202,67.87559,77.816925,4419.886
1949-06-30,7100,-4400,4419.886,77.816925,82.42839,7308.576
1949-07-31,5000,-4972.82107299081,7308.576,82.42839,85.538246,10192.831
1949-08-31,3500,-3625.76416761022,10192.831,85.538246,90.530106,7874.769
1949-09-30,3317.84749467942,-5459.68850662862,7874.769,90.530106,92.76319,10087.757
1949-10-31,4000,-3745.65781497818,10087.757,92.76319,92.55572,10366.505
1949-11-30,4930.42457444793,-3185.38277182929,10366.505,92.55572,92.627174,10317.725
1949-12-31,6082.17859466398,-2337.24980909284,10317.725,92.627174,91.030716,8900.191
1950-01-31,24682.6237166903,-3126.93548387097,8900.191,91.030716,71.60484,2195.0525
1950-02-28,41253.6255245918,-3982.14285714286,2195.0525,71.60484,58.796078,529.9551
1950-03-31,17625.5391733484,-3905,529.9551,58.796078,65.43116,1031.7909
1950-04-30,17398.2865494816,-2554.76740516436,1031.7909,65.43116,68.34696,2371.6968
1950-05-31,11161.29,-3428.94276057742,2371.6968,68.34696,74.60691,3628.3835
1950-06-30,7243.3335,-4400,3628.3835,74.60691,81.23594,6194.0347
1950-07-31,5000,-11025.5809800524,6194.0347,81.23594,85.27761,9653.741
1950-08-31,3500,-7319.30305192059,9653.741,85.27761,88.99718,13029.758
1950-09-30,3601.78581772765,-5861.53265736611,13029.758,88.99718,91.592575,9627.349
1950-10-31,5146.84000942167,-6402.51441509681,9627.349,91.592575,90.95591,9101.085
1950-11-30,46384.9184398786,-8402.16607320121,9101.085,90.95591,62.19491,1451.3477
1950-12-31,112679.546455792,-5290.32258064516,1451.3477,62.19491,52.8928,239.96443
1951-01-31,78119.7023943654,-4262.09677419355,239.96443,52.8928,53.492073,231.01573
1951-02-28,72460.5835417394,-4464.28571428571,231.01573,53.492073,53.968426,233.14684
1951-03-31,32900.1292182399,-3650,233.14684,53.968426,59.46528,365.60583
1951-04-30,11692.170382305,-3634.97619877275,365.60583,59.46528,70.24085,1772.8142
1951-05-31,10501.1430398789,-3263.8960907419,1772.8142,70.24085,77.533485,5126.0356
1951-06-30,10221.7463893872,-4505,5126.0356,77.533485,78.89538,6688.8584
1951-07-31,10200,-10244.6112248739,6688.8584,78.89538,78.638176,7368.8027
1951-08-31,10200,-10885.9904298689,7368.8027,78.638176,78.08662,7224.7876
1951-09-30,3000,-5913.38537009257,7224.7876,78.08662,84.13096,8944.667
1951-10-31,4990.40751081266,-9530.30783199929,8944.667,84.13096,88.53321,7711.7026
1951-11-30,6800.08867896185,-7025.91604561493,7711.7026,88.53321,88.746185,7537.3237
1951-12-31,40145.5691773457,-5290.32258064516,7537.3237,88.746185,63.071377,3374.5442
1952-01-31,108961.943979795,-4516.12903225806,3374.5442,63.071377,52.913723,286.13324
1952-02-29,102281.511779627,-4482.75862068965,286.13324,52.913723,52.9273,227.15407
1952-03-31,73007.850375071,-4550,227.15407,52.9273,53.894943,230.34387
1952-04-30,48985.2995566663,-4745,230.34387,53.894943,56.176315,261.20316
1952-05-31,44536.7221761848,-3594.94342218333,261.20316,56.176315,57.095715,336.89917
1952-06-30,16584.6119297119,-4505,336.89917,57.095715,66.07945,1057.6545
1952-07-31,10200,-8640.44276500984,1057.6545,66.07945,75.16881,3684.1472
1952-08-31,10200,-10629.3798620087,3684.1472,75.16881,77.85313,6515.9536
1952-09-30,3405.24772207934,-10510.597257864,6515.9536,77.85313,83.89245,9003.974
1952-10-31,4000,-9381.71476332666,9003.974,83.89245,89.37134,7875.5054
1952-11-30,6496.266633659,-6274.96130259445,7875.5054,89.37134,89.79006,8188.484
1952-12-31,37518.3760639474,-5290.32258064516,8188.484,89.79006,63.938683,3573.6045
1953-01-31,98636.0582501717,-4516.12903225806,3573.6045,63.938683,53.264404,299.9392
1953-02-28,21378.000274703,-4464.28571428572,299.9392,53.264404,62.71426,530.29407
1953-03-31,19137.6608643021,-3575,530.29407,62.71426,66.241516,1460.0862
1953-04-30,20965.202917705,-2610.73718838148,1460.0862,66.241516,65.78783,1729.1005
1953-05-31,17179.4858407998,-3250.56739483757,1729.1005,65.78783,68.075714,2124.9746
1953-06-30,12324.1398979693,-4490,2124.9746,68.075714,73.11983,3364.3516
1953-07-31,10339.2635819507,-11279.5941672176,3364.3516,73.11983,79.107376,2041.2557
1953-08-31,10200,-10952.64674887,2041.2557,79.107376,79.74027,2324.3433
1953-09-30,3386.91394316032,-11348.1714636991,2324.3433,79.74027,84.691605,7082.9014
1953-10-31,4000,-6394.24969677234,7082.9014,84.691605,90.322395,8422.271
1953-11-30,5233.57811554088,-5449.11517376488,8422.271,90.322395,90.88888,9175.719
1953-12-31,7191.42420858382,-2924.8267130336,9175.719,90.88888,88.80031,7355.2715
1954-01-31,26501.8843636451,-3505.32258064516,7355.2715,88.80031,69.024216,1724.7762
1954-02-28,51579.3246255674,-4030.35714285714,1724.7762,69.024216,56.87472,414.27466
1954-03-31,40742.2678476638,-3500,414.27466,56.87472,57.716244,382.2277
1954-04-30,33309.0684724881,-2650.51424231309,382.2277,57.716244,59.79342,545.1191
1954-05-31,13568.549,-3120.40490067456,545.1191,59.79342,69.061516,1743.2542
1954-06-30,10200,-4490,1743.2542,69.061516,76.85813,4558.5024
1954-07-31,10940.358449072,-10404.1347943962,4558.5024,76.85813,79.54778,2504.329
1954-08-31,10200,-11235.9132941027,2504.329,79.54778,79.45177,2228.1138
1954-09-30,3000,-7974.28479778201,2228.1138,79.45177,84.87703,7018.623
1954-10-31,4000,-5888.15676854261,7018.623,84.87703,90.87827,8477.327
1954-11-30,6769.06940423991,-6417.20484681148,8477.327,90.87827,89.24299,8510.045
1954-12-31,16382.2962328411,-5290.32258064516,8510.045,89.24299,78.602356,2818.5115
1955-01-31,17522.8106843697,-4343.38709677419,2818.5115,78.602356,69.162796,2548.3662
1955-02-28,10625,-3655.44644132151,2548.3662,69.162796,74.09144,3974.2385
1955-03-31,8128.91090173509,-3176.75101361495,3974.2385,74.09144,79.89821,6748.9604
1955-04-30,12294.4685595421,-1171.77727840176,6748.9604,79.89821,77.68645,7900.726
1955-05-31,9804.36347653795,-2531.3684975116,7900.726,77.68645,78.33397,6904.1753
1955-06-30,7673.3335,-4216.8355455012,6904.1753,78.33397,81.66259,7729.5205
1955-07-31,5000,-6454.0034911914,7729.5205,81.66259,86.24377,5046.1304
1955-08-31,3500,-4997.22876058719,5046.1304,86.24377,90.6111,7604.322
1955-09-30,3267.21387923226,-5428.31708538484,7604.322,90.6111,92.11955,9875.238
1955-10-31,4000,-3932.48565762055,9875.238,92.11955,92.82193,9967.18
1955-11-30,5275.99705353266,-3430.06258969504,9967.18,92.82193,92.415436,9981.435
1955-12-31,113682.644416467,-5290.32258064516,9981.435,92.415436,55.161724,1234.7908
1956-01-31,187846.420089191,40.9285537710389,1234.7908,55.161724,51.42938,229.1124
1956-02-29,95213.7341994172,-5000,229.1124,51.42938,52.955685,228.2892
1956-03-31,40048.93717405,-3650,228.2892,52.955685,57.57402,262.87518
1956-04-30,15678.200007252,-3999.96277049386,262.87518,57.57402,66.91587,1192.9568
1956-05-31,19273.4157444772,-4351.72074605797,1192.9568,66.91587,67.67711,2544.0544
1956-06-30,10660.4150554946,-4505,2544.0544,67.67711,73.96722,3616.8047
1956-07-31,10764.6623442016,-10284.4577199283,3616.8047,73.96722,77.44224,5946.063
1956-08-31,10200,-10249.4849274749,5946.063,77.44224,77.59867,6627.1416
1956-09-30,3569.36759310695,-10603.3490087019,6627.1416,77.59867,83.78736,8566.405
1956-10-31,4314.8581896813,-9435.01680862726,8566.405,83.78736,89.165825,7508.3257
1956-11-30,6194.24071170647,-7946.75705271843,7508.3257,89.165825,90.284035,7877.6025
1956-12-31,5983.55906111806,-5040.39426934835,7877.6025,90.284035,88.588844,11948.338
1957-01-31,8476.33049478423,-5000,11948.338,88.588844,86.52346,6765.911
1957-02-28,15455.3617476235,-3625.89285714286,6765.911,86.52346,78.28716,3115.0806
1957-03-31,37481.1710125187,-3500,3115.0806,78.28716,60.75899,1118.2802
1957-04-30,12780.6387296736,-2452.11570776419,1118.2802,60.75899,69.11662,1607.8434
1957-05-31,19125.6061346739,-3045.31063201027,1607.8434,69.11662,69.18885,3331.0396
1957-06-30,7037.5,-4475,3331.0396,69.18885,77.720245,4557.325
1957-07-31,8488.17473028739,-11345.6825826701,4557.325,77.720245,82.42134,3859.7654
1957-08-31,5085.39537186257,-10873.6114491318,3859.7654,82.42134,85.3299,5029.956
1957-09-30,4121.71129866032,-8246.97647421711,5029.956,85.3299,87.88887,11233.873
1957-10-31,9895.60862773379,-9110.87746838692,11233.873,87.88887,83.88747,5256.269
1957-11-30,4500,-8083.72925400237,5256.269,83.88747,86.246056,8301.412
1957-12-31,21169.9652166531,-5290.32258064516,8301.412,86.246056,72.23817,8733.945
1958-01-31,35853.0670311634,-4363.70967741936,8733.945,72.23817,60.17126,1701.3004
1958-02-28,217943.775848479,-4223.21428571429,1701.3004,60.17126,50.78473,271.58487
1958-03-31,113048.83621567,-3798.3905127282,271.58487,50.78473,52.64173,225.27446
1958-04-30,97942.0039230917,-1504.47231353359,225.27446,52.64173,53.066814,227.45233
1958-05-31,26318.5050643611,-4897.15144902816,227.45233,53.066814,61.24275,417.40115
1958-06-30,11191.193022934,-4505,417.40115,61.24275,71.75694,2110.6326
1958-07-31,10200,-10316.0561158756,2110.6326,71.75694,77.74532,5166.941
1958-08-31,10200,-10655.5435784757,5166.941,77.74532,78.04499,6756.794
1958-09-30,3495.0207053571,-10502.1463316311,6756.794,78.04499,83.81128,8939.797
1958-10-31,4006.31691225226,-9503.42358076452,8939.797,83.81128,88.748535,13522.304
1958-11-30,5445.14694375586,-8711.23101958468,13522.304,88.748535,90.500496,8303.103
1958-12-31,7027.02504329477,-2844.95318979288,8303.103,90.500496,89.47353,7058.0103
1959-01-31,24533.826449536,-3645.16129032258,7058.0103,89.47353,71.120094,1735.5292
1959-02-28,56199.0915505878,-4030.35714285714,1735.5292,71.120094,56.33054,378.36456
1959-03-31,15465.9812666789,-3500,378.36456,56.33054,66.236465,969.5015
1959-04-30,10632.917,-2615.33324414994,969.5015,66.236465,75.657196,3853.251
1959-05-31,9167.21090881125,-2912.80424338769,3853.251,75.657196,79.8707,6519.857
1959-06-30,7814.69566694419,-4475,6519.857,79.8707,81.94458,8369.3125
1959-07-31,8614.32597516392,-10155.0690280078,8369.3125,81.94458,82.86749,4257.9224
1959-08-31,4752.7294048793,-10516.5558986255,4257.9224,82.86749,86.444984,5238.365
1959-09-30,5897.37107329957,-8584.50830432748,5238.365,86.444984,86.41708,10991.63
1959-10-31,4000,-4059.16932771298,10991.63,86.41708,88.01657,13724.982
1959-11-30,4500,-3371.79911092974,13724.982,88.01657,91.528076,9396.002
1959-12-31,5338.35550265007,-2239.75248707005,9396.002,91.528076,92.156395,9484.92
1960-01-31,9689.48283364528,-3854.5902447347,9484.92,92.156395,87.47244,6353.3096
1960-02-29,35964.2815562132,-3676.72413793103,6353.3096,87.47244,63.340538,1128.3302
1960-03-31,20380.7762451927,-3905,1128.3302,63.340538,64.09092,872.1673
1960-04-30,14199.4104696862,-2456.64508032831,872.1673,64.09092,70.387985,2309.1436
1960-05-31,7984.03976457454,-2594.25015845383,2309.1436,70.387985,78.9397,5045.979
1960-06-30,7109.44502212185,-4400,5045.979,78.9397,83.18794,8819.981
1960-07-31,5283.50836161087,-11468.8326303325,8819.981,83.18794,85.43363,11851.789
1960-08-31,3807.32413839429,-5365.96743896486,11851.789,85.43363,90.1099,8565.187
1960-09-30,4121.17363892587,-4829.47053557133,8565.187,90.1099,91.462265,9903.137
1960-10-31,4000.68147351384,-5331.53086084947,9903.137,91.462265,91.556076,9445.538
1960-11-30,7554.79236937358,-5341.5532806961,9445.538,91.556076,89.88823,8614.004
1960-12-31,11487.8758197822,-5290.32258064516,8614.004,89.88823,81.76009,9081.593
1961-01-31,8202.4038853847,-4055,9081.593,81.76009,81.299934,7938.859
1961-02-28,31643.9832942029,-3982.14285714286,7938.859,81.299934,64.814285,1232.884
1961-03-31,14533.3973092535,-3905,1232.884,64.814285,67.6769,1471.7831
1961-04-30,10166.667,-2137.74204394549,1471.7831,67.6769,76.04473,4228.4644
1961-05-31,9033.13408796222,-2475.53951203646,4228.4644,76.04473,80.24872,6600.2036
1961-06-30,7100,-4400,6600.2036,80.24872,82.83334,8570.131
1961-07-31,5000,-6605.16666675746,8570.131,82.83334,86.05742,11534.733
1961-08-31,3500,-4317.7135023796,11534.733,86.05742,89.817375,14536.268
1961-09-30,3242.41509931391,-4604.68781326227,14536.268,89.817375,92.20318,10824.909
1961-10-31,4000,-3761.42573756218,10824.909,92.20318,92.54129,11043.245
1961-11-30,5305.48533507307,-3129.14650476534,11043.245,92.54129,92.10197,10339.638
1961-12-31,10245.1244917064,-5290.32258064516,10339.638,92.10197,85.92691,5272.9736
1962-01-31,6000,-4055,5272.9736,85.92691,85.540924,7464.3447
1962-02-28,74351.3082776798,-4387.14285714286,7464.3447,85.540924,57.039845,1118.786
1962-03-31,23931.0084051983,-3500,1118.786,57.039845,61.873814,598.48553
1962-04-30,12207.2348028765,-3596.77628792798,598.48553,61.873814,71.21957,2276.5447
1962-05-31,11161.29,-3265.36831162559,2276.5447,71.21957,76.645134,4929.5244
1962-06-30,7100,-4475,4929.5244,76.645134,81.520035,6906.3457
1962-07-31,8637.82767812126,-11083.9641082363,6906.3457,81.520035,83.03143,3942.1958
1962-08-31,4002.96268504277,-10475.6618151142,3942.1958,83.03143,87.24856,5399.484
1962-09-30,3625.5941857862,-5481.66907009114,5399.484,87.24856,90.45508,8455.662
1962-10-31,28979.7951893325,-10172.1905477289,8455.662,90.45508,67.63761,1923.4764
1962-11-30,4500,-8393.21971707821,1923.4764,67.63761,77.40967,2904.4697
1962-12-31,23926.3082835084,-5290.32258064516,2904.4697,77.40967,69.67212,5304.873
1963-01-31,10475.6967786699,-4363.70967741936,5304.873,69.67212,72.685356,3236.8884
1963-02-28,83988.7033303274,-4223.21428571428,3236.8884,72.685356,55.1701,1077.3644
1963-03-31,25503.8380245103,-3500,1077.3644,55.1701,61.46006,557.46277
1963-04-30,94233.9723350795,-3880.54770875507,557.46277,61.46006,53.71082,354.51154
1963-05-31,24240.2605833708,-3695.03584382757,354.51154,53.71082,62.129955,591.67615
1963-06-30,10289.1253778267,-4505,591.67615,62.129955,73.11732,2594.615
1963-07-31,10216.6277553763,-11387.0442860144,2594.615,73.11732,78.050064,5847.3315
1963-08-31,10200,-11529.7904130684,5847.3315,78.050064,78.04066,6705.482
1963-09-30,3416.0723973703,-10736.7876204903,6705.482,78.04066,83.91658,8506.335
1963-10-31,4217.412475287,-7250.81596240756,8506.335,83.91658,88.11312,13117.093
1963-11-30,12783.9823661072,-8918.41218717689,13117.093,88.11312,82.370346,5283.1006
1963-12-31,4500,-6701.79284856108,5283.1006,82.370346,84.54827,7772.75
1964-01-31,20319.8266282082,-3645.16129032258,7772.75,84.54827,74.226395,2369.9922
1964-02-29,9514.47885910068,-4283.44826884933,2369.9922,74.226395,74.098564,2590.057
1964-03-31,8526.50986242388,-3353.8732185594,2590.057,74.098564,79.983894,6500.3306
1964-04-30,10656.751376122,-2266.35885198958,6500.3306,79.983894,78.898415,7774.3857
1964-05-31,9408.12695811504,-2648.29679479208,7774.3857,78.898415,79.888466,7465.1436
1964-06-30,7110.70267540317,-4400,7465.1436,79.888466,82.59389,7977.9463
1964-07-31,5000,-11563.0680546225,7977.9463,82.59389,86.99754,5334.0156
1964-08-31,4234.98169894996,-7647.49270943097,5334.0156,86.99754,90.590996,6949.8354
1964-09-30,3365.42764437643,-5420.50293007807,6949.8354,90.590996,91.89626,9162.362
1964-10-31,4000,-4117.5927611064,9162.362,91.89626,92.41105,10380.764
1964-11-30,8096.18675424624,-5798.5531969065,10380.764,92.41105,88.78769,8518.886
1964-12-31,108029.875689969,-5290.32258064516,8518.886,88.78769,54.878105,1292.178
1965-01-31,133562.419388604,-4262.09677419355,1292.178,54.878105,52.15554,228.61633
1965-02-28,35535.7672502158,-4464.28571428571,228.61633,52.15554,58.502712,281.70367
1965-03-31,14258.6822320303,-3650,281.70367,58.502712,67.83648,1423.6415
1965-04-30,41241.5667625722,-3956.10508229025,1423.6415,67.83648,59.660755,1450.9707
1965-05-31,15262.097,-3762.16071162388,1450.9707,59.660755,67.35397,1342.398
1965-06-30,10200,-4505,1342.398,67.35397,76.214096,3727.7146
1965-07-31,10216.3989990293,-10988.6983519986,3727.7146,76.214096,78.606995,6258.966
1965-08-31,10200,-11058.1456712278,6258.966,78.606995,78.11522,6881.2393
1965-09-30,3000,-10107.6044396118,6881.2393,78.11522,84.24731,8772.563
1965-10-31,4000,-5582.68455962109,8772.563,84.24731,89.45059,8301.366
1965-11-30,11707.0600992072,-7667.83127405706,8301.366,89.45059,83.86239,5884.9375
1965-12-31,5620.62079836302,-8133.3768790403,5884.9375,83.86239,83.95515,7800.851
1966-01-31,28924.4409569473,-3645.16129032258,7800.851,83.95515,66.86847,1636.403
1966-02-28,27287.1614609012,-3741.07142857143,1636.403,66.86847,62.261017,829.0273
1966-03-31,21332.1390491643,-3500,829.0273,62.261017,64.55626,1106.4156
1966-04-30,11958.0713543389,-2582.63366014872,1106.4156,64.55626,71.660774,2507.4436
1966-05-31,8716.129,-2734.89296104867,2507.4436,71.660774,79.54403,5494.5205
1966-06-30,7807.5344338613,-4475,5494.5205,79.54403,82.334526,8123.5415
1966-07-31,7938.34134499333,-10739.9390468044,8123.5415,82.334526,83.733505,4226.4326
1966-08-31,4535.7400609747,-9888.52092401567,4226.4326,83.733505,87.594795,5646.3022
1966-09-30,3460.30285057866,-5886.57035587785,5646.3022,87.594795,90.45113,8537.4
1966-10-31,4000,-5020.17887500559,8537.4,90.45113,91.83522,9716.733
1966-11-30,8065.91116682186,-7180.08262032286,9716.733,91.83522,88.59319,7694.8755
1966-12-31,39748.7908267525,-5290.32258064516,7694.8755,88.59319,62.65574,3366.4363
1967-01-31,57733.0599925788,-4363.70967741936,3366.4363,62.65574,55.44512,353.57404
1967-02-28,55120.8668037772,-3741.07142857143,353.57404,55.44512,55.471104,269.63095
1967-03-31,55951.0363922546,-3575,269.63095,55.471104,55.381325,264.06714
1967-04-30,58109.7596266899,-3652.05449780199,264.06714,55.381325,55.188847,270.37875
1967-05-31,38954.6051411001,-4902.78976066389,270.37875,55.188847,58.109573,362.6929
1967-06-30,19109.8422828967,-5000,362.6929,58.109573,65.018234,1032.3715
1967-07-31,10200,-8328.29414344833,1032.3715,65.018234,74.23922,3145.3313
1967-08-31,10200,-10382.6785823431,3145.3313,74.23922,77.81829,6174.3184
1967-09-30,3427.97582512909,-10165.8678410383,6174.3184,77.81829,83.85194,8843.09
1967-10-31,4000,-8546.03514759072,8843.09,83.85194,89.27163,7609.8296
1967-11-30,5411.3938064779,-5618.23990118488,7609.8296,89.27163,91.01463,8594.337
1967-12-31,8464.51502795246,-5825.18245103164,8594.337,91.01463,88.1545,6604.5454
1968-01-31,22069.5659180164,-3645.16129032258,6604.5454,88.1545,71.53347,1850.7229
1968-02-29,56886.5635952028,-4040.51724137931,1850.7229,71.53347,56.470085,478.72955
1968-03-31,34977.1825192855,-3500,478.72955,56.470085,58.85823,414.4901
1968-04-30,10516.5864398635,-2700.42535484953,414.4901,58.85823,71.306244,1999.1022
1968-05-31,8860.40172464252,-2909.77257439229,1999.1022,71.306244,80.05595,5681.544
1968-06-30,8192.04529769955,-4475,5681.544,80.05595,83.32969,4101.05
1968-07-31,9470.15934230641,-10742.4061026365,4101.05,83.32969,82.22896,3519.5857
1968-08-31,4000,-10999.8013506889,3519.5857,82.22896,85.67123,7708.9204
1968-09-30,3000,-6554.39821653523,7708.9204,85.67123,89.441635,13643.29
1968-10-31,4000,-5598.49587925227,13643.29,89.441635,91.52507,9828.742
1968-11-30,6447.45399964018,-4723.79020053029,9828.742,91.52507,90.81263,9218.665
1968-12-31,21920.219891747,-5290.32258064516,9218.665,90.81263,73.96421,2600.9487
1969-01-31,154816.122337429,-4712.16609718636,2600.9487,73.96421,52.485912,319.4552
1969-02-28,167136.144933181,4640.01267449381,319.4552,52.485912,51.941643,229.1472
1969-03-31,69677.4970245242,5005.61977890762,229.1472,51.941643,54.086838,229.42494
1969-04-30,47932.6720642614,1195.92688053229,229.42494,54.086838,56.288208,255.7792
1969-05-31,38845.7407433201,2450.66850392884,255.7792,56.288208,58.40457,340.74133
1969-06-30,14721.9234979725,-2630.04394918691,340.74133,58.40457,67.560844,1151.8229
1969-07-31,10200,-7445.66903791129,1151.8229,67.560844,76.115166,4141.536
1969-08-31,10200,-10322.3542956462,4141.536,76.115166,77.86508,6684.652
1969-09-30,3643.23604225563,-10211.8783467064,6684.652,77.86508,83.55216,8930.025
1969-10-31,4934.09541715576,-8974.10620882457,8930.025,83.55216,87.23692,13337.962
1969-11-30,4707.00487219909,-8493.43613565739,13337.962,87.23692,90.10817,8614.473
1969-12-31,51282.6920065787,-5290.32258064516,8614.473,90.10817,60.666477,1358.0303
1970-01-31,233402.912635326,-1450.6248459255,1358.0303,60.666477,50.533955,234.8113
1970-02-28,81890.0890582459,-4116.96391010969,234.8113,50.533955,53.386303,229.17036
1970-03-31,36376.6039720045,-3650,229.17036,53.386303,58.474106,288.0281
1970-04-30,13523.5696380148,-3680.27271606722,288.0281,58.474106,68.32222,1399.5096
1970-05-31,8408.27733433876,-3574.51182565839,1399.5096,68.32222,78.715805,4966.355
1970-06-30,10446.7192005779,-4505,4966.355,78.715805,79.94936,7471.942
1970-07-31,10200,-10364.5206163443,7471.942,79.94936,78.65475,7319.7983
1970-08-31,10200,-10696.8172328756,7319.7983,78.65475,78.22787,7219.096
1970-09-30,3000,-6610.96338972506,7219.096,78.22787,84.1777,9071.802
1970-10-31,4820.34636631989,-9367.80639647304,9071.802,84.1777,88.70329,7867.2085
1970-11-30,13524.8590769179,-8269.73273368005,7867.2085,88.70329,81.545006,4101.262
1970-12-31,66346.7613026518,-5290.32258064516,4101.262,81.545006,56.809937,805.4527
1971-01-31,52215.1207611882,-4516.12903225806,805.4527,56.809937,55.736084,288.59918
1971-02-28,20345.2548764367,-4464.28571428572,288.59918,55.736084,63.698616,670.1113
1971-03-31,46497.7232021011,-3650,670.1113,63.698616,57.888554,571.6223
1971-04-30,21475.777588015,-2803.34074219946,571.6223,57.888554,63.77442,829.9438
1971-05-31,18051.2699816021,-3334.12870562221,829.9438,63.77442,67.20817,1819.4476
1971-06-30,10368.0555555667,-4505,1819.4476,67.20817,74.593185,3562.7026
1971-07-31,10214.2902609767,-11310.6622273024,3562.7026,74.593185,78.13317,6103.3926
1971-08-31,10200,-11377.4388109492,6103.3926,78.13317,77.839325,6793.0273
1971-09-30,3145.08113847117,-10880.4752105495,6793.0273,77.839325,84.16658,8716.252
1971-10-31,4000,-5665.17559117117,8716.252,84.16658,89.68199,8140.317
1971-11-30,4824.29958093568,-4648.98591005053,8140.317,89.68199,91.81687,9530.621
1971-12-31,16105.2209896182,-5290.32258064516,9530.621,91.81687,80.7115,3811.024
1972-01-31,10921.029001628,-4516.12903225806,3811.024,80.7115,75.7196,3760.173
1972-02-29,16192.5691870527,-4040.51724137931,3760.173,75.7196,73.76795,1449.0354
1972-03-31,22999.7461786022,-3500,1449.0354,73.76795,65.700294,1575.4292
1972-04-30,13940.8443874471,-2568.69271756883,1575.4292,65.700294,69.972755,2162.0571
1972-05-31,8120.29831802569,-2670.47623557457,2162.0571,69.972755,78.721405,5192.1343
1972-06-30,8794.59219129054,-4475,5192.1343,78.721405,82.28182,4105.1714
1972-07-31,9251.81375827011,-11181.9672508456,4105.1714,82.28182,82.00913,3301.7417
1972-08-31,4000,-11187.0606234055,3301.7417,82.00913,85.51142,7563.907
1972-09-30,3292.24269919252,-7102.98069280575,7563.907,85.51142,89.113174,13441.27
1972-10-31,4191.21575980541,-5916.45536320783,13441.27,89.113174,91.08098,9301.068
1972-11-30,10872.6822120517,-8102.16883441529,9301.068,91.08098,85.83587,5463.597
1972-12-31,21838.1575318793,-5290.32258064516,5463.597,85.83587,69.37611,3793.2664
1973-01-31,86892.3779001643,-4516.12903225806,3793.2664,69.37611,54.044754,541.9441
1973-02-28,98162.2676626299,-4223.21428571429,541.9441,54.044754,53.065308,228.64705
1973-03-31,60631.950966308,-3575,228.64705,53.065308,54.71769,235.52098
1973-04-30,14369.3676459392,-3904.96096116646,235.52098,54.71769,66.49613,1054.6062
1973-05-31,9509.61725915707,-3623.18557935729,1054.6062,66.49613,77.395485,4162.443
1973-06-30,10220.8388864061,-4490,4162.443,77.395485,79.42177,6643.0327
1973-07-31,10869.1475842354,-10939.3213521743,6643.0327,79.42177,79.7479,2480.1147
1973-08-31,10200,-11193.8768849832,2480.1147,79.7479,79.82816,2162.4333
1973-09-30,3000,-8835.00009762995,2162.4333,79.82816,84.84067,7119.337
1973-10-31,4962.58483114422,-6745.70859833619,7119.337,84.84067,89.73236,8732.621
1973-11-30,46328.2877073123,-8639.32229346012,8732.621,89.73236,61.86207,1592.5254
1973-12-31,81580.452759244,-5290.32258064516,1592.5254,61.86207,53.814365,250.85187
1974-01-31,144908.224024136,-4343.38709677419,250.85187,53.814365,51.920647,229.39857
1974-02-28,47019.3118001441,-4464.28571428571,229.39857,51.920647,56.371212,241.86998
1974-03-31,113467.754213079,-4550,241.86998,56.371212,52.96664,239.75232
1974-04-30,61783.1462833768,-4130,239.75232,52.96664,54.633373,235.85402
1974-05-31,15952.8553396598,-3968.77945603679,235.85402,54.633373,65.97889,1055.5562
1974-06-30,10200,-4505,1055.5562,65.97889,75.47294,3793.668
1974-07-31,10200,-11043.275310226,3793.668,75.47294,78.45157,6412.333
1974-08-31,10200,-10499.0327256668,6412.333,78.45157,77.947075,7124.386
1974-09-30,3000,-10262.4322253778,7124.386,77.947075,84.12551,9149.939
1974-10-31,4000,-6739.14361596225,9149.939,84.12551,89.84393,8611.893
1974-11-30,5805.24087984672,-5287.38410904689,8611.893,89.84393,90.84933,9284.655
1974-12-31,8665.02631374553,-6437.68375614199,9284.655,90.84933,87.60619,6346.9116
1975-01-31,6228.04430410799,-5000,6346.9116,87.60619,87.1708,6051.7656
1975-02-28,63474.926345777,-3762.5,6051.7656,87.1708,58.656765,1177.835
1975-03-31,91754.072113474,-3500,1177.835,58.656765,53.399323,233.72346
1975-04-30,28567.0310924163,-3836.93220939662,233.72346,53.399323,60.46862,439.24686
1975-05-31,20048.9086592955,-3971.49561574788,439.24686,60.46862,65.31721,1367.863
1975-06-30,10368.0555555667,-4490,1367.863,65.31721,73.954834,3246.1682
1975-07-31,10200,-10670.7294068836,3246.1682,73.954834,79.329445,2280.6814
1975-08-31,10200,-11307.1958890061,2280.6814,79.329445,79.66139,2417.6504
1975-09-30,3380.56763415145,-11169.8630767222,2417.6504,79.66139,84.74451,7494.3843
1975-10-31,6291.51395301927,-8799.85829078951,7494.3843,84.74451,87.95317,7072.5996
1975-11-30,4997.54189590255,-8359.61707315239,7072.5996,87.95317,88.99595,11404.854
1975-12-31,7163.28071054949,-3622.29058428092,11404.854,88.99595,88.60847,7032.407
1976-01-31,5221.67776819279,-3860.15324395929,7032.407,88.60847,89.224304,7434.944
1976-02-29,7841.3794,-4250,7434.944,89.224304,87.13549,6971.8677
1976-03-31,9830.14530140251,-2867.43156054618,6971.8677,87.13549,81.89292,4265.8574
1976-04-30,8406.43639861649,-1673.25551961179,4265.8574,81.89292,81.61537,7131.456
1976-05-31,4580.87134348509,-2070.77436032651,7131.456,81.61537,86.48077,11931.912
1976-06-30,4254.04913096938,-4269.78749713467,11931.912,86.48077,89.861664,14965.251
1976-07-31,4000,-5144.55845738051,14965.251,89.861664,91.84923,16675.22
1976-08-31,3000,-3817.11878404893,16675.22,91.84923,92.45189,17118.348
1976-09-30,3000,-4551.10552458431,17118.348,92.45189,93.37002,11604.481
1976-10-31,4112.74637739454,-3661.45605204038,11604.481,93.37002,93.26993,11737.768
1976-11-30,4006.29940830881,-2745.19227843841,11737.768,93.26993,93.997055,11608.515
1976-12-31,7785.70840502157,-819.348216448539,11608.515,93.997055,90.43977,8681.397
1977-01-31,4500,-3676.86417048558,8681.397,90.43977,90.22054,8262.022
1977-02-28,6917.50042653766,-413.981337133699,8262.022,90.22054,89.203125,8837.699
1977-03-31,10981.9871959149,-165.588871526972,8837.699,89.203125,82.18137,4183.7573
1977-04-30,4000,-690.903584168249,4183.7573,82.18137,85.18395,7215.9243
1977-05-31,4973.54935644037,-1776.98454968319,7215.9243,85.18395,90.6343,7829.4194
1977-06-30,3299.01047214393,-1706.97654276934,7829.4194,90.6343,92.677055,12662.652
1977-07-31,3593.79109957517,-3176.98582356091,12662.652,92.677055,93.54587,17411.945
1977-08-31,3000,-2973.3610993898,17411.945,93.54587,93.39757,17761.416
1977-09-30,3478.25361061283,-2590.92528009177,17761.416,93.39757,92.87186,11516.69
1977-10-31,3000,-1802.45092686213,11516.69,92.87186,93.95385,11665.603
1977-11-30,5106.80519357177,-905.842495356484,11665.603,93.95385,93.70726,11103.262
1977-12-31,11003.1331991063,-5225.14593121023,11103.262,93.70726,85.912926,6427.502
1978-01-31,75076.3324506974,-4516.12903225806,6427.502,85.912926,55.844433,1225.8053
1978-02-28,65046.2648221152,-4175,1225.8053,55.844433,54.374184,245.53027
1978-03-31,67405.5702922671,-3500,245.53027,54.374184,54.24966,244.63081
1978-04-30,39436.491644715,-3995,244.63081,54.24966,57.802822,343.9615
1978-05-31,14682.1074953739,-4190,343.9615,57.802822,67.68786,1396.072
1978-06-30,10678.0657928474,-4490,1396.072,67.68786,75.64092,4029.518
1978-07-31,11357.8585105536,-10905.013609154,4029.518,75.64092,78.79878,2164.6245
1978-08-31,10200,-11023.118752389,2164.6245,78.79878,79.38291,2144.8503
1978-09-30,3368.64268682376,-10576.6848285888,2144.8503,79.38291,84.57423,7213.338
1978-10-31,4000,-9553.99561251346,7213.338,84.57423,89.44687,13985.729
1978-11-30,5766.44419164078,-8224.38925865206,13985.729,89.44687,89.93266,8526.269
1978-12-31,6380.48494508044,-2449.00269997389,8526.269,89.93266,89.01327,12625.38
1979-01-31,20865.4968511563,-4745,12625.38,89.01327,74.65806,2675.7522
1979-02-28,40863.6556483052,-3962.85714285714,2675.7522,74.65806,59.214718,913.2746
1979-03-31,29278.0869886542,-3905,913.2746,59.214718,60.713356,707.0879
1979-04-30,12263.7215621863,-3539.72612710758,707.0879,60.713356,70.27693,2028.2723
1979-05-31,11599.4401051621,-3990.86008361056,2028.2723,70.27693,76.46218,4609.8022
1979-06-30,8686.667,-4400,4609.8022,76.46218,79.56562,6536.309
1979-07-31,5000,-10337.1598370256,6536.309,79.56562,85.47135,5419.5303
1979-08-31,3585.87930352655,-5793.75063605123,5419.5303,85.47135,90.02437,8040.506
1979-09-30,4511.17358212606,-6917.66502305141,8040.506,90.02437,90.883575,8816.419
1979-10-31,5026.93405730697,-6620.13003045405,8816.419,90.883575,90.43326,8674.709
1979-11-30,6611.45959075259,-6632.93474424289,8674.709,90.43326,89.37587,8172.6416
1979-12-31,17577.5892037235,-5290.32258064516,8172.6416,89.37587,76.38169,2742.8684
1980-01-31,108119.715575406,-4625,2742.8684,76.38169,53.787815,400.45636
1980-02-29,146331.501993399,1293.42302466304,400.45636,53.787815,52.157913,229.59325
1980-03-31,59694.0577981009,-140.783486038349,229.59325,52.157913,54.781834,233.14357
1980-04-30,18664.9223185552,-4130,233.14357,54.781834,64.26646,868.7031
1980-05-31,12027.3105432547,-3830.11832761761,868.7031,64.26646,73.051056,3030.4436
1980-06-30,10200,-3095.87782413914,3030.4436,73.051056,77.69341,5306.78
1980-07-31,10200,-9722.85951377052,5306.78,77.69341,80.03662,2384.7925
1980-08-31,10200,-9815.5912160557,2384.7925,80.03662,79.99868,2332.2039
1980-09-30,3000,-9614.62501943358,2332.2039,79.99868,85.18014,7251.837
1980-10-31,4000.71981800207,-8084.06766174837,7251.837,85.18014,90.646065,8317.849
1980-11-30,6352.13423083062,-8853.07886839527,8317.849,90.646065,89.858116,8150.6704
1980-12-31,7393.39972073623,-7973.80282419922,8150.6704,89.858116,86.21933,10843.918
1981-01-31,21751.2180498528,-3505.32258064516,10843.918,86.21933,70.425766,7220.5854
1981-02-28,17424.531704194,-4030.35714285714,7220.5854,70.425766,67.28021,2584.9363
1981-03-31,20091.325861776,-3905,2584.9363,67.28021,66.363945,2272.3513
1981-04-30,9817.01355556667,-2375.67468036928,2272.3513,66.363945,74.21368,3709.4766
1981-05-31,9625.97079511185,-3122.11973146693,3709.4766,74.21368,79.85066,6667.868
1981-06-30,7100,-4400,6667.868,79.85066,82.48384,8297.723
1981-07-31,5000,-8653.6218737082,8297.723,82.48384,86.98495,6335.8877
1981-08-31,4158.18748948701,-5199.48696605555,6335.8877,86.98495,90.642105,8205.379
1981-09-30,3212.74952632767,-5119.23410888093,8205.379,90.642105,92.016205,9699.174
1981-10-31,5246.5901645543,-4697.60640110675,9699.174,92.016205,91.21587,9888.5625
1981-11-30,27800.674510821,-9032.49092428793,9888.5625,91.21587,69.0642,2204.1743
1981-12-31,101329.198365341,-5290.32258064516,2204.1743,69.0642,53.415306,281.75952
1982-01-31,92272.5030534453,-4262.09677419355,281.75952,53.415306,52.944366,229.90704
1982-02-28,111328.348823541,-3656.91060008457,229.90704,52.944366,52.74778,229.35294
1982-03-31,89666.18931666,-2361.30963821823,229.35294,52.74778,53.246624,229.09627
1982-04-30,131734.102908042,2624.98117846581,229.09627,53.246624,52.47649,228.45235
1982-05-31,27499.0279766195,-3775.18860340893,228.45235,52.47649,60.915924,382.93274
1982-06-30,10731.9418717676,-4505,382.93274,60.915924,72.07129,2159.2734
1982-07-31,10863.8760114634,-10191.5363947218,2159.2734,72.07129,77.10622,5248.2764
1982-08-31,10200,-10477.210519013,5248.2764,77.10622,77.73172,6351.7383
1982-09-30,8290.57428307769,-9531.93899267797,6351.7383,77.73172,79.46226,7351.27
1982-10-31,21497.077591226,-7034.53267234696,7351.27,79.46226,68.733604,5746.644
1982-11-30,38738.824081513,-4561.03502679045,5746.644,68.733604,59.62465,1180.1488
1982-12-31,94528.3674929447,-1439.06611181831,1180.1488,59.62465,53.27668,285.73123
1983-01-31,114148.340263261,8832.96170980841,285.73123,53.27668,52.453175,229.74486
1983-02-28,215914.19579124,15377.3434179072,229.74486,52.453175,50.65836,227.57791
1983-03-31,291623.1575951,23755.6045266481,227.57791,50.65836,49.38416,225.47807
1983-04-30,88795.6361080077,5601.02307394091,225.47807,49.38416,53.262096,228.86832
1983-05-31,63383.9022940728,5361.87236117012,228.86832,53.262096,54.461308,233.33568
1983-06-30,33368.1320624259,351.764599652075,233.33568,54.461308,59.32535,367.38287
1983-07-31,11242.1,-8862.66086644266,367.38287,59.32535,70.76379,1951.6692
1983-08-31,10200,-9673.13982242961,1951.6692,70.76379,77.21956,5152.503
1983-09-30,14607.9954723198,-9317.91987287235,5152.503,77.21956,73.27535,5404.2896
1983-10-31,12437.5575353453,-8918.6762005925,5404.2896,73.27535,73.4628,4556.2188
1983-11-30,82319.7127766236,401.582501163682,4556.2188,73.4628,55.21891,1002.8049
1983-12-31,196608.659782874,6412.69465394822,1002.8049,55.21891,50.699028,231.3054
1984-01-31,56376.8669674872,-2790.12148560919,231.3054,50.699028,55.296543,233.55032
1984-02-29,36048.3489587503,-4482.75862068965,233.55032,55.296543,58.7413,329.12424
1984-03-31,34287.7303642647,-3650,329.12424,58.7413,59.64742,547.82935
1984-04-30,13279.0899907604,-4130,547.82935,59.64742,68.795746,1670.4438
1984-05-31,9968.25534104347,-3581.85696164998,1670.4438,68.795746,77.33551,4720.116
1984-06-30,10200,-4505,4720.116,77.33551,79.12712,6485.6426
1984-07-31,10217.0283546147,-11166.1318955474,6485.6426,79.12712,78.71923,7125.7075
1984-08-31,10200,-11224.7471275801,7125.7075,78.71923,78.27721,7002.677
1984-09-30,3000,-9076.13322873143,7002.677,78.27721,84.41273,8967.094
1984-10-31,4415.41017886782,-6621.67650705669,8967.094,84.41273,89.19951,8710.423
1984-11-30,17595.3796098577,-8733.68478357689,8710.423,89.19951,77.61802,3385.2014
1984-12-31,20642.1856791116,-5290.32258064516,3385.2014,77.61802,66.904945,1983.4058
1985-01-31,7320.17962860529,-5000,1983.4058,66.904945,76.76609,3837.314
1985-02-28,13053.0059043237,-4325,3837.314,76.76609,77.62507,2555.9734
1985-03-31,13466.0595829396,-3500,2555.9734,77.62507,73.81182,3818.7495
1985-04-30,8589.09094975618,-2197.60080937451,3818.7495,73.81182,78.199066,5727.8584
1985-05-31,10321.2290170488,-3109.45613826672,5727.8584,78.199066,79.866875,7379.048
1985-06-30,7100,-4400,7379.048,79.866875,82.11855,7983.4517
1985-07-31,5337.47080398256,-11320.1996805612,7983.4517,82.11855,86.67342,5814.124
1985-08-31,3870.85033393797,-5911.86946673753,5814.124,86.67342,90.529274,7854.9175
1985-09-30,3782.62302607207,-6325.65612952324,7854.9175,90.529274,91.547356,9121.485
1985-10-31,4100.81919073576,-4605.54433676226,9121.485,91.547356,92.10711,9867.6455
1985-11-30,7380.32308419095,-4109.73536246632,9867.6455,92.10711,89.54597,9296.817
1985-12-31,8315.8361751438,-7442.78724758286,9296.817,89.54597,86.04649,5902.8057
1986-01-31,24966.9194859375,-3126.93548387097,5902.8057,86.04649,68.537315,4254.626
1986-02-28,252627.194749044,1124.71191669342,4254.626,68.537315,50.24033,326.6497
1986-03-31,135750.414410623,2848.54935927927,326.6497,50.24033,52.400455,228.79184
1986-04-30,20618.1448846808,-3868.9208949828,228.79184,52.400455,62.928795,479.22922
1986-05-31,12365.828876582,-3560.08192050625,479.22922,62.928795,71.950775,2697.5984
1986-06-30,10674.670170617,-4505,2697.5984,71.950775,77.03925,4993.206
1986-07-31,10470.82720614,-10877.7538397557,4993.206,77.03925,77.943794,6413.898
1986-08-31,10200,-9709.62030572264,6413.898,77.943794,77.788795,6756.8774
1986-09-30,4417.7208897977,-10586.0728172388,6756.8774,77.788795,82.94908,8329.249
1986-10-31,4000,-9132.19536044458,8329.249,82.94908,87.473526,12466.612
1986-11-30,4782.79815524285,-8001.81090905544,12466.612,87.473526,90.739456,8178.847
1986-12-31,7370.226869676,-2789.87362307244,8178.847,90.739456,89.78789,7358.478
1987-01-31,9321.16601929202,-5000,7358.478,89.78789,86.32911,5499.28
1987-02-28,19614.143953888,-3580.35714285714,5499.28,86.32911,72.614296,2309.8228
1987-03-31,23602.3406968875,-3905,2309.8228,72.614296,64.58685,1643.8173
1987-04-30,11715.833,-2518.9310383662,1643.8173,64.58685,71.71908,2711.475
1987-05-31,8891.14985757453,-2495.67153371167,2711.475,71.71908,79.43688,5722.835
1987-06-30,7100,-1890.44507109516,5722.835,79.43688,83.91263,4635.6885
1987-07-31,5000,-4876.55640651472,4635.6885,83.91263,87.59351,6324.0693
1987-08-31,3500,-4152.06229323874,6324.0693,87.59351,90.5182,11449.399
1987-09-30,3000,-3906.32639982063,11449.399,90.5182,92.6355,10428.721
1987-10-31,4000,-2109.74260139089,10428.721,92.6355,93.465126,11089.288
1987-11-30,6039.71191662711,-2680.76380814672,11089.288,93.465126,91.27871,10112.4375
1987-12-31,14034.1047665308,-5290.32258064516,10112.4375,91.27871,81.46529,4574.729
1988-01-31,24204.4121347192,-3875.96774193548,4574.729,81.46529,66.53728,2341.5178
1988-02-29,8435.345,-2718.78574934168,2341.5178,66.53728,74.37022,2574.987
1988-03-31,8122.984,-2377.21593720909,2574.987,74.37022,80.82036,6431.6143
1988-04-30,7917.74938624864,-1298.55649488814,6431.6143,80.82036,81.719086,9026.3545
1988-05-31,7100,-1560.64696953713,9026.3545,81.719086,85.27906,5380.298
1988-06-30,7100,-2154.89663488889,5380.298,85.27906,85.586815,8851.634
1988-07-31,4000,-4579.54793392226,8851.634,85.586815,87.9627,12262.618
1988-08-31,3000,-3681.45354088723,12262.618,87.9627,91.831345,15450.564
1988-09-30,3000,-3622.40457626825,15450.564,91.831345,93.135216,11632.364
1988-10-31,3193.61517074766,-3551.90880945052,11632.364,93.135216,94.16136,12260.536
1988-11-30,5663.53093578555,-3921.775688037,12260.536,94.16136,92.649445,11194.222
1988-12-31,7237.34824097103,-2917.67161575278,11194.222,92.649445,89.51058,8540.6455
1989-01-31,7120.1754151647,-4012.35404531129,8540.6455,89.51058,87.81939,6640.165
1989-02-28,11400,-1245.38359724264,6640.165,87.81939,82.99813,4279.8516
1989-03-31,53117.8554088969,-4325,4279.8516,82.99813,58.44443,1365.4478
1989-04-30,18191.7298357059,-2711.84123509287,1365.4478,58.44443,64.858,921.2848
1989-05-31,11126.411,-3101.2923023283,921.2848,64.858,74.24848,3117.7742
1989-06-30,7109.43749728853,-4400,3117.7742,74.24848,81.344284,6044.6064
1989-07-31,5000,-8942.58378003369,6044.6064,81.344284,85.36582,9634.637
1989-08-31,3500,-6729.35314073228,9634.637,85.36582,88.846695,12904.744
1989-09-30,5633.12917672534,-8298.63128006837,12904.744,88.846695,89.49487,8397.032
1989-10-31,4490.00286524559,-5872.51901427757,8397.032,89.49487,88.78642,12020.781
1989-11-30,5230.91111591922,-3737.25799682869,12020.781,88.78642,90.64753,9415.1875
1989-12-31,5560.84992459847,-2607.00239191247,9415.1875,90.64753,90.572975,8552.5
1990-01-31,16169.5274122283,-3126.93548387097,8552.5,90.572975,79.8446,2979.9944
1990-02-28,11670.1846461209,-3963.58013544088,2979.9944,79.8446,73.998085,2984.5247
1990-03-31,8629.46599320535,-3725.45046928008,2984.5247,73.998085,79.04779,6203.455
1990-04-30,9910.70895340588,-933.758990249692,6203.455,79.04779,79.89493,7721.7085
1990-05-31,8320.88702197938,-1847.63858574227,7721.7085,79.89493,81.217415,8094.6157
1990-06-30,4000,-2066.93385411072,8094.6157,81.217415,86.08162,10637.212
1990-07-31,4000,-3046.53528156772,10637.212,86.08162,90.18813,14615.738
1990-08-31,3000,-2857.98756148072,14615.738,90.18813,92.13534,16442.744
1990-09-30,3000,-3326.69681252142,16442.744,92.13534,93.09621,11474.573
1990-10-31,3000,-3113.18459612671,11474.573,93.09621,94.28667,12257.22
1990-11-30,6041.97084521206,-1180.45246801819,12257.22,94.28667,92.727295,11483.296
1990-12-31,4714.0218024791,-1863.51399593479,11483.296,92.727295,92.5431,11144.031
1991-01-31,6025.38285376721,-8.5663386762708,11144.031,92.5431,90.99442,10578.241
1991-02-28,8260.84409591739,-2716.91041552845,10578.241,90.99442,87.47097,8257.67
1991-03-31,32977.727480648,-4325,8257.67,87.47097,64.89043,1498.2322
1991-04-30,7766.36304664407,-1925.00830772391,1498.2322,64.89043,73.75417,2272.9663
1991-05-31,4779.25664523217,-2075.50631982033,2272.9663,73.75417,86.26832,8313.333
1991-06-30,3179.07677439382,-1645.54579216459,8313.333,86.26832,89.85588,12427.74
1991-07-31,3000,-2044.74933055085,12427.74,89.85588,92.67873,16704.824
1991-08-31,3000,-2193.65522852899,16704.824,92.67873,93.2775,19019.729
1991-09-30,3663.44166283481,-2219.96616648127,19019.729,93.2775,92.83479,12109.879
1991-10-31,3000,-2760.83510281904,12109.879,92.83479,93.91049,11793.6455
1991-11-30,6317.83433573916,-2599.57105878972,11793.6455,93.91049,92.05567,10126.129
1991-12-31,5514.90453826332,-2373.34314679426,10126.129,92.05567,91.226074,9755.814
1992-01-31,9814.04758551342,-471.533241997025,9755.814,91.226074,86.53582,7797.7646
1992-02-29,35376.5648465762,-3676.72413793103,7797.7646,86.53582,64.07724,1228.5518
1992-03-31,17509.9504228351,-4325,1228.5518,64.07724,65.59091,1045.0745
1992-04-30,7196.13988989417,-1121.50506740559,1045.0745,65.59091,77.844376,4212.846
1992-05-31,7100,-1675.41920937813,4212.846,77.844376,83.886604,8444.791
1992-06-30,7100,-1668.46780151281,8444.791,83.886604,84.114815,10282.577
1992-07-31,4000,-3398.25973330187,10282.577,84.114815,87.78436,11688.634
1992-08-31,3139.58648335684,-2183.12321756698,11688.634,87.78436,91.5291,15338.833
1992-09-30,3000,-4762.98333923288,15338.833,91.5291,92.96584,11267.016
1992-10-31,3454.16641677436,-1981.91412437871,11267.016,92.96584,93.797615,11499.128
1992-11-30,5914.85122415117,-864.866715155315,11499.128,93.797615,92.25902,10458.169
1992-12-31,12867.5907902537,-5290.32258064516,10458.169,92.25902,82.93677,4487.5205
1993-01-31,73333.2218712116,-4516.12903225806,4487.5205,82.93677,55.75388,839.7821
1993-02-28,62293.3478105575,-4175,839.7821,55.75388,54.63473,244.88005
1993-03-31,63408.3041102944,-3575,244.88005,54.63473,54.602814,253.21881
1993-04-30,29818.2783835594,-3995,253.21881,54.602814,60.34119,456.64307
1993-05-31,19615.6270278801,-3727.90894526311,456.64307,60.34119,65.31586,1257.5317
1993-06-30,14209.0778247774,-4490,1257.5317,65.31586,70.483536,2665.7498
1993-07-31,11083.3130739111,-11198.4613213749,2665.7498,70.483536,77.8081,1657.3605
1993-08-31,10200,-10529.6237528352,1657.3605,77.8081,79.44413,2214.056
1993-09-30,3191.53409145986,-11275.4220398507,2214.056,79.44413,84.76612,7215.3003
1993-10-31,4130.4362760839,-7212.6393241586,7215.3003,84.76612,90.612206,8357.597
1993-11-30,6761.87592458644,-7395.79078014914,8357.597,90.612206,89.037994,8401.492
1993-12-31,8538.36241731994,-6391.50190631003,8401.492,89.037994,86.10809,5768.0356
1994-01-31,7571.62708568935,-4745,5768.0356,86.10809,85.35136,5691.9004
1994-02-28,21372.9097467807,-3580.35714285714,5691.9004,85.35136,72.21333,2539.5923
1994-03-31,10000,-2364.60694965377,2539.5923,72.21333,74.03654,2872.931
1994-04-30,8837.61835935113,-1759.16908397655,2872.931,74.03654,80.3687,6587.533
1994-05-31,6343.53582461708,-2009.34873134586,6587.533,80.3687,83.9566,9362.367
1994-06-30,4000,-2658.10369016848,9362.367,83.9566,87.57657,12485.224
1994-07-31,4000,-4040.28394543545,12485.224,87.57657,90.8461,15245.208
1994-08-31,3000,-3925.9419225656,15245.208,90.8461,92.25799,16912.697
1994-09-30,3000,-3504.1241163171,16912.697,92.25799,93.199295,11743.655
1994-10-31,3282.24864901404,-3503.15652515544,11743.655,93.199295,94.063034,12313.521
1994-11-30,6415.12005786141,-2182.3911524061,12313.521,94.063034,92.21276,10647.472
1994-12-31,8318.41744492429,-7766.45157801912,10647.472,92.21276,88.05276,6144.8145
1995-01-31,152647.506608004,-3645.16129032258,6144.8145,88.05276,53.542667,805.485
1995-02-28,62465.4567298778,-4464.28571428571,805.485,53.542667,54.529106,232.37187
1995-03-31,203822.018639457,-3744.56677636518,232.37187,54.529106,51.34754,232.37445
1995-04-30,63163.1256600823,-3640.60542945887,232.37445,51.34754,54.66764,230.92873
1995-05-31,69246.7555113669,-486.786587898654,230.92873,54.66764,54.084354,236.43361
1995-06-30,24541.4778281192,-4495.60904369693,236.43361,54.084354,62.048786,519.1259
1995-07-31,11122.0763298701,-9555.1461090173,519.1259,62.048786,72.16987,2532.5205
1995-08-31,10200,-10721.3540071547,2532.5205,72.16987,77.23013,5656.9795
1995-09-30,3373.09955333035,-10926.6177815185,5656.9795,77.23013,83.9899,8759.296
1995-10-31,4744.13857196301,-10038.8870452102,8759.296,83.9899,89.083725,7167.715
1995-11-30,6247.84266573102,-9401.81131969742,7167.715,89.083725,90.096924,7189.388
1995-12-31,29097.2695114078,-5290.32258064516,7189.388,90.096924,67.17595,4873.407
1996-01-31,42629.6855959929,-4516.12903225806,4873.407,67.17595,58.04732,834.9624
1996-02-29,141531.002898146,-3944.68122123837,834.9624,58.04732,52.150932,258.28748
1996-03-31,71202.4968122614,-4550,258.28748,52.150932,53.91918,230.78738
1996-04-30,31865.8516257874,-4130,230.78738,53.91918,59.41331,373.58865
1996-05-31,41187.5195452933,-3987.55685835962,373.58865,59.41331,58.21984,490.4946
1996-06-30,10331.9535937174,-4505,490.4946,58.21984,70.76767,1893.8906
1996-07-31,10208.1281851478,-11176.9810970927,1893.8906,70.76767,78.48781,5742.4263
1996-08-31,10200,-11242.2175759428,5742.4263,78.48781,78.0771,7056.7305
1996-09-30,3381.14436001442,-11202.554533393,7056.7305,78.0771,83.96781,8947.968
1996-10-31,4714.72114783543,-9880.04451276528,8947.968,83.96781,87.93634,13029.267
1996-11-30,6976.53626897238,-8620.60384593686,13029.267,87.93634,88.26924,7552.773
1996-12-31,109057.83697982,-2895.81348618069,7552.773,88.26924,54.601326,1383.4346
1997-01-31,301148.311762115,26598.276597982,1383.4346,54.601326,48.90687,229.38927
1997-02-28,71078.2341858526,2713.93676162717,229.38927,48.90687,54.095543,229.26616
1997-03-31,19253.6066757959,-4063.96562424334,229.26616,54.095543,63.818718,829.5982
1997-04-30,12415.139786555,-3474.6224651257,829.5982,63.818718,71.885666,2717.1255
1997-05-31,9811.46975880192,-2998.93332453828,2717.1255,71.885666,78.47118,5336.233
1997-06-30,10488.3011908829,-4365.87495357595,5336.233,78.47118,79.01621,7024.6865
1997-07-31,11114.4696271183,-10876.7266073752,7024.6865,79.01621,77.6816,7024.0117
1997-08-31,10200,-11105.1956673379,7024.0117,77.6816,77.761955,6756.145
1997-09-30,3000,-7794.59834529696,6756.145,77.761955,84.243385,8965.209
1997-10-31,4000,-7960.25432013916,8965.209,84.243385,89.77897,8334.578
1997-11-30,8479.47460824694,-7160.79916018406,8334.578,89.77897,87.940544,7643.181
1997-12-31,14937.5957964043,-5290.32258064516,7643.181,87.940544,76.9525,6840.243
1998-01-31,88529.7026344738,-4516.12903225806,6840.243,76.9525,54.358055,1028.87
1998-02-28,293604.967210063,4487.94227722576,1028.87,54.358055,49.104485,230.95975
1998-03-31,98094.5211676548,-4099.27282099497,230.95975,49.104485,52.936184,228.50995
1998-04-30,50268.518303661,-2220.02165495885,228.50995,52.936184,55.788612,238.52724
1998-05-31,65319.731623983,-144.053173674553,238.52724,55.788612,54.379036,247.93805
1998-06-30,48032.9592152957,-2156.84081147427,247.93805,54.379036,56.03372,269.69113
1998-07-31,12683.7348463237,-8298.51911345257,269.69113,56.03372,68.52613,1366.4017
1998-08-31,10200,-9398.57588913888,1366.4017,68.52613,76.48238,4496.594
1998-09-30,12936.0131411442,-9702.1418241726,4496.594,76.48238,74.95089,5603.898
1998-10-31,11969.3028884636,-8996.03129338851,5603.898,74.95089,74.92176,5156.872
1998-11-30,25252.7731725086,-8733.28424675439,5156.872,74.92176,65.996574,3281.922
1998-12-31,33783.2492212533,-5290.32258064516,3281.922,65.996574,60.54025,1056.1489
1999-01-31,41450.0556117885,-4516.12903225806,1056.1489,60.54025,58.230682,511.9521
1999-02-28,128160.644058796,-4625,511.9521,58.230682,52.54794,262.10376
1999-03-31,67448.6875518031,-4550,262.10376,52.54794,54.120777,231.90465
1999-04-30,21837.2633054746,-3977.70290833815,231.90465,54.120777,62.75795,693.2175
1999-05-31,12603.6054145382,-3849.71193559765,693.2175,62.75795,71.644806,2506.0706
1999-06-30,10200,-4505,2506.0706,71.644806,77.32738,4958.7925
1999-07-31,10212.9284599014,-11163.3836204494,4958.7925,77.32738,78.4965,6673.89
1999-08-31,10200,-10327.2343997225,6673.89,78.4965,78.03672,6850.185
1999-09-30,3607.18654352771,-11125.6554807746,6850.185,78.03672,83.81875,8621.584
1999-10-31,4000,-8713.49807264523,8621.584,83.81875,88.35798,13219.54
1999-11-30,5694.77578048285,-5322.91687176924,13219.54,88.35798,90.17314,9138.827
1999-12-31,6325.26526896478,-3147.13141113666,9138.827,90.17314,90.09538,8320.209
2000-01-31,27219.1190243028,-3645.16129032258,8320.209,90.09538,69.68815,1774.4751
2000-02-29,135299.218965675,-3866.00358424027,1774.4751,69.68815,52.919598,264.56793
2000-03-31,84251.5276074555,-4025,264.56793,52.919598,53.327274,229.64781
2000-04-30,17062.7218222379,-3995,229.64781,53.327274,64.53601,873.3139
2000-05-31,10938.4414086129,-3848.13974202996,873.3139,64.53601,74.84296,3483.6414
2000-06-30,10200,-4490,3483.6414,74.84296,78.53344,6245.114
2000-07-31,10215.1153920251,-11227.6910063158,6245.114,78.53344,80.30202,2592.887
2000-08-31,10200,-10929.8801890102,2592.887,80.30202,80.209076,2264.499
2000-09-30,3000,-8242.89050764903,2264.499,80.209076,84.91806,7053.139
2000-10-31,4766.46103423267,-7187.93208233804,7053.139,84.91806,89.55494,8256.717
2000-11-30,5511.98037807091,-5546.74223476949,8256.717,89.55494,90.08704,8668.82
2000-12-31,5767.70979087681,-3629.36283403835,8668.82,90.08704,89.41355,7794.338
2001-01-31,13428.4866381001,-4745,7794.338,89.41355,82.0643,4198.9785
2001-02-28,23607.8969316707,-3580.35714285714,4198.9785,82.0643,67.075165,2875.9395
2001-03-31,20711.3998895348,-3905,2875.9395,67.075165,65.06244,1717.6583
2001-04-30,11059.995398323,-2059.70546297493,1717.6583,65.06244,72.997856,3031.1594
2001-05-31,9477.43186567464,-3105.30546348922,3031.1594,72.997856,79.34355,6317.212
2001-06-30,7100,-4400,6317.212,79.34355,84.16699,4376.52
2001-07-31,5000,-6052.2504228016,4376.52,84.16699,87.75312,6440.159
2001-08-31,3924.9735871554,-4857.92287593214,6440.159,87.75312,90.09667,11749.12
2001-09-30,3000,-4747.00571303291,11749.12,90.09667,92.20395,10702.989
2001-10-31,4374.63287441707,-3606.25843693073,10702.989,92.20395,92.91887,11116.139
2001-11-30,6979.73890296208,-5188.33263622872,11116.139,92.91887,89.73036,8987.178
2001-12-31,35574.4789249178,-5290.32258064516,8987.178,89.73036,64.95399,1611.2585
2002-01-31,46102.5274907123,-3875.96774193548,1611.2585,64.95399,57.344463,425.74423
2002-02-28,17169.643,-4030.35714285714,425.74423,57.344463,65.20623,848.10974
2002-03-31,18948.613100554,-3500,848.10974,65.20623,67.191864,2026.3982
2002-04-30,9607.89771420357,-2661.24334667277,2026.3982,67.191864,74.902504,3517.8022
2002-05-31,9652.77609596513,-2711.51457240194,3517.8022,74.902504,79.93305,6250.784
2002-06-30,7100,-4400,6250.784,79.93305,82.32182,8206.361
2002-07-31,5000,-7661.22746658988,8206.361,82.32182,85.761826,11356.767
2002-08-31,3500,-5840.34481659103,11356.767,85.761826,89.69394,14722.146
2002-09-30,3857.92037889905,-4878.57318114216,14722.146,89.69394,91.53686,10613.358
2002-10-31,4000,-4257.8939838938,10613.358,91.53686,92.123985,10193.521
2002-11-30,6058.91536519659,-4532.09898596604,10193.521,92.123985,91.0476,9198.74
2002-12-31,44466.4056878755,-5290.32258064516,9198.74,91.0476,62.349648,1416.5033
2003-01-31,59287.4773244724,-3875.96774193548,1416.5033,62.349648,55.349037,289.6631
2003-02-28,21666.5025054091,-3741.07142857143,289.6631,55.349037,62.89726,609.0236
2003-03-31,21116.9673016306,-3500,609.0236,62.89726,65.2131,1280.0266
2003-04-30,33109.839881602,-2363.42292439712,1280.0266,65.2131,60.89896,986.71735
2003-05-31,31510.7089799286,-3277.40936296741,986.71735,60.89896,60.765144,637.7924
2003-06-30,10368.0555555667,-4490,637.7924,60.765144,71.82729,2108.6877
2003-07-31,10200,-11389.9510690565,2108.6877,71.82729,79.27882,2152.1233
2003-08-31,10200,-11576.920823378,2152.1233,79.27882,79.70101,2416.3342
2003-09-30,3000,-10476.840771992,2416.3342,79.70101,84.97007,7312.2173
2003-10-31,4000,-5583.6202882594,7312.2173,84.97007,90.5262,8597.212
2003-11-30,6211.81517626485,-4838.93093764929,8597.212,90.5262,90.00391,9495.213
2003-12-31,27016.6249864417,-5290.32258064516,9495.213,90.00391,69.555,2144.9565
2004-01-31,33498.5187750277,-4343.38709677419,2144.9565,69.555,60.39104,732.6319
2004-02-29,97458.1895850786,-4237.06896551724,732.6319,60.39104,53.40313,299.51053
2004-03-31,47661.8050814518,-3575,299.51053,53.40313,56.299957,260.0555
2004-04-30,14065.1948023477,-2579.76565611076,260.0555,56.299957,67.21114,1162.5519
2004-05-31,8140.62185559319,-2722.90980682048,1162.5519,67.21114,78.693405,4493.1733
2004-06-30,7634.95164214592,-4475,4493.1733,78.693405,82.90664,8080.8096
2004-07-31,8677.63125492753,-11214.8328319649,8080.8096,82.90664,83.021454,3992.7676
2004-08-31,4451.53233529816,-11218.606052325,3992.7676,83.021454,87.24283,5160.1743
2004-09-30,3642.2462766443,-6231.9909135873,5160.1743,87.24283,90.01136,8134.9863
2004-10-31,6442.29941638291,-6778.49203265894,8134.9863,90.01136,88.81127,8412.637
2004-11-30,5412.34059657408,-5562.70096107804,8412.637,88.81127,89.40013,8131.712
2004-12-31,17037.8445170203,-5290.32258064516,8131.712,89.40013,77.61606,2930.6284
2005-01-31,40605.569767791,-4363.70967741936,2930.6284,77.61606,59.746418,907.49786
2005-02-28,26756.3518856044,-4030.35714285714,907.49786,59.746418,61.77066,690.60114
2005-03-31,44359.4306913364,-3500,690.60114,61.77066,57.84225,587.8995
2005-04-30,22015.5663238634,-3875,587.8995,57.84225,63.5589,871.18085
2005-05-31,53942.009201118,-3922.67677538718,871.18085,63.5589,56.662277,601.3502
2005-06-30,19144.732781098,-4850,601.3502,56.662277,64.59087,818.5789
2005-07-31,6500,-9209.00884812162,818.5789,64.59087,79.76264,1817.2775
2005-08-31,4000,-10808.3156974133,1817.2775,79.76264,86.57504,6356.1167
2005-09-30,5156.46914526494,-9954.436819538,6356.1167,86.57504,87.61641,7348.642
2005-10-31,4000,-9200.87573562228,7348.642,87.61641,89.57275,11778.199
2005-11-30,4749.49863745437,-7971.79266097343,11778.199,89.57275,91.270996,8351.223
2005-12-31,89358.0367000541,-5290.32258064516,8351.223,91.270996,56.62633,1127.3065
2006-01-31,138558.678015383,-5000,1127.3065,56.62633,52.47808,229.82776
2006-02-28,59701.7755454283,-4464.28571428571,229.82776,52.47808,54.797035,233.59299
2006-03-31,134310.016220618,-402.918816297972,233.59299,54.797035,52.478817,231.8154
2006-04-30,145152.546990595,1705.24533976059,231.8154,52.478817,52.23007,228.76712
2006-05-31,48983.9445436222,4273.82351691312,228.76712,52.23007,56.2143,241.85178
2006-06-30,11440.8861111183,-4260.07968333856,241.85178,56.2143,69.358505,1378.7516
2006-07-31,10200,-8775.03640021103,1378.7516,69.358505,77.16363,4646.2817
2006-08-31,10200,-10754.6218933235,4646.2817,77.16363,77.915764,6527.929
2006-09-30,3574.8644261926,-10506.4050153138,6527.929,77.915764,83.75792,8679.441
2006-10-31,4169.70764776503,-9388.37742243171,8679.441,83.75792,88.08189,13042.655
2006-11-30,5868.58949946405,-9370.44652079195,13042.655,88.08189,89.36336,7682.5063
2006-12-31,14595.1951578824,-5290.32258064516,7682.5063,89.36336,79.24828,8070.9478
2007-01-31,6000,-5000,8070.9478,79.24828,81.24948,7079.916
2007-02-28,24962.1398717276,-4030.35714285714,7079.916,81.24948,68.66767,1835.051
2007-03-31,14124.0581901031,-3500,1835.051,68.66767,69.04923,1795.0344
2007-04-30,10413.333,-2342.95326909962,1795.0344,69.04923,75.917145,4270.1577
2007-05-31,9598.62397474479,-2868.71445272941,4270.1577,75.917145,79.307274,6612.701
2007-06-30,7100,-4400,6612.701,79.307274,82.3568,8251.235
2007-07-31,5282.4381565485,-11214.303779619,8251.235,82.3568,86.496826,5803.1895
2007-08-31,4387.86115884888,-6489.64721708771,5803.1895,86.496826,89.87174,7576.295
2007-09-30,3741.7778049797,-5532.46669261823,7576.295,89.87174,91.152756,9199.767
2007-10-31,4000,-4564.85238850143,9199.767,91.152756,92.304634,9940.491
2007-11-30,5662.46101130709,-4121.17679018697,9940.491,92.304634,91.66692,9645.254
2007-12-31,7353.863996253,-2990.5153693877,9645.254,91.66692,88.83239,7681.963
2008-01-31,26697.2627070702,-3126.93548387097,7681.963,88.83239,69.12883,1645.7008
2008-02-29,21732.8265103138,-3991.37931034483,1645.7008,69.12883,64.39778,898.11694
2008-03-31,14838.71,-1762.6692990386,898.11694,64.39778,69.13673,1838.8423
2008-04-30,9682.10359916885,-2295.76791911769,1838.8423,69.13673,76.46193,4062.4822
2008-05-31,7238.7095,-2562.73760023409,4062.4822,76.46193,82.2102,7095.0537
2008-06-30,7100,-3167.12305278087,7095.0537,82.2102,83.99165,9629.783
2008-07-31,4000,-3732.1341279935,9629.783,83.99165,87.64878,12240.376
2008-08-31,3589.3188563073,-2918.90976325709,12240.376,87.64878,91.13475,15963.861
2008-09-30,3000,-4258.6679798355,15963.861,91.13475,92.416794,11447.936
2008-10-31,3000,-3150.41670606202,11447.936,92.416794,94.00113,12326.347
2008-11-30,6148.39684933989,-1143.30407801427,12326.347,94.00113,92.55352,11231.109
2008-12-31,4959.78440395335,-3088.21440399967,11231.109,92.55352,91.95031,9685.233
2009-01-31,10382.6448548624,-120.347867434633,9685.233,91.95031,86.31421,6048.5435
2009-02-28,27051.3813919007,-3808.03571428571,6048.5435,86.31421,67.800964,1150.1471
2009-03-31,24767.1333192177,-4325,1150.1471,67.800964,63.079575,797.5413
2009-04-30,8096.86891613155,-1490.87561675444,797.5413,63.079575,75.01969,2694.0117
2009-05-31,9758.76780770319,-3019.50493865444,2694.0117,75.01969,80.692856,6546.993
2009-06-30,9282.5,-4850,6546.993,80.692856,80.28444,7042.282
2009-07-31,4000,-5232.57138611225,7042.282,80.28444,85.22788,8979.098
2009-08-31,3000,-5372.44929924047,8979.098,85.22788,90.43563,13436.485
2009-09-30,3000,-6894.07439126726,13436.485,90.43563,92.45669,10590.581
2009-10-31,4833.71726158573,-5721.38147910278,10590.581,92.45669,91.99513,9994.067
2009-11-30,3500,-3647.62316152558,9994.067,91.99513,93.57223,9936.7295
2009-12-31,7816.46660882559,-3171.31718697372,9936.7295,93.57223,90.60594,8205.412
2010-01-31,33552.9096466724,-3439.51612903226,8205.412,90.60594,66.0408,1238.7966
2010-02-28,37158.762548043,-3982.14285714286,1238.7966,66.0408,59.057255,467.8978
2010-03-31,20045.0636598606,-3905,467.8978,59.057255,64.40341,934.7143
2010-04-30,26287.6424287537,-3388.90713872849,934.7143,64.40341,63.436516,1503.156
2010-05-31,18130.6661757748,-3482.34717707225,1503.156,63.436516,66.71268,1752.7158
2010-06-30,9683.6359568338,-4475,1752.7158,66.71268,75.257355,3505.323
2010-07-31,6500,-11077.6154141542,3505.323,75.257355,83.04268,3538.803
2010-08-31,5654.44275464824,-10885.1432713322,3538.803,83.04268,85.42599,5339.904
2010-09-30,4197.61609657316,-9462.60866439791,5339.904,85.42599,87.37154,11003.171
2010-10-31,6801.69783561939,-9549.2157009363,11003.171,87.37154,87.26867,6475.5073
2010-11-30,7183.18113631497,-9180.76383290217,6475.5073,87.26867,86.19091,9287.825
2010-12-31,72537.9033481527,-5290.32258064516,9287.825,86.19091,56.71241,2755.6191
2011-01-31,33678.3442005508,-4516.12903225806,2755.6191,56.71241,59.284836,402.16437
2011-02-28,37217.8729249611,-4223.21428571429,402.16437,59.284836,59.084778,550.24713
2011-03-31,143228.523698969,3237.60007595249,550.24713,59.084778,52.47454,272.51462
2011-04-30,47212.1774496688,-3978.64480248423,272.51462,52.47454,56.386784,248.27368
2011-05-31,34920.012116935,-4712.18605984922,248.27368,56.386784,59.252968,408.16934
2011-06-30,31120.3794367487,-5000,408.16934,59.252968,60.839504,587.0674
2011-07-31,11389.5115412294,-9714.18394737925,587.0674,60.839504,70.78545,1973.4563
2011-08-31,10200,-10087.7488009893,1973.4563,70.78545,77.16761,5073.0776
2011-09-30,5875.70245215793,-10092.3513669364,5073.0776,77.16761,81.86575,7618.6616
2011-10-31,6218.53118342554,-8994.1963021754,7618.6616,81.86575,84.95345,10372.769
2011-11-30,4975.48130187219,-9311.48673351127,10372.769,84.95345,87.01145,11919.014
2011-12-31,5008.02244348969,-5824.06989582965,11919.014,87.01145,89.93264,7461.205
2012-01-31,12297.8237052624,-4968.212401535,7461.205,89.93264,84.36064,4153.398
2012-02-29,10889.655,-2696.50871382811,4153.398,84.36064,77.78244,4365.8496
2012-03-31,21911.8370595068,-3905,4365.8496,77.78244,67.28114,3806.3232
2012-04-30,20708.6785847693,-2724.49699731234,3806.3232,67.28114,65.448235,2010.5347
2012-05-31,11293.9009234088,-3137.62287014373,2010.5347,65.448235,73.206375,3174.973
2012-06-30,7105.78691132658,-4475,3174.973,73.206375,81.08814,6236.783
2012-07-31,8490.53953020978,-11131.4791507498,6236.783,81.08814,82.79351,3574.3281
2012-08-31,4000,-11593.2252202728,3574.3281,82.79351,86.77922,4958.811
2012-09-30,3144.8071699791,-5622.82506100058,4958.811,86.77922,89.77735,12134.672
2012-10-31,4000,-5873.11303467758,12134.672,89.77735,91.79985,9778.1045
2012-11-30,6909.53660911966,-6925.4376239581,9778.1045,91.79985,90.034035,8458.0205
2012-12-31,60452.8750990596,-5290.32258064516,8458.0205,90.034035,58.606606,2188.058
2013-01-31,18273.1498174057,-4363.70967741936,2188.058,58.606606,64.71617,1003.3164
2013-02-28,17913.7167359376,-4325,1003.3164,64.71617,67.60968,2165.447
2013-03-31,9032.4695464071,-3500,2165.447,67.60968,75.63543,3408.6753
2013-04-30,10289.0488897472,-1918.4885992883,3408.6753,75.63543,79.110954,6279.1626
2013-05-31,9928.78944236557,-1819.13506803241,6279.1626,79.110954,79.58778,7479.8853
2013-06-30,7109.92516026418,-4400,7479.8853,79.58778,82.12833,8108.932
2013-07-31,5000,-6253.60265647953,8108.932,82.12833,85.88363,10581.15
2013-08-31,3500,-4028.77303320811,10581.15,85.88363,90.29608,8135.263
2013-09-30,3533.70919568894,-5298.30905715398,8135.263,90.29608,92.123,10149.489
2013-10-31,4000,-1866.08660307168,10149.489,92.123,92.16583,9774.225
2013-11-30,4917.2099990613,-1989.013437445,9774.225,92.16583,92.924324,9853.019
2013-12-31,4930.56203418074,-1919.25022760839,9853.019,92.924324,92.15093,9341.915
2014-01-31,12979.2248739206,-564.078366152782,9341.915,92.15093,83.95554,4716.0156
2014-02-28,12387.3888885657,-3808.03571428571,4716.0156,83.95554,78.812035,1700.3993
2014-03-31,14569.479189901,-4325,1700.3993,78.812035,73.47562,3161.2483
2014-04-30,7955.93695825161,-1488.3781297272,3161.2483,73.47562,78.556244,5295.091
2014-05-31,4162.6344086129,-1439.6300160895,5295.091,78.556244,87.00962,9768.226
2014-06-30,3000,-1459.98314879965,9768.226,87.00962,90.48317,14437.382
2014-07-31,3000,-1546.60404399139,14437.382,90.48317,93.27115,17251.582
2014-08-31,3000,-1329.28298966964,17251.582,93.27115,93.431694,19022.592
2014-09-30,3668.04005231365,-2592.89003674684,19022.592,93.431694,93.004036,11944.776
2014-10-31,3298.32857460052,-1864.86884719282,11944.776,93.004036,93.661804,11296.879
2014-11-30,5122.63906166689,-1687.76724691687,11296.879,93.661804,93.15513,10649.288
2014-12-31,38021.7175809374,-5290.32258064516,10649.288,93.15513,64.574554,1797.8717
2015-01-31,6000,-3245.75679776559,1797.8717,64.574554,75.43098,2693.009
2015-02-28,15961.3438481885,-4223.21428571429,2693.009,75.43098,75.99333,1962.5862
2015-03-31,7118.22531444184,-2190.13559766939,1962.5862,75.99333,78.856865,3937.8132
2015-04-30,6263.75071460454,-580.396449917845,3937.8132,78.856865,84.21089,9261.593
2015-05-31,4004.75133141805,-1653.30482892506,9261.593,84.21089,90.20548,8248.963
2015-06-30,3498.3630007596,-1714.2511909645,8248.963,90.20548,92.389854,13302.082
2015-07-31,3611.6893970275,-2084.32353114607,13302.082,92.389854,93.03132,17158.84
2015-08-31,3000,-1946.15952969208,17158.84,93.03132,93.45712,18308.982
2015-09-30,3550.41666666999,-2333.04847530131,18308.982,93.45712,92.95549,11860.96
2015-10-31,3000,-2998.40151625772,11860.96,92.95549,93.15161,15978.321
2015-11-30,6476.46965751625,-1441.72063019637,15978.321,93.15161,91.38401,11301.661
2015-12-31,9644.34515906091,-2464.47705861961,11301.661,91.38401,85.54814,9712.499
2016-01-31,35193.6805765677,-4262.09677419355,9712.499,85.54814,63.992455,1542.5829
2016-02-29,19190.143009647,-4040.51724137931,1542.5829,63.992455,64.739716,945.14667
2016-03-31,54465.4756000679,-3905,945.14667,64.739716,56.50843,625.67914
2016-04-30,19062.2367987424,-2753.17855782842,625.67914,56.50843,64.40764,862.013
2016-05-31,9064.0484626599,-2868.6440622059,862.013,64.40764,76.22301,3466.276
2016-06-30,7819.06807323471,-4475,3466.276,76.22301,81.620026,7645.3154
2016-07-31,8718.7778780576,-10305.402318445,7645.3154,81.620026,82.46835,4004.9006
2016-08-31,4000,-7616.489962463,4004.9006,82.46835,86.93622,5476.6226
2016-09-30,3012.57369984456,-5660.90487051678,5476.6226,86.93622,90.9501,9064.541
2016-10-31,4509.06085413523,-6137.92662411122,9064.541,90.9501,91.9665,9008.708
2016-11-30,7518.80032757139,-8566.02915100755,9008.708,91.9665,89.18825,7247.8022
2016-12-31,47011.4300452335,-5290.32258064516,7247.8022,89.18825,60.72165,3535.0479
2017-01-31,153817.958783127,-4516.12903225806,3535.0479,60.72165,51.754295,271.3883
2017-02-28,297598.920501695,12549.9365077879,271.3883,51.754295,49.006046,228.07178
2017-03-31,108164.95830661,2998.29644797496,228.07178,49.006046,52.72998,228.45827
2017-04-30,70792.5119326524,-820.385252004979,228.45827,52.72998,53.89523,229.4178
2017-05-31,29272.6864826611,-3422.49972414396,229.4178,53.89523,60.545506,386.11243
2017-06-30,14478.4344154883,-3034.88084987996,386.11243,60.545506,68.29081,1594.1178
2017-07-31,10200,-7237.39545059831,1594.1178,68.29081,75.96929,4331.8613
2017-08-31,10200,-10661.2100507052,4331.8613,75.96929,77.91856,6803.7783
2017-09-30,3470.18306426959,-10279.6130056029,6803.7783,77.91856,83.76096,8984.276
2017-10-31,4000,-9464.02428188486,8984.276,83.76096,88.35141,13771.56
2017-11-30,10279.9249732436,-9035.04973518466,13771.56,88.35141,85.156746,5785.585
2017-12-31,6720.01937932922,-7919.95725905033,5785.585,85.156746,84.28266,9225.598
2018-01-31,17711.125055134,-3645.16129032258,9225.598,84.28266,76.249084,3303.439
2018-02-28,10625,-3699.860552597,3303.439,76.249084,74.0692,2827.1023
2018-03-31,36833.5290046118,-3905,2827.1023,74.0692,61.499584,2218.6077
2018-04-30,27966.0319070505,-3398.12210356921,2218.6077,61.499584,61.41533,772.858
2018-05-31,13024.193,-3244.08424492686,772.858,61.41533,70.32531,2192.0303
2018-06-30,6890.28087536824,-4475,2192.0303,70.32531,80.24406,5924.446
2018-07-31,9775.75488961538,-10471.1752160634,5924.446,80.24406,81.74162,3888.6965
2018-08-31,4000,-11373.7166779176,3888.6965,81.74162,85.89992,4755.259
2018-09-30,3284.24900086898,-5925.89419154184,4755.259,85.89992,89.577965,11793.374
2018-10-31,4746.55492121188,-4751.13393159099,11793.374,89.577965,90.2675,10067.712
2018-11-30,5964.57680832828,-6224.07472313096,10067.712,90.2675,90.09679,9274.581
2018-12-31,11105.6759532417,-7520.02958606561,9274.581,90.09679,83.819664,4293.0083
2019-01-31,33650.8676981609,-3521.77419354839,4293.0083,83.819664,63.209377,2246.9868
2019-02-28,106819.261584861,-4175,2246.9868,63.209377,53.137318,338.5918
2019-03-31,120985.466043191,-4025,338.5918,53.137318,52.677055,227.22571
2019-04-30,54820.8085900766,-4114.67918603312,227.22571,52.677055,55.313663,242.60129
2019-05-31,31230.5899880398,-5000,242.60129,55.313663,59.989246,411.26147
2019-06-30,14080.9854165068,-4858.75750244456,411.26147,59.989246,68.50295,1707.9586
2019-07-31,10362.6344086129,-9578.45240238363,1707.9586,68.50295,76.25972,4373.688
2019-08-31,10200,-10310.3191779656,4373.688,76.25972,78.09274,6494.793
2019-09-30,3489.79839723904,-10277.6231675047,6494.793,78.09274,83.88584,8663.881
2019-10-31,4085.48116853897,-9292.04474913851,8663.881,83.88584,88.19532,13483.099
2019-11-30,7376.31791684588,-8210.79397115044,13483.099,88.19532,87.99515,8327.807
2019-12-31,18110.9209070611,-5290.32258064516,8327.807,87.99515,76.16912,3107.155
2020-01-31,10287.6530706022,-5000,3107.155,76.16912,75.18132,4253.6143
2020-02-29,11169.273148465,-4325,4253.6143,75.18132,78.538376,2801.486
2020-03-31,10753.6668367679,-3540.14840469581,2801.486,78.538376,77.59082,5036.63
2020-04-30,8992.14554292885,-2352.76879624452,5036.63,77.59082,79.54052,6974.55
2020-05-31,10649.7498722004,-2790.82115562393,6974.55,79.54052,79.34929,7449.6562
2020-06-30,7106.19425877183,-4400,7449.6562,79.34929,81.83475,8328.193
2020-07-31,5000,-6494.27533240403,8328.193,81.83475,86.86306,5770.393
2020-08-31,3711.88426156105,-3789.39782703029,5770.393,86.86306,90.94406,7775.581
2020-09-30,3000,-4756.1225784995,7775.581,90.94406,92.70769,10119.09
2020-10-31,4825.50693407226,-3572.64507535647,10119.09,92.70769,92.10314,10611.236
2020-11-30,5474.39283049367,-3169.34911856907,10611.236,92.10314,91.24913,10234.025
2020-12-31,5879.34164377425,-4703.62031976417,10234.025,91.24913,90.39081,7763.2524
2021-01-31,9592.22136267441,-739.71594596235,7763.2524,90.39081,86.19485,5907.799
2021-02-28,8962.72131693544,-4625,5907.799,86.19485,83.730484,5134.523
2021-03-31,7266.86128445085,-1999.38063939526,5134.523,83.730484,83.55251,4689.166
2021-04-30,4104.8381412739,-741.467527996038,4689.166,83.55251,88.34698,6942.5747
2021-05-31,7360.6308482556,-863.054678214787,6942.5747,88.34698,88.70723,8215.718
2021-06-30,3000,-1506.00586126959,8215.718,88.70723,90.622314,11775.601
2021-07-31,3402.77914575249,-1982.17746817809,11775.601,90.622314,93.809235,16791.484
2021-08-31,3000,-1826.26709557698,16791.484,93.809235,93.61815,18616.05
2021-09-30,3595.32419048514,-2045.59331683505,18616.05,93.61815,NA,NA
