mean,min,max,q0.025,q0.05,q0.25,q0.5,q0.75,q0.9,q0.975,year,alt
4777228.08674759,781334.06660822,14935714.0076029,1305391.20479347,1740691.19679137,3178894.26418249,4467696.6983859,6023503.65107106,7486727.91358776,9701334.11801551,1996,StatusQuo
3602776.68182409,572899.155791038,10659056.2568941,946373.600649172,1269922.52602406,2356459.726983,3354819.92994919,4574183.55022121,5931593.44884069,7596368.44059552,1997,StatusQuo
4324477.50039652,622465.311247928,14506384.5652163,1070992.30459866,1296955.331436,2750031.3039859,4095250.59892753,5533369.12062899,7163171.10823583,9290310.21107472,1998,StatusQuo
9998473.69063483,1377264.12323086,30782333.8468465,2321565.99772327,2926784.14724138,6192476.93630347,9287048.76813645,12919989.3947804,16648116.3805703,22424829.4425982,1999,StatusQuo
21650725.8276382,2837140.02478068,72072548.7124443,4614072.07062204,6015404.79202801,13342525.6741582,19944502.6082318,27609254.8936226,37760895.9323459,48251213.1113149,2000,StatusQuo
32437108.3083805,3671802.35125628,128139927.804559,6974064.71638668,9453846.16993207,19191489.5511286,28955627.3403226,41133330.2807401,55381332.5733615,78306982.7294798,2001,StatusQuo
53880695.8572769,6120672.9452644,224969292.430786,10695082.3469998,15202007.3338521,31259745.9684515,45854049.0723888,70906735.825257,96769821.7917712,130313015.685892,2002,StatusQuo
107041764.654294,14231689.8785465,474089984.407488,21554547.3063605,31177596.4294237,60757938.1953,91962177.8169176,136136316.921895,194190013.734976,253378912.205746,2003,StatusQuo
94281228.2942039,11975255.4742413,523790244.68416,20311783.1630607,24501086.3456234,52770401.4649372,79746558.6216404,117155191.377025,171755846.260817,240523645.796292,2004,StatusQuo
93111304.3544529,9050560.04718696,524360866.243706,19913603.1065972,24476305.8051712,51346157.4592003,78999073.9043699,120309036.431014,174728111.492227,227517700.399315,2005,StatusQuo
96632057.2034178,11876105.0339392,625324685.279347,20268908.3532164,23358878.1247123,51965538.448157,82129185.3987896,120934981.389429,185490890.992776,245304253.093812,2006,StatusQuo
43632593.7174397,4094401.14258033,286120841.055496,8053366.75268992,10760989.069173,23391689.7293273,36016442.6355866,54678285.1668556,79092061.8490359,119016455.695038,2007,StatusQuo
36179855.5723102,3233545.15699245,289046412.027434,6019245.30524293,8800359.67354811,17965209.890561,28903701.8128894,46019045.1923131,66598950.5064343,107808640.754247,2008,StatusQuo
29718692.4492813,2510142.46692399,275065474.048915,4949145.76519544,6579735.48738022,14640063.0907687,23178938.729006,37191366.0986116,53116874.6905273,84271477.9623051,2009,StatusQuo
20689219.6309733,1901858.57208645,251151524.1406,3239331.00416148,4162798.06141364,9999806.25487579,16165906.1769839,25383091.2679306,40357939.162213,59498296.7969122,2010,StatusQuo
11529173.3038199,875622.14605587,140272002.407444,1639136.12316886,2239452.19359791,5540117.46975309,8990277.63036465,14421611.3678686,22275415.7357682,34150340.6372572,2011,StatusQuo
11210680.1702828,658742.183540975,100177544.29193,1494278.47768528,2095099.87057959,5293826.6981223,8774079.00373246,13614373.351773,22030327.7846968,34035932.9307569,2012,StatusQuo
4815442.10735646,299893.019026767,54000868.8703684,630055.090199508,914586.608467509,2270095.78810665,3580094.19213863,5941960.17217155,9573907.46595251,14159046.2777285,2013,StatusQuo
1945072.08195224,105922.735255621,23834866.2600247,250214.332317646,329978.890683797,830395.929555694,1427890.9978415,2427918.15217642,3775161.34181229,5980774.2735256,2014,StatusQuo
7401923.69415723,976919.65873016,21831655.6837422,2000538.34115024,2683427.62302236,4707488.99716407,6960569.72063318,9681530.68881133,12194673.6630724,14299005.1689469,1996,June
5409943.37216404,634531.192883014,15463566.653961,1490427.77867816,1763468.82326946,3353076.62240097,4987527.16751266,6824575.08416235,9161306.39370381,11214018.0521351,1997,June
6695371.6407063,742918.080866179,21897935.9571184,1510832.60522146,1863886.7570244,4075979.65587793,5985320.42635833,8276498.36411976,11795319.741012,16027440.9192785,1998,June
15340732.9649981,1686987.35000417,47744069.3875942,3676685.19349528,4902245.149488,9625086.20262778,13780225.9449422,19144176.7713238,26919859.7521623,36774956.0558365,1999,June
30932137.7397318,3350373.55424395,108498141.571936,7593733.08271711,9402818.41023657,18683568.8237935,27905168.2729228,37852746.2138907,56270278.3259056,75009491.9670334,2000,June
42652696.9467018,3621138.67697918,151811590.01181,10222797.1009844,12791571.2293486,24426232.7493786,37498557.9291073,53651393.7327885,78280754.7813964,107734328.800471,2001,June
68780710.0990428,4612044.81894498,298345227.734563,14206539.729851,18171884.5968166,37528314.9632137,58776754.3794342,88542589.7276224,123497571.29154,174614157.462965,2002,June
124709765.242146,7129727.35651332,512718102.527263,23597567.6845418,36926786.4867327,70031125.4526418,102371832.712255,162436652.164324,222210802.360554,319349266.843434,2003,June
99542492.7152749,6617183.27490486,409598840.853793,19791662.635615,27996833.0132423,55000957.9585452,81766182.3463073,129337463.48079,176577866.984007,257642513.061492,2004,June
85611841.8254154,6923213.2921592,390817622.253204,17887986.0727549,24089585.4910892,46592933.9407441,72553217.3996203,110563551.8736,150122065.195465,227977839.151447,2005,June
92930049.8632312,8274944.97575419,386730403.668595,18902283.9229792,24905110.34649,50589077.2853227,76248413.1241767,120325405.056193,167561753.203337,249949591.940419,2006,June
43983978.6391478,3981730.77219296,245142995.256978,8708631.34955371,11597475.4221344,23685450.8573439,36119782.4211137,56322320.7703033,84752451.131239,116349772.004453,2007,June
35723628.119583,2669044.04665064,209348192.670846,6310698.24953347,8913572.27359854,18478778.8456958,29293866.9927827,46705905.2874315,68133371.7399714,98516499.7492998,2008,June
29915140.0561101,1992149.81537783,181573668.880359,4860971.68696332,7388838.8140239,14290264.9013851,23497432.7176064,38975847.2088571,57540908.3654612,86360795.7604075,2009,June
16390712.0586655,1438340.21579296,113293167.785186,2602085.91142276,3712325.65617062,7663908.04898523,12590672.7438217,22216912.8419299,31010868.4287534,46821333.6418549,2010,June
8983441.04310827,771391.313242938,60632107.9953396,1416799.39172349,1888283.78148025,4046849.00180635,7067824.14924706,11752470.2960969,17330029.1872673,26637274.5700456,2011,June
8688713.11378602,629971.626474934,61597795.6548257,1377503.21365876,1809161.59329671,3776483.34052932,6785111.8442164,11283863.2053037,16417300.2678075,26364462.5113972,2012,June
3540273.8233357,260806.940463867,31050127.507576,490624.964971956,750487.322464559,1533648.64792005,2581354.65314633,4521112.59516346,7095014.21695308,11467993.1022022,2013,June
1444034.00044734,80728.314724896,10952899.4462469,170977.723030325,281612.684136609,615542.385965923,1049672.94989062,1807716.39262587,2969199.20224126,4906053.69835527,2014,June
6521713.98040581,1234133.84153965,18468216.6274177,2020759.13513285,2468901.28501777,4326921.99811458,5860839.17599776,8226492.44702251,10493622.5666114,13580570.379349,1996,MaxWater
4903141.50941737,715921.475500177,15291562.725233,1380551.82626828,1779058.13307343,2955126.15256967,4450013.8563646,6336362.97363696,8226493.50957934,11220612.5119039,1997,MaxWater
6114379.39864805,1094986.21293076,19970923.4833792,1538014.28368006,1952340.37087914,3684942.34725094,5520358.06490121,7798889.61320988,10853995.6314314,14027200.072988,1998,MaxWater
14257073.4581969,2528809.94151862,47796073.1920735,3411001.347157,4550916.81592984,8247912.32995187,12750783.3837359,17958249.4508493,25618472.8998594,33611151.9368283,1999,MaxWater
27991181.6619412,3825592.82931682,104945142.746735,6799075.07250207,8786940.13016032,15653040.7388818,24756259.8945786,34798489.3670811,50805830.4380144,69980570.4543636,2000,MaxWater
40812186.083202,6151354.21354104,171739639.483186,9439278.08004573,12093166.4051519,22973469.89419,34839140.8908841,51251233.9390033,74882405.7755238,107084653.160079,2001,MaxWater
66986173.749476,9949809.80445171,294423317.373979,14744668.8637246,18160909.3364264,34644104.7070417,57180095.4204294,85532099.5149353,121299680.075536,176646224.609403,2002,MaxWater
123355146.81835,18552968.5909023,500479191.673508,25648451.4912752,36153366.1467536,64386793.3696905,103349477.890395,160049852.609891,222329307.200524,309535390.059487,2003,MaxWater
94922428.7489467,11225061.2063442,388355973.731593,19700889.6296865,25263461.7971763,50100182.5770523,82685451.031859,126252560.69955,166129920.647733,245641791.395732,2004,MaxWater
83372585.224561,7706239.743638,326494618.833061,16978221.9982622,19580291.5548774,43288987.8907838,71467568.510213,108432792.763936,149037678.391344,224035743.630004,2005,MaxWater
89618440.5765547,7347018.18291142,415439590.753448,18558760.9202219,23523034.900865,46481734.507532,75751165.7209938,118008522.39527,160583704.022916,226249635.040852,2006,MaxWater
42837841.6341926,3937614.59777699,254975106.357618,7937385.36264075,10212314.0797211,21362593.6980983,36482194.7768122,57101776.2985788,77689981.0307077,113340047.632264,2007,MaxWater
34562591.1594698,2995451.11157822,182493979.21742,7219944.99335033,8511440.2322357,16836885.8146053,28956401.5943193,46105364.905341,63833337.880362,92009322.9562661,2008,MaxWater
31041848.951437,2641353.22236838,156589805.8461,5237825.18794308,6621082.14253372,14385578.823716,24688078.2721874,40493112.5984189,59905202.530181,90402177.5301228,2009,MaxWater
19419432.2544956,1226956.77166643,115954175.638706,3217140.56798802,4266458.63781828,8913973.06404478,15901193.4158791,25401793.3701568,37371696.364338,54463607.7731324,2010,MaxWater
10598784.1375743,803664.493821476,67368169.9848261,1817794.20704809,2292461.25250254,4423163.09437764,8798648.80086652,14212484.4209702,19796829.5460496,30442116.0810003,2011,MaxWater
10314078.0430133,775142.564047876,59402593.6511732,1731295.24061607,2086511.07530801,4433614.42338452,8695555.14265923,13757334.2212278,19378159.8924874,31085538.0370434,2012,MaxWater
4145686.12421103,294955.033140401,22415007.3614981,598411.418722247,829398.192602641,1660276.50774539,3279364.14274763,5532839.34429139,8501622.91468033,13825575.4277394,2013,MaxWater
1617753.88549779,132024.800554478,9576926.13502816,238846.090515233,318524.844878443,631847.758484327,1250114.41927182,2051458.50992551,3317089.23999802,5074568.10991826,2014,MaxWater
6726284.68028788,1262314.57342135,19694899.4374995,1865053.75060681,2589625.5397218,4398265.91855543,6264122.74182288,8393804.54211822,10954854.7663581,15010158.9680942,1996,MaxWater_noSMSCG
5411627.67352677,806196.121135975,19117999.8349377,1388523.50645521,1750538.43172896,3338479.19534605,4893974.02956317,6901183.17836122,9074898.167733,11995065.9694118,1997,MaxWater_noSMSCG
6864044.43286853,722058.423965393,27580939.764297,1725533.08278049,2191083.15824915,4133682.67292818,5678166.6234705,8771147.73047674,12401944.0408878,17253834.5439062,1998,MaxWater_noSMSCG
15943654.2222742,1557504.72971699,67214119.5204104,3846480.00631964,4753622.64726116,9457734.68914593,13244596.7066864,20488324.3387088,30338950.7014317,40684854.7921207,1999,MaxWater_noSMSCG
31806023.1825758,3393367.340216,130728347.497704,6846930.94748464,9319141.28179704,18458288.6402455,25731018.0109562,41210827.8677269,59316818.3101163,76480233.2508618,2000,MaxWater_noSMSCG
48028620.1712688,3378902.96792462,233586744.515842,9115437.23898889,12429837.6258634,26457015.1560436,39787969.6436415,63462967.0211115,88432397.8862928,115507173.375397,2001,MaxWater_noSMSCG
77982638.6411529,6161336.8236236,333977662.074007,15659658.1001034,20651783.4355695,43172202.4447723,62867637.7108833,100929110.600962,154740414.087227,201436851.507164,2002,MaxWater_noSMSCG
143608342.029529,13372638.5117774,578883769.118796,27629461.7829453,35500124.829086304,77951243.7344456,116134724.210482,189168462.52396,270678765.327065,389827633.3272,2003,MaxWater_noSMSCG
115079911.659636,14930474.5674175,485729833.395099,21928849.8713293,29994199.0963085,57530816.2595711,92497286.6414532,154235091.337526,218750474.82741,317127918.663083,2004,MaxWater_noSMSCG
101341170.977373,11062057.9661724,566734925.798849,18232769.2357941,23692478.0454996,50172795.1918881,83448966.309818,131304528.23862,195861917.057948,279889050.878793,2005,MaxWater_noSMSCG
108098403.472659,7497361.53216675,546189150.191402,19796033.8709262,23027838.6128547,53571235.7690263,86919363.6781449,136554833.803799,214915835.397137,317842488.799006,2006,MaxWater_noSMSCG
52493482.9655081,3512559.87390314,276444280.567223,7876106.24685287,11209515.5373686,26647153.1600402,40586394.8333346,66258956.3693599,106275706.647798,154479417.410306,2007,MaxWater_noSMSCG
41883313.9615932,3935013.65816006,217645557.776271,5961327.00258352,9678371.13712334,20762541.4760524,32704052.4429041,54156882.313549,83632762.3230439,124463349.369959,2008,MaxWater_noSMSCG
35049166.4033191,3043220.38991751,203974939.286801,5204925.23227145,7468213.28714526,15957437.7360617,26135787.4076278,45150079.6965478,69426569.1427964,108675949.492044,2009,MaxWater_noSMSCG
19325595.0716361,1440165.23157218,88896575.5598632,2968840.15974687,3882139.1865378,8195350.51347905,14654450.6736617,25719047.1680284,38933524.2126226,60793364.673117,2010,MaxWater_noSMSCG
10259606.7917768,597328.009895592,58739778.2226634,1572457.82273115,2024147.31499663,4353902.37465391,7479151.37701179,13891942.2545072,20614100.679283,33385106.2552763,2011,MaxWater_noSMSCG
10043746.8939408,616083.723618579,54692114.7405036,1697401.42520078,1947115.21316641,4134193.09512005,7604720.7088671,13048971.6353885,20322173.5988615,33858125.8904539,2012,MaxWater_noSMSCG
4015257.93098396,244184.105834279,21832298.8417117,712930.259389884,792469.047938009,1592289.10586954,2909950.22273306,5235549.95803956,8078454.53791046,13135201.5553779,2013,MaxWater_noSMSCG
1624257.8683502,80688.1160352393,10544376.5605798,208002.108816462,282941.844103145,655452.076640528,1144381.07936425,2144856.53935325,3471796.88730263,5474996.08906482,2014,MaxWater_noSMSCG
1701376.05739101,300667.711347018,4455635.67050432,572698.19582642,713707.464461969,1151806.78968,1612209.35906072,2147496.05932107,2614469.56369952,3539902.85054988,1996,MaxDS_Even
2083989.16604493,247249.336081214,5773955.13807989,659594.474817709,839143.858115109,1399278.74064599,1879046.57138495,2664224.9682933,3325180.76318938,4190197.61808569,1997,MaxDS_Even
3521716.56140888,375705.422249171,8675911.33698395,1134511.75739739,1207487.50292393,2306629.07850402,3134771.39725185,4768899.19434143,5860402.48594383,7212572.55430469,1998,MaxDS_Even
8136395.84690799,915225.727019231,20538099.2543243,2137949.77436444,2778744.32059788,5445585.34480542,7299461.9751806,10654344.2325517,13413236.1037615,16668134.9615688,1999,MaxDS_Even
19044351.3442235,2615659.16878134,47401508.6987364,5138846.15654433,7021563.16881565,12346925.8851527,17065867.5449189,25387952.0136023,33518746.3926151,39631435.2476824,2000,MaxDS_Even
31467801.8628521,3861159.0428632,103683452.473142,8219469.40073877,10354126.1215968,19503575.8312131,28129809.3363827,40121341.0470952,56800656.1498583,68734508.6503086,2001,MaxDS_Even
53120053.4070536,6856882.38545384,174958450.931378,13618848.2604899,17760869.1186063,30647196.9259157,47992280.0537546,69200513.5416098,92542993.6186043,120540828.911076,2002,MaxDS_Even
102822350.118566,15399728.9141595,423273441.959058,23224788.5639661,30548810.6855437,56789749.307975,91505981.5819563,131685236.604725,180289276.805233,238694957.488581,2003,MaxDS_Even
91731818.7612013,8619957.79962077,392265826.764387,20112966.3075302,26473369.7510636,52624561.8232091,81347899.8771377,117400162.658492,160717533.053254,230387216.078067,2004,MaxDS_Even
79247173.517704,8801325.08796286,316813936.27202,17948400.4512699,21082302.4370342,45385928.316782,68675046.6372058,104329287.339494,142338173.63998,210290748.240052,2005,MaxDS_Even
87330772.3386196,8353432.6434009,345761936.763861,18653873.6010723,22713312.4511692,47153598.3807089,74738977.492431,113663026.187145,156418201.139966,229895667.114927,2006,MaxDS_Even
53769174.2010225,4962096.47656295,223802924.317963,10067204.088257,14362149.8764108,26500600.1359359,46070497.2566319,68916377.9080522,100119896.623761,142344002.328616,2007,MaxDS_Even
44439775.6888827,3064672.80993143,179791533.064018,8653294.48800939,10334325.2001021,21698249.7612223,37614058.9473136,58347329.6218308,79705687.1912248,134146936.882544,2008,MaxDS_Even
37196903.6845565,2539864.22295721,174111000.278218,6710264.15183203,8083262.75955587,17863042.1970209,31167557.5973557,46888924.8768047,69823380.5652966,110440938.91695,2009,MaxDS_Even
20031007.139118,2207344.11849069,92831115.2255902,3534806.65834438,4357219.2304195,9465073.05919925,16418990.8164555,26492745.7153313,37698134.5493794,59222732.3826858,2010,MaxDS_Even
10871003.280606,1023010.44902796,52604104.1112071,1633047.67608692,2328983.17733122,5051107.52392332,8680989.23805291,14055280.9439325,20702445.6793956,36179012.3840972,2011,MaxDS_Even
11866929.8579241,1099956.70909493,56621144.7887902,1729431.8818003,2491616.09570953,5328466.92561239,9055060.9020714,15501885.9241608,22691700.4585406,36538911.147534,2012,MaxDS_Even
4491171.73705801,318076.585835023,24641522.2120815,614987.581538276,890078.193737621,1977574.30027544,3379122.58928387,5858862.8011533,9083509.47465548,13798246.1329158,2013,MaxDS_Even
1858059.0037906,115971.077269571,10903888.8820913,224392.846795228,351603.346721193,794836.819333927,1385788.32868615,2325871.07276767,3881088.03288177,6080474.92958327,2014,MaxDS_Even
1768209.72812414,325625.755808527,5045778.13984288,614373.605787729,714673.085541258,1245266.49344701,1653472.96445575,2159830.43894489,2791369.84997579,3413357.73887462,1996,MaxDS_Hist
2177206.2718086,377760.913806438,5868938.6228,722723.792691924,878728.624398879,1521074.93351372,1985028.58623416,2677761.2362472,3437361.88916272,4681999.5284388,1997,MaxDS_Hist
3583785.83740601,541003.170985745,11427334.4377513,1194004.62325848,1455023.0324802,2433332.6565734,3233415.21101809,4478530.52034829,5784294.63333337,8025626.77087714,1998,MaxDS_Hist
8313406.3391072,1108362.90671182,25619045.8859186,2764050.41630295,3160415.35252334,5476383.33638044,7350506.43323992,10737092.5230548,13733646.8457886,19631570.6990277,1999,MaxDS_Hist
19613306.151978,1852727.78248349,55469719.8007344,6564838.36231122,7441083.29964111,12095215.546045,17279420.9024282,24500899.7315634,34027560.4173509,44516798.5007667,2000,MaxDS_Hist
30363420.223101,3525513.74873427,89550984.8827125,8956147.02391201,10860383.3121636,18365692.0407057,26510951.5973393,38622792.3043334,52412857.2561408,74229076.4279474,2001,MaxDS_Hist
50263536.7048995,5782972.04550126,169163940.345167,13888407.6471906,16615333.264975,28736282.8228009,44552075.5518307,65538802.5369259,87788706.6624798,121846329.093613,2002,MaxDS_Hist
96449432.6950836,10790624.9022982,333565221.78155,26571305.4093338,32653726.7544276,55611585.9758977,84333857.0980645,124654182.46108,170476092.372619,223779955.85452,2003,MaxDS_Hist
105699222.812736,12014913.9982035,334673260.986837,24078768.3379292,30652852.4584966,62100513.1399158,94006266.398447,136126055.863635,188488931.87176,250568777.865255,2004,MaxDS_Hist
88124968.9060867,9226399.70218986,300862264.578241,19845605.1175621,23931212.3613638,52470758.0332554,76766984.2586797,109134105.241146,162626365.259336,215910861.786915,2005,MaxDS_Hist
105840074.381713,12535697.3237099,408229344.018684,22328736.5604943,28379286.7825631,61143335.7909381,90889730.1008142,136728803.589193,197286464.247342,270767309.762299,2006,MaxDS_Hist
58348089.8891491,7734338.35658737,243282985.00359,12288628.7246339,14663649.3177658,33533048.1851968,47635287.7514056,75163966.2994395,103695301.852738,157386516.77782,2007,MaxDS_Hist
46158694.6110143,4625834.60777703,194258891.046673,9400834.63145545,12442622.2477129,24723824.01095,39267182.0776542,58366934.854398,91429798.7679092,118781779.826338,2008,MaxDS_Hist
38107911.6507395,4176458.21565792,217170580.655125,7646343.2419534,9746647.78026558,19893757.7306838,31871454.676846,48730612.7880989,72588586.2509175,103750108.060423,2009,MaxDS_Hist
21234940.1537089,2071176.53060394,110618834.734688,3676694.17007367,4873176.09268857,11054936.478128,17795846.7815447,26654027.5110427,41829113.3545886,60618181.356826,2010,MaxDS_Hist
11674912.6187167,647183.344063673,62803439.7022443,1879901.6165421,2649948.12657011,5671658.67057067,9301191.73387489,14487054.9317364,22685826.8383051,32551149.3659342,2011,MaxDS_Hist
10776868.2485451,537364.420367869,70009200.4247428,1715345.96252529,2168788.52929102,5132073.95214133,8491620.18149318,13794558.9150329,21229541.8208395,31186014.1750582,2012,MaxDS_Hist
4341156.70559426,233349.033269983,28177136.733368,704332.722343707,848929.950112333,1975895.67311531,3391937.53532808,5253066.34959125,8830810.34218232,12998550.4956806,2013,MaxDS_Hist
1714586.65134407,83416.1791853891,13319819.3387044,252242.004082029,306857.409327268,751593.911129482,1305279.56895586,2078172.69747854,3477244.48803982,5532001.77232008,2014,MaxDS_Hist
6701022.60396907,844379.296874596,20126836.8235027,2166078.69723328,2468402.94220567,4248882.83052821,6028845.62001683,8598050.75148527,11303238.0011676,15247749.0350123,1996,SummerFall_Even
5341808.00307798,558095.011482646,17151595.9976284,1569567.52154407,1839706.56246273,3117317.89569397,4800109.45287856,6949763.05976796,9147786.40907073,12610792.9443331,1997,SummerFall_Even
6596097.65093563,647392.824901579,20744183.8376067,1650787.76175827,1940614.38282414,3610044.65728036,5790411.30637738,8435260.28410084,12642706.294649,16313236.7442243,1998,SummerFall_Even
14875634.5147862,1381050.11106562,46983662.5597361,3625318.10350705,4247144.61159776,8067232.7361004,12840108.6921276,19149190.4192185,28236067.9327916,37997853.770437,1999,SummerFall_Even
30295430.5637538,2035109.07989457,105285425.80163,7156462.78283039,8744465.96189478,15483402.3312621,26059856.5415405,37389113.8622228,58889015.5482419,86560792.9017769,2000,SummerFall_Even
43406025.9005936,3609877.77541811,149995827.652568,9483075.62093655,11498817.3787553,21154070.4820947,36473077.176385,55976283.0158017,85219664.2967209,116031511.897011,2001,SummerFall_Even
67429301.0679602,6337278.69344407,266304139.847219,14979611.889604,17056182.3669052,33843325.095216,56278903.523994,86121048.8168275,134491097.726884,194734809.789799,2002,SummerFall_Even
124440250.552667,9371613.48443044,526678051.705088,26849312.1192041,30143278.9953603,58701429.9895502,100319184.610853,158989324.215314,243134737.997647,342658176.754613,2003,SummerFall_Even
105297926.582665,6285342.45884471,461706239.257859,22196912.4781431,26154041.7465239,49540710.366079,82622615.0364077,138963125.05589,209482783.347456,294106318.709483,2004,SummerFall_Even
90013373.1621115,3663943.89746415,369592060.048545,16983714.6252805,21406768.2412134,40690577.6854558,72154783.8500371,118545072.920891,175637542.691983,269284164.037316,2005,SummerFall_Even
96655906.2646669,3189643.8954011602,465413862.62683,17839347.7528128,22942658.6033182,44009580.5678421,75329207.6500167,127665528.07956,188570258.338339,297911065.271594,2006,SummerFall_Even
43625640.1557714,1879421.87060642,231876814.935503,7599014.72980336,9832612.29409541,19489913.9515783,33382937.3069051,59019843.3537222,84793499.9220999,143762523.236113,2007,SummerFall_Even
34656931.7392811,1428746.33972634,160182397.34196,5797878.12121038,6863912.81224581,14540463.9613737,26999322.3788283,46248198.2168711,67720737.4180752,110943375.709212,2008,SummerFall_Even
27883991.3163228,1001921.2191714,146433698.306505,4218842.06441025,4971855.23269619,11451617.2777142,21770746.0621784,35900557.0697911,53604357.5012018,100197872.711732,2009,SummerFall_Even
17543358.7418444,734726.637953885,104202015.524493,2492809.98563856,3008724.87859924,7192590.86662521,12911930.0765547,23218077.1209261,34664452.2447994,66261791.779316,2010,SummerFall_Even
9517542.71882123,354889.696597183,80462582.5263535,1256507.47882023,1583818.18275227,3743188.80632334,7235873.92674113,12277161.1323306,18816637.6368051,33490380.935894,2011,SummerFall_Even
8939943.81553292,344893.172794557,64475937.8401964,1128436.34480288,1479485.10303986,3680642.87930926,6727196.52885751,11471192.6813872,17772810.4264663,33870204.4470883,2012,SummerFall_Even
4002080.43927958,127091.519402109,26799257.4315396,467086.485264508,589806.792835866,1574861.74586361,2823310.04398804,5043485.22602462,8066300.06627183,14516904.6737607,2013,SummerFall_Even
1647770.86868049,59973.359112703,10568291.7682944,177543.781989671,239915.395052822,627980.988420562,1186594.19798475,2045980.3616799,3317243.94538392,6833328.11880352,2014,SummerFall_Even
5643321.6330372,982270.789899952,19581629.3662104,1433597.39399696,1864778.7861254,3650625.48178889,5336314.69325349,7196998.55159505,8867561.07289612,11559179.976017,1996,Summer_Even
4543096.0040413,741563.978161894,16551177.2848439,1093003.34504865,1334186.36114474,2892507.59650637,3986117.55553869,5897497.75337361,7773981.01989298,10260810.161336,1997,Summer_Even
6423673.40439547,961386.967827505,26128025.6154659,1540182.96466608,2069875.3063882,3647828.78632384,5583050.80341935,8173072.97174817,10992960.8234603,16161326.1260134,1998,Summer_Even
14699105.6344121,2038698.9816679,61661229.3714906,3830622.96030852,4376158.74797639,8155039.58390874,12962425.3087606,18604305.7215796,26134683.8819251,36952577.3527278,1999,Summer_Even
29350908.5020011,3969698.04646531,137805875.764522,7165652.99876824,7877255.82661625,15746029.0708507,25426740.6062766,37160650.2819013,51274767.8649568,76328243.5587033,2000,Summer_Even
44958880.711404,6628916.3968733,228209526.045957,10356541.608536,12185504.1737632,23720186.1732502,37507298.8263601,55314172.2519596,81894118.0154863,119543054.903933,2001,Summer_Even
71962229.1498099,6106514.50025734,376928189.196674,14065021.6529318,18154420.6772036,37198868.7559848,57271870.5336668,91336475.3606507,137740175.956067,208500423.861221,2002,Summer_Even
130081043.200323,14330576.6935488,648171075.054796,26769772.5488372,32291983.1620185,64901454.7645021,106176284.72763,164688269.922614,246789081.987087,390773920.48354,2003,Summer_Even
110685211.48754,12551699.4740257,494134197.960079,20961358.1734256,24824713.1718283,52251143.8373478,86997100.2961295,142702090.280927,219818731.546178,330582284.807438,2004,Summer_Even
96327132.3768565,8055658.90988055,486885535.138764,15995769.6908267,20538551.0610995,45868288.7498722,74934856.3885428,119627992.351512,185401052.337194,308788687.511328,2005,Summer_Even
103904565.116873,7617927.621014,444018917.027795,16995866.5066251,21188209.5759178,50271449.9024628,83953055.4939034,136487145.222471,208893836.933624,327539661.046341,2006,Summer_Even
46752282.8122041,3724529.31990435,216805105.667496,7495558.55135817,9862845.41467187,21686256.3203562,36960167.0456202,60619721.5205287,93910557.7101468,151933344.575945,2007,Summer_Even
37381840.3531575,2502455.73810696,206670256.795777,5516814.17913693,7508295.6514475,17141535.123496,28391673.6321184,45982984.5479877,80836910.827881,126435335.026259,2008,Summer_Even
32722827.135006,2514928.5458868,142409647.55058,4462226.48330547,5622673.41718279,14264273.1350212,24676492.2010517,41438403.9731964,69118280.5401354,112999329.602854,2009,Summer_Even
20671529.2929191,1317901.73669154,102140149.383733,2803460.97724208,3869791.88346797,8395875.00626011,15314452.5679116,26747598.342087,43088745.7093853,73260995.8002247,2010,Summer_Even
11278612.9086728,610988.621089795,65965143.8734173,1521307.03720556,1939809.42337006,4517601.55379182,7996728.00579827,14433896.8574651,23064509.8289346,42331578.5799932,2011,Summer_Even
10975559.4202411,699422.75102493,63298795.7682535,1399646.21553855,1872718.00892335,4151562.80455686,7942750.20694868,14738747.3555603,21714993.6612318,40507792.1698516,2012,Summer_Even
4412533.16853585,249759.232127054,28847776.2562219,548295.062031971,743776.768405399,1703854.27033325,3050487.5446007,5845896.79672925,8669174.94337071,18045617.103038,2013,Summer_Even
1763809.66109751,92382.041987342,10108950.0658415,208457.27093257,264852.331896872,671334.607529011,1266221.2447365,2246908.77495024,3675288.97354368,7581954.46061772,2014,Summer_Even
5423893.57224171,431393.68079015,19699620.1488964,1595961.33656592,1907606.68453934,3509430.20880896,5006809.39896659,6926709.75121816,8850750.50964239,11452414.3395498,1996,Summer_Even_AltSMSCG
4345616.12365296,388874.900909561,18264648.0029562,1326802.61141034,1504842.2240266,2739190.53044976,4066172.76492705,5497885.19077387,7158340.10094541,9442684.59973683,1997,Summer_Even_AltSMSCG
5954267.41236952,598867.347400723,19373283.788058,1654389.61667571,1828868.49961898,3791044.06747248,5330141.49077495,7881209.61468751,9800221.89590039,13065079.863594,1998,Summer_Even_AltSMSCG
13661792.1314639,1508086.91903119,46700509.0057285,3666748.13377903,4292007.31906432,8589743.92105931,12182921.608531,17517052.2683027,23302022.4433406,30291042.7388186,1999,Summer_Even_AltSMSCG
27114968.3813937,1950324.02132377,93321497.8013928,6772241.60742898,8439206.36558873,17037789.7948282,24365660.2569756,34372582.7957912,44455619.1842382,64011468.0084686,2000,Summer_Even_AltSMSCG
43696780.8314104,4737011.62732738,163172699.340963,9478971.48824286,13823300.0551269,26348434.6843643,38237081.8993763,54929731.3176705,75284342.6531578,114921001.221193,2001,Summer_Even_AltSMSCG
69970638.1304129,5767528.09936111,266400590.79397,14347365.7824046,20946641.6635032,40387423.1492848,60253442.5458535,91727818.3234698,120227454.343292,177107138.978629,2002,Summer_Even_AltSMSCG
127192483.182641,9596093.32069317,469545759.623555,29086082.7956812,40446832.4014263,71767220.3831493,112138279.633544,162568612.370839,227671183.828715,317290131.360979,2003,Summer_Even_AltSMSCG
107267347.222796,8531284.92683224,371287855.085229,22891582.9510354,32169457.9872155,58922840.8774224,93576706.5646786,138692745.370485,197906819.106734,282551857.223352,2004,Summer_Even_AltSMSCG
93578756.3311972,7171982.27516587,400887585.391915,19799356.1351898,25145586.1006752,51283114.3819302,79432330.1977642,117670716.666056,165943492.078604,268102257.203812,2005,Summer_Even_AltSMSCG
100659698.306057,5475951.07478649,544953692.953761,18796238.9299563,26515914.1375139,54567744.9047591,79983643.3224357,125667612.327033,178874800.95945,320285493.214792,2006,Summer_Even_AltSMSCG
45055134.8815512,2572445.90912202,252866008.369608,7822967.40239497,11495517.9075384,22959412.8295203,36879975.7084097,58534726.751292,83360212.5427642,140309143.186047,2007,Summer_Even_AltSMSCG
34911251.7834268,1889248.54251558,266504248.673759,6041683.33820316,8241349.7942975,17055893.2255112,28566376.3415063,45540636.5204378,68730538.1477078,96820906.5742439,2008,Summer_Even_AltSMSCG
31059477.5786232,1606146.05639618,228532513.396224,5276742.43733755,7303208.75629109,15040997.6075823,24593510.8150881,41614807.1806742,61280218.5811024,94250333.0744192,2009,Summer_Even_AltSMSCG
19263088.5423722,905050.994184195,167101332.016504,3176372.65886224,4481267.6243913,9165210.35629899,14621253.2422716,25471891.0032823,37119736.7543766,55837912.9722983,2010,Summer_Even_AltSMSCG
10345074.7087862,509487.916622701,92399609.8792591,1569212.68156118,2279337.02608382,4772169.05317793,7819848.78747936,13375501.6977458,20881788.467487,32656325.4272183,2011,Summer_Even_AltSMSCG
10148754.9904102,440834.419857792,86046642.6901698,1468172.92343992,2221949.22738707,4759647.06780824,7717836.1727489,12469655.9784377,21135574.4788361,31625208.3689617,2012,Summer_Even_AltSMSCG
4108088.33518222,164286.926154573,38858817.9699664,553545.867255722,845341.79669106,1941771.23237564,2984130.76619281,4931334.20850273,8311971.97320396,13498634.2118593,2013,Summer_Even_AltSMSCG
1622131.85640994,76728.4981274413,13326209.2443438,231639.243623632,331389.355864222,733668.743283006,1220984.97957967,1973204.55868042,3467428.1751281,4746121.26181494,2014,Summer_Even_AltSMSCG
6733960.28350598,1043192.29047502,20753453.534969,1998746.04172522,2267718.57371955,4362119.79017632,6459563.03639129,8546314.48012097,10904556.9838054,13513573.9275895,1996,SummerFall_Hist
5417350.53633758,470019.75271294,19074548.4103486,1327396.08851581,1672988.08519361,3374731.47218269,5090366.92291942,6824582.99523574,9048324.26860626,11810772.5131277,1997,SummerFall_Hist
6552346.65620395,537025.842305768,20616564.3169004,1435564.28760411,1850084.34959199,3999252.02335881,6055476.45932424,8651689.15978189,11105577.1346368,15445835.5168572,1998,SummerFall_Hist
14635251.8480817,1280072.62585594,49316737.8274897,2959765.81975367,4069632.66366502,8751340.0258061,13522946.5818333,18459716.1175825,25015386.8713547,35430089.9432478,1999,SummerFall_Hist
29507158.7061019,2970244.26085363,99322737.883238,5803048.75514724,7876062.91469343,17045713.926325,26655746.4682764,38059509.7102807,50871288.866965,71549390.7991068,2000,SummerFall_Hist
43420186.3220533,4723500.14114249,143584315.103999,8293928.52337556,12219138.3660296,23738831.1881293,39340211.8535489,55630873.8757605,77384808.2750379,109846122.228861,2001,SummerFall_Hist
69169562.5234403,6019095.23026412,231927819.313432,13992907.0946712,18036802.5908085,37567387.4827389,60447265.6055291,91033147.7723607,124087804.127749,183370045.814831,2002,SummerFall_Hist
125982131.052985,11568774.436168,480063177.078411,24378931.9843165,33797976.9439485,69885160.5583701,110380041.467612,164133371.65826,221564615.395737,318197569.141132,2003,SummerFall_Hist
111297643.055687,7131462.56570712,534712253.041932,21676067.6969514,26385285.5466106,58755553.1840687,94067982.961946,144424178.666767,206122914.373669,309664196.018665,2004,SummerFall_Hist
96328888.0831047,5949902.10628947,554590790.899896,17181877.0877859,21929190.4969733,50062374.8814339,82762368.6096241,121679738.692657,180625524.917604,243449331.40706,2005,SummerFall_Hist
106133392.327617,6229381.90497343,597795997.518723,18227529.3592202,22962086.5912781,50361901.6114125,90507325.4835131,136987078.288431,200052673.955126,292459953.032605,2006,SummerFall_Hist
40389383.6791765,2024608.33377325,228109629.911748,6515867.68044071,7842442.25281935,19651959.7885175,34627642.1771044,51364725.493019,73887187.1415949,115361156.052981,2007,SummerFall_Hist
32941313.645256,1006006.2440163,224412828.221991,4665601.23062242,6549764.40946471,15208908.6936867,26831987.3475274,43895064.553770296,60073136.3111811,95318160.1016693,2008,SummerFall_Hist
25646575.84899,850451.412875632,154866108.439311,3775900.75776033,5100532.83442013,11540896.3615506,21249822.3190943,33535254.4223817,48955733.873694,72323533.29102,2009,SummerFall_Hist
15938789.0974999,562226.958226113,105869788.423172,2422619.60265812,2836530.29589446,7068224.275615,13201834.8575153,20723256.240882,29450126.1749612,47052909.029115,2010,SummerFall_Hist
8524646.14341351,217596.614048823,49080791.2518464,1167975.2208248,1503040.59224471,3887171.10814186,6874836.54876959,11140597.574748,15705609.8267157,26275547.9221212,2011,SummerFall_Hist
8037086.77343044,169404.286626463,46565496.8603729,1015922.45452772,1396385.70607165,3566892.0209964,6354615.83567628,10471315.9896543,15366543.286009,24838796.4327982,2012,SummerFall_Hist
3590434.02702766,95851.0366358193,22332059.5536257,477023.752813421,600257.753675905,1581981.09850696,2798581.15508272,4753088.93529762,6479832.33816789,12495220.3681449,2013,SummerFall_Hist
1441524.26018829,55783.0317782247,9849462.66955046,180453.751241324,234526.254239419,621750.255866562,1165000.97407207,1863813.13720032,2721824.51082998,5118251.49803453,2014,SummerFall_Hist
6421616.9203396,1018555.09843158,19095315.6064059,1695423.49387296,2092486.1181719,3638155.39918342,5877286.70922669,8560593.32019673,11325622.7375074,14905035.8802798,1996,Summer_Hist
5118136.06876389,467478.219369916,17605986.3572069,1168581.47378549,1558116.70075235,2762899.03274075,4488062.40260062,6941885.53665968,9592570.20907699,12000581.278311,1997,Summer_Hist
7036071.99903631,652074.402660617,26885139.3544342,1330424.54884244,1765795.62376298,3738307.01209165,6159035.51257404,9250987.46748177,13386144.4455948,17094322.2393568,1998,Summer_Hist
16220858.0531572,1497776.77181414,61001488.0515051,2965294.29359607,3722001.28416566,8521712.28245105,13844146.6599861,22003407.3345183,31771034.3175964,38124959.4395845,1999,Summer_Hist
33009760.8154991,2493823.4592846,140863257.103825,6132954.96581355,8001799.59265183,16729337.3216077,28186781.6712712,43441773.4704768,62897538.0563253,84374877.5860229,2000,Summer_Hist
42803370.112084,3724758.45143608,209465097.036107,7685558.82281181,10730903.1241851,22164909.522554,35973074.9942552,55092290.1159313,79697344.3610091,129873815.594155,2001,Summer_Hist
68391312.212897,5597489.88831397,457407624.782889,10490668.9578233,15272468.3779771,33643019.9346066,54785867.6686316,90218007.6397144,118064725.528224,199145069.230227,2002,Summer_Hist
126174245.975878,6848407.19378935,688139811.808985,22486206.3218599,28017729.1855929,62030817.9638995,103392042.07308,172041013.787366,228622503.253582,369612135.235314,2003,Summer_Hist
112214854.57942,6999429.32521702,600037939.487271,18780613.9839105,23212795.9273576,54430083.4971733,92637756.8201942,148570084.605217,207090854.836796,318098546.513428,2004,Summer_Hist
101388569.007545,5804508.44520339,656538166.76011,16325402.5994762,21154990.3935164,48386107.3136296,83032216.8073367,131202018.174455,181956270.201372,317357721.248758,2005,Summer_Hist
110096689.020773,5005338.45944356,651639478.63417,14835739.5298755,21365270.6727679,52244486.8647269,86819785.7824189,149519251.988571,210164940.772096,340991083.155432,2006,Summer_Hist
52118495.3532708,2115888.23012942,276872827.343843,6981792.66813559,9188867.57739531,24539944.7799505,41468366.1185035,69333324.7171196,99719082.5452596,168453371.429583,2007,Summer_Hist
40969854.8062453,1727734.227285,211323343.574693,5087405.61942521,7042054.73894451,18320000.6365405,31890433.5523493,55378928.364183,81265281.6217685,125651274.406743,2008,Summer_Hist
32349451.3252034,1624459.19345702,168594573.264486,3787464.95831039,5340255.29267486,14377644.4848535,24693359.5949931,40967748.81649,64718417.4658525,108645114.610715,2009,Summer_Hist
20686604.1793353,991963.495607469,122439887.162665,2346124.31624458,3293122.52198737,8504001.37430961,15080963.1290437,25951128.2213914,44822683.000667,77062160.0432105,2010,Summer_Hist
11000554.5698158,378471.771143755,81878447.7347025,1284967.24861579,1493009.84340206,4545571.59250847,7797461.60782088,13504689.9375787,23738596.7597956,40699807.4424477,2011,Summer_Hist
10872011.2747078,319500.827482262,85668500.3742296,1205172.73186048,1599921.67220028,4313661.81998147,7421202.08337121,12899386.9040843,23152782.8365573,42269812.1594249,2012,Summer_Hist
4456244.15315185,119461.330585805,35322271.8632006,439230.552494345,598620.017351856,1705552.23684495,2961380.48873787,5405627.41111757,9466796.04541611,17468417.7313804,2013,Summer_Hist
1775863.44956638,55812.9556535532,13019395.8218505,159837.327736617,251712.710173678,638081.763130575,1174746.06706087,2155244.21956205,3833026.37275548,6968177.24730654,2014,Summer_Hist
