"Date","SAC_Keswick_CFS","scenario","year","month","WY_type"
1922-04-30,7410.61486296222,"June",1922,4,"Above Normal"
1922-05-31,8770.80060802143,"June",1922,5,"Above Normal"
1922-06-30,10557.3905797682,"June",1922,6,"Above Normal"
1922-07-31,12835.9031932875,"June",1922,7,"Above Normal"
1922-08-31,9173.51858964574,"June",1922,8,"Above Normal"
1922-09-30,7208.14452653404,"June",1922,9,"Above Normal"
1922-10-31,6323.20518004562,"June",1922,10,"Above Normal"
1922-11-30,4442.97259571803,"June",1922,11,"Above Normal"
1928-04-30,5876.80669434019,"June",1928,4,"Above Normal"
1928-05-31,11113.0171477326,"June",1928,5,"Above Normal"
1928-06-30,13380.6233938376,"June",1928,6,"Above Normal"
1928-07-31,16000,"June",1928,7,"Above Normal"
1928-08-31,12985.7098389167,"June",1928,8,"Above Normal"
1928-09-30,5652.3260170458,"June",1928,9,"Above Normal"
1928-10-31,5621.75510041861,"June",1928,10,"Above Normal"
1928-11-30,4407.69995166994,"June",1928,11,"Above Normal"
1940-04-30,3089.75312533922,"June",1940,4,"Above Normal"
1940-05-31,8653.50928521155,"June",1940,5,"Above Normal"
1940-06-30,13230.6311137067,"June",1940,6,"Above Normal"
1940-07-31,16000,"June",1940,7,"Above Normal"
1940-08-31,12003.1944420792,"June",1940,8,"Above Normal"
1940-09-30,6184.87358330022,"June",1940,9,"Above Normal"
1940-10-31,4820.06689970787,"June",1940,10,"Above Normal"
1940-11-30,6124.47981831669,"June",1940,11,"Above Normal"
1953-04-30,5770.8333335,"June",1953,4,"Above Normal"
1953-05-31,5961.00209388495,"June",1953,5,"Above Normal"
1953-06-30,8337.11312316622,"June",1953,6,"Above Normal"
1953-07-31,15846.5914001746,"June",1953,7,"Above Normal"
1953-08-31,9411.19023734275,"June",1953,8,"Above Normal"
1953-09-30,6814.19378740141,"June",1953,9,"Above Normal"
1953-10-31,8361.01165281643,"June",1953,10,"Above Normal"
1953-11-30,6679.18452669725,"June",1953,11,"Above Normal"
1954-04-30,9555.50971069692,"June",1954,4,"Above Normal"
1954-05-31,7876.19878401821,"June",1954,5,"Above Normal"
1954-06-30,13286.3490118102,"June",1954,6,"Above Normal"
1954-07-31,16000,"June",1954,7,"Above Normal"
1954-08-31,11275.2996163806,"June",1954,8,"Above Normal"
1954-09-30,5991.54658907191,"June",1954,9,"Above Normal"
1954-10-31,6261.36759575363,"June",1954,10,"Above Normal"
1954-11-30,4497.67156610376,"June",1954,11,"Above Normal"
1973-04-30,3179.68003905278,"June",1973,4,"Above Normal"
1973-05-31,7914.07917415798,"June",1973,5,"Above Normal"
1973-06-30,11371.755570919,"June",1973,6,"Above Normal"
1973-07-31,16000,"June",1973,7,"Above Normal"
1973-08-31,11175.7319226696,"June",1973,8,"Above Normal"
1973-09-30,5253.59652158843,"June",1973,9,"Above Normal"
1973-10-31,5349.83358337076,"June",1973,10,"Above Normal"
1973-11-30,23171.858863915,"June",1973,11,"Above Normal"
1975-04-30,3250,"June",1975,4,"Above Normal"
1975-05-31,9229.21502149594,"June",1975,5,"Above Normal"
1975-06-30,8719.26534861856,"June",1975,6,"Above Normal"
1975-07-31,14759.7439546888,"June",1975,7,"Above Normal"
1975-08-31,9347.4101399814,"June",1975,8,"Above Normal"
1975-09-30,6654.77989662676,"June",1975,9,"Above Normal"
1975-10-31,9049.44082268571,"June",1975,10,"Above Normal"
1975-11-30,5459.23718609098,"June",1975,11,"Above Normal"
1978-04-30,3568.51858197596,"June",1978,4,"Above Normal"
1978-05-31,6467.58813364931,"June",1978,5,"Above Normal"
1978-06-30,8783.58429110913,"June",1978,6,"Above Normal"
1978-07-31,16000,"June",1978,7,"Above Normal"
1978-08-31,8603.93007088069,"June",1978,8,"Above Normal"
1978-09-30,5780.21100311791,"June",1978,9,"Above Normal"
1978-10-31,8619.62338359897,"June",1978,10,"Above Normal"
1978-11-30,7753.64249489846,"June",1978,11,"Above Normal"
1980-04-30,5284.24846705783,"June",1980,4,"Above Normal"
1980-05-31,6661.37252185428,"June",1980,5,"Above Normal"
1980-06-30,8597.12381678233,"June",1980,6,"Above Normal"
1980-07-31,11025.6643229588,"June",1980,7,"Above Normal"
1980-08-31,9441.13701321355,"June",1980,8,"Above Normal"
1980-09-30,6776.38181432592,"June",1980,9,"Above Normal"
1980-10-31,6719.17857473059,"June",1980,10,"Above Normal"
1980-11-30,8478.63468061408,"June",1980,11,"Above Normal"
1993-04-30,3181.75383965275,"June",1993,4,"Above Normal"
1993-05-31,5048.37465005032,"June",1993,5,"Above Normal"
1993-06-30,8688.22254203953,"June",1993,6,"Above Normal"
1993-07-31,14167.246889706,"June",1993,7,"Above Normal"
1993-08-31,8470.07386123157,"June",1993,8,"Above Normal"
1993-09-30,7227.09136290972,"June",1993,9,"Above Normal"
1993-10-31,6995.59518167728,"June",1993,10,"Above Normal"
1993-11-30,6358.69233974018,"June",1993,11,"Above Normal"
2000-04-30,3250,"June",2000,4,"Above Normal"
2000-05-31,6334.55284828023,"June",2000,5,"Above Normal"
2000-06-30,11033.288421534,"June",2000,6,"Above Normal"
2000-07-31,16000,"June",2000,7,"Above Normal"
2000-08-31,10889.1775168942,"June",2000,8,"Above Normal"
2000-09-30,6302.42134824534,"June",2000,9,"Above Normal"
2000-10-31,4387.01642919653,"June",2000,10,"Above Normal"
2000-11-30,5509.5111678445,"June",2000,11,"Above Normal"
2003-04-30,10351.0960527464,"June",2003,4,"Above Normal"
2003-05-31,12441.4889254323,"June",2003,5,"Above Normal"
2003-06-30,10243.8797405333,"June",2003,6,"Above Normal"
2003-07-31,16000,"June",2003,7,"Above Normal"
2003-08-31,8955.02941989099,"June",2003,8,"Above Normal"
2003-09-30,6232.20285973666,"June",2003,9,"Above Normal"
2003-10-31,7755.83952559671,"June",2003,10,"Above Normal"
2003-11-30,4851.73387918947,"June",2003,11,"Above Normal"
1922-04-30,5770.8333335,"MaxDS_Even",1922,4,"Above Normal"
1922-05-31,9044.28357951232,"MaxDS_Even",1922,5,"Above Normal"
1922-06-30,12853.4013715464,"MaxDS_Even",1922,6,"Above Normal"
1922-07-31,23616.1411675805,"MaxDS_Even",1922,7,"Above Normal"
1922-08-31,16000,"MaxDS_Even",1922,8,"Above Normal"
1922-09-30,8611.45671513025,"MaxDS_Even",1922,9,"Above Normal"
1922-10-31,10662.4813383827,"MaxDS_Even",1922,10,"Above Normal"
1922-11-30,4823.04496197742,"MaxDS_Even",1922,11,"Above Normal"
1928-04-30,5124.2642584571,"MaxDS_Even",1928,4,"Above Normal"
1928-05-31,11601.5140389309,"MaxDS_Even",1928,5,"Above Normal"
1928-06-30,16000,"MaxDS_Even",1928,6,"Above Normal"
1928-07-31,23877.4355770679,"MaxDS_Even",1928,7,"Above Normal"
1928-08-31,20164.4332330859,"MaxDS_Even",1928,8,"Above Normal"
1928-09-30,8294.94179509912,"MaxDS_Even",1928,9,"Above Normal"
1928-10-31,11219.2381857781,"MaxDS_Even",1928,10,"Above Normal"
1928-11-30,4485.15651558511,"MaxDS_Even",1928,11,"Above Normal"
1940-04-30,3116.53110604194,"MaxDS_Even",1940,4,"Above Normal"
1940-05-31,8792.47234589892,"MaxDS_Even",1940,5,"Above Normal"
1940-06-30,17121.6452005949,"MaxDS_Even",1940,6,"Above Normal"
1940-07-31,24115.5646335793,"MaxDS_Even",1940,7,"Above Normal"
1940-08-31,20571.4878731191,"MaxDS_Even",1940,8,"Above Normal"
1940-09-30,8189.41736186623,"MaxDS_Even",1940,9,"Above Normal"
1940-10-31,11768.535863804,"MaxDS_Even",1940,10,"Above Normal"
1940-11-30,5429.67315556903,"MaxDS_Even",1940,11,"Above Normal"
1953-04-30,5770.8333335,"MaxDS_Even",1953,4,"Above Normal"
1953-05-31,5961.35589386547,"MaxDS_Even",1953,5,"Above Normal"
1953-06-30,12990.6877847132,"MaxDS_Even",1953,6,"Above Normal"
1953-07-31,21609.4596991549,"MaxDS_Even",1953,7,"Above Normal"
1953-08-31,20898.9290015418,"MaxDS_Even",1953,8,"Above Normal"
1953-09-30,8417.94690612077,"MaxDS_Even",1953,9,"Above Normal"
1953-10-31,11769.2852830963,"MaxDS_Even",1953,10,"Above Normal"
1953-11-30,5256.41060117089,"MaxDS_Even",1953,11,"Above Normal"
1954-04-30,9288.58040674323,"MaxDS_Even",1954,4,"Above Normal"
1954-05-31,7898.08980228583,"MaxDS_Even",1954,5,"Above Normal"
1954-06-30,16044.6016322528,"MaxDS_Even",1954,6,"Above Normal"
1954-07-31,26663.6007362522,"MaxDS_Even",1954,7,"Above Normal"
1954-08-31,18921.6402209563,"MaxDS_Even",1954,8,"Above Normal"
1954-09-30,7506.90480862579,"MaxDS_Even",1954,9,"Above Normal"
1954-10-31,13297.1177511075,"MaxDS_Even",1954,10,"Above Normal"
1954-11-30,4129.06939219237,"MaxDS_Even",1954,11,"Above Normal"
1973-04-30,3179.68549870994,"MaxDS_Even",1973,4,"Above Normal"
1973-05-31,7956.26163104183,"MaxDS_Even",1973,5,"Above Normal"
1973-06-30,16000,"MaxDS_Even",1973,6,"Above Normal"
1973-07-31,23458.9403278413,"MaxDS_Even",1973,7,"Above Normal"
1973-08-31,17709.0481250219,"MaxDS_Even",1973,8,"Above Normal"
1973-09-30,7318.15749068978,"MaxDS_Even",1973,9,"Above Normal"
1973-10-31,7809.26909501384,"MaxDS_Even",1973,10,"Above Normal"
1973-11-30,3250,"MaxDS_Even",1973,11,"Above Normal"
1975-04-30,3158.27598759424,"MaxDS_Even",1975,4,"Above Normal"
1975-05-31,8746.63499990817,"MaxDS_Even",1975,5,"Above Normal"
1975-06-30,15192.6198317382,"MaxDS_Even",1975,6,"Above Normal"
1975-07-31,21312.3141713758,"MaxDS_Even",1975,7,"Above Normal"
1975-08-31,18424.5493720123,"MaxDS_Even",1975,8,"Above Normal"
1975-09-30,8290.00023164147,"MaxDS_Even",1975,9,"Above Normal"
1975-10-31,5103.17903317427,"MaxDS_Even",1975,10,"Above Normal"
1975-11-30,5377.5388756702,"MaxDS_Even",1975,11,"Above Normal"
1978-04-30,3568.51858197594,"MaxDS_Even",1978,4,"Above Normal"
1978-05-31,6467.58813364932,"MaxDS_Even",1978,5,"Above Normal"
1978-06-30,15595.633533694,"MaxDS_Even",1978,6,"Above Normal"
1978-07-31,22871.3904032439,"MaxDS_Even",1978,7,"Above Normal"
1978-08-31,16668.8654684372,"MaxDS_Even",1978,8,"Above Normal"
1978-09-30,5920.22820194606,"MaxDS_Even",1978,9,"Above Normal"
1978-10-31,13665.2182678243,"MaxDS_Even",1978,10,"Above Normal"
1978-11-30,7950.80420418687,"MaxDS_Even",1978,11,"Above Normal"
1980-04-30,5284.2484670578,"MaxDS_Even",1980,4,"Above Normal"
1980-05-31,6707.3607902997,"MaxDS_Even",1980,5,"Above Normal"
1980-06-30,12999.2664263174,"MaxDS_Even",1980,6,"Above Normal"
1980-07-31,21003.1343875503,"MaxDS_Even",1980,7,"Above Normal"
1980-08-31,16000,"MaxDS_Even",1980,8,"Above Normal"
1980-09-30,8437.84763258377,"MaxDS_Even",1980,9,"Above Normal"
1980-10-31,13159.5611060754,"MaxDS_Even",1980,10,"Above Normal"
1980-11-30,5211.22183937878,"MaxDS_Even",1980,11,"Above Normal"
1993-04-30,3181.39177809183,"MaxDS_Even",1993,4,"Above Normal"
1993-05-31,5048.00898926862,"MaxDS_Even",1993,5,"Above Normal"
1993-06-30,11261.8242709025,"MaxDS_Even",1993,6,"Above Normal"
1993-07-31,22268.4823355182,"MaxDS_Even",1993,7,"Above Normal"
1993-08-31,18963.9221778805,"MaxDS_Even",1993,8,"Above Normal"
1993-09-30,9175.92183745522,"MaxDS_Even",1993,9,"Above Normal"
1993-10-31,11287.5738926964,"MaxDS_Even",1993,10,"Above Normal"
1993-11-30,6659.38407312992,"MaxDS_Even",1993,11,"Above Normal"
2000-04-30,3236.82392004977,"MaxDS_Even",2000,4,"Above Normal"
2000-05-31,6485.00180485503,"MaxDS_Even",2000,5,"Above Normal"
2000-06-30,16000,"MaxDS_Even",2000,6,"Above Normal"
2000-07-31,23503.215228237,"MaxDS_Even",2000,7,"Above Normal"
2000-08-31,17166.6894853931,"MaxDS_Even",2000,8,"Above Normal"
2000-09-30,7498.67885318561,"MaxDS_Even",2000,9,"Above Normal"
2000-10-31,7505.7720217788,"MaxDS_Even",2000,10,"Above Normal"
2000-11-30,6026.61226632966,"MaxDS_Even",2000,11,"Above Normal"
2003-04-30,9675.16653273912,"MaxDS_Even",2003,4,"Above Normal"
2003-05-31,12441.4889254323,"MaxDS_Even",2003,5,"Above Normal"
2003-06-30,16000,"MaxDS_Even",2003,6,"Above Normal"
2003-07-31,23142.5254864896,"MaxDS_Even",2003,7,"Above Normal"
2003-08-31,16000,"MaxDS_Even",2003,8,"Above Normal"
2003-09-30,8175.97599535236,"MaxDS_Even",2003,9,"Above Normal"
2003-10-31,13412.474061932,"MaxDS_Even",2003,10,"Above Normal"
2003-11-30,6074.72529563989,"MaxDS_Even",2003,11,"Above Normal"
1922-04-30,5770.8333335,"MaxDS_Hist",1922,4,"Above Normal"
1922-05-31,9044.55219429349,"MaxDS_Hist",1922,5,"Above Normal"
1922-06-30,16815.5553028341,"MaxDS_Hist",1922,6,"Above Normal"
1922-07-31,24189.6484747035,"MaxDS_Hist",1922,7,"Above Normal"
1922-08-31,12599.9586148638,"MaxDS_Hist",1922,8,"Above Normal"
1922-09-30,9283.41865351055,"MaxDS_Hist",1922,9,"Above Normal"
1922-10-31,8727.05324837162,"MaxDS_Hist",1922,10,"Above Normal"
1922-11-30,4728.15479812708,"MaxDS_Hist",1922,11,"Above Normal"
1928-04-30,3250,"MaxDS_Hist",1928,4,"Above Normal"
1928-05-31,10494.3243807375,"MaxDS_Hist",1928,5,"Above Normal"
1928-06-30,16000,"MaxDS_Hist",1928,6,"Above Normal"
1928-07-31,22915.1986230566,"MaxDS_Hist",1928,7,"Above Normal"
1928-08-31,16000,"MaxDS_Hist",1928,8,"Above Normal"
1928-09-30,12007.4801281491,"MaxDS_Hist",1928,9,"Above Normal"
1928-10-31,10557.9415800848,"MaxDS_Hist",1928,10,"Above Normal"
1928-11-30,5036.33953847568,"MaxDS_Hist",1928,11,"Above Normal"
1940-04-30,3128.03624737326,"MaxDS_Hist",1940,4,"Above Normal"
1940-05-31,8794.76048405749,"MaxDS_Hist",1940,5,"Above Normal"
1940-06-30,20721.4086075255,"MaxDS_Hist",1940,6,"Above Normal"
1940-07-31,24048.340504141,"MaxDS_Hist",1940,7,"Above Normal"
1940-08-31,16000,"MaxDS_Hist",1940,8,"Above Normal"
1940-09-30,12408.4635852693,"MaxDS_Hist",1940,9,"Above Normal"
1940-10-31,9981.07787580988,"MaxDS_Hist",1940,10,"Above Normal"
1940-11-30,5435.81387427883,"MaxDS_Hist",1940,11,"Above Normal"
1953-04-30,5770.8333335,"MaxDS_Hist",1953,4,"Above Normal"
1953-05-31,5961.35111144989,"MaxDS_Hist",1953,5,"Above Normal"
1953-06-30,16642.4384802268,"MaxDS_Hist",1953,6,"Above Normal"
1953-07-31,23509.5742255676,"MaxDS_Hist",1953,7,"Above Normal"
1953-08-31,14964.2890258001,"MaxDS_Hist",1953,8,"Above Normal"
1953-09-30,11812.7684040639,"MaxDS_Hist",1953,9,"Above Normal"
1953-10-31,10196.1197686814,"MaxDS_Hist",1953,10,"Above Normal"
1953-11-30,5261.22244246103,"MaxDS_Hist",1953,11,"Above Normal"
1954-04-30,9288.58040674321,"MaxDS_Hist",1954,4,"Above Normal"
1954-05-31,7905.81572226667,"MaxDS_Hist",1954,5,"Above Normal"
1954-06-30,22390.6185461287,"MaxDS_Hist",1954,6,"Above Normal"
1954-07-31,24320.8828810805,"MaxDS_Hist",1954,7,"Above Normal"
1954-08-31,16000,"MaxDS_Hist",1954,8,"Above Normal"
1954-09-30,11155.0153906031,"MaxDS_Hist",1954,9,"Above Normal"
1954-10-31,11680.1313038702,"MaxDS_Hist",1954,10,"Above Normal"
1954-11-30,4252.35729123021,"MaxDS_Hist",1954,11,"Above Normal"
1973-04-30,3179.68567676609,"MaxDS_Hist",1973,4,"Above Normal"
1973-05-31,7973.19989698128,"MaxDS_Hist",1973,5,"Above Normal"
1973-06-30,21990.7224056655,"MaxDS_Hist",1973,6,"Above Normal"
1973-07-31,23258.7053835177,"MaxDS_Hist",1973,7,"Above Normal"
1973-08-31,15210.5352873755,"MaxDS_Hist",1973,8,"Above Normal"
1973-09-30,10711.8016200128,"MaxDS_Hist",1973,9,"Above Normal"
1973-10-31,7242.30752640751,"MaxDS_Hist",1973,10,"Above Normal"
1973-11-30,3250,"MaxDS_Hist",1973,11,"Above Normal"
1975-04-30,3158.27603343826,"MaxDS_Hist",1975,4,"Above Normal"
1975-05-31,8708.73625827695,"MaxDS_Hist",1975,5,"Above Normal"
1975-06-30,18859.0070374598,"MaxDS_Hist",1975,6,"Above Normal"
1975-07-31,22195.1894735226,"MaxDS_Hist",1975,7,"Above Normal"
1975-08-31,13687.1032008185,"MaxDS_Hist",1975,8,"Above Normal"
1975-09-30,11582.0360892768,"MaxDS_Hist",1975,9,"Above Normal"
1975-10-31,4101.90877398963,"MaxDS_Hist",1975,10,"Above Normal"
1975-11-30,5373.58009615945,"MaxDS_Hist",1975,11,"Above Normal"
1978-04-30,3568.51858197596,"MaxDS_Hist",1978,4,"Above Normal"
1978-05-31,6467.58813364932,"MaxDS_Hist",1978,5,"Above Normal"
1978-06-30,21262.699061791,"MaxDS_Hist",1978,6,"Above Normal"
1978-07-31,21642.6982276679,"MaxDS_Hist",1978,7,"Above Normal"
1978-08-31,16000,"MaxDS_Hist",1978,8,"Above Normal"
1978-09-30,8363.79933099407,"MaxDS_Hist",1978,9,"Above Normal"
1978-10-31,11967.8819302206,"MaxDS_Hist",1978,10,"Above Normal"
1978-11-30,7441.35785715595,"MaxDS_Hist",1978,11,"Above Normal"
1980-04-30,5284.2484670578,"MaxDS_Hist",1980,4,"Above Normal"
1980-05-31,6763.58060071114,"MaxDS_Hist",1980,5,"Above Normal"
1980-06-30,17222.2760364886,"MaxDS_Hist",1980,6,"Above Normal"
1980-07-31,22383.1717178444,"MaxDS_Hist",1980,7,"Above Normal"
1980-08-31,14311.8907641466,"MaxDS_Hist",1980,8,"Above Normal"
1980-09-30,12061.9153127995,"MaxDS_Hist",1980,9,"Above Normal"
1980-10-31,11480.7809795639,"MaxDS_Hist",1980,10,"Above Normal"
1980-11-30,5198.24217357517,"MaxDS_Hist",1980,11,"Above Normal"
1993-04-30,3181.67105544873,"MaxDS_Hist",1993,4,"Above Normal"
1993-05-31,5041.59981842305,"MaxDS_Hist",1993,5,"Above Normal"
1993-06-30,17397.61856032,"MaxDS_Hist",1993,6,"Above Normal"
1993-07-31,22265.0607465982,"MaxDS_Hist",1993,7,"Above Normal"
1993-08-31,12493.9784650625,"MaxDS_Hist",1993,8,"Above Normal"
1993-09-30,12144.8019362295,"MaxDS_Hist",1993,9,"Above Normal"
1993-10-31,9543.66436711992,"MaxDS_Hist",1993,10,"Above Normal"
1993-11-30,6359.51986898992,"MaxDS_Hist",1993,11,"Above Normal"
2000-04-30,3236.82392004977,"MaxDS_Hist",2000,4,"Above Normal"
2000-05-31,6493.38963481694,"MaxDS_Hist",2000,5,"Above Normal"
2000-06-30,21545.5575521837,"MaxDS_Hist",2000,6,"Above Normal"
2000-07-31,23596.7924414945,"MaxDS_Hist",2000,7,"Above Normal"
2000-08-31,15212.7963902998,"MaxDS_Hist",2000,8,"Above Normal"
2000-09-30,11100.3501736555,"MaxDS_Hist",2000,9,"Above Normal"
2000-10-31,6038.22664368314,"MaxDS_Hist",2000,10,"Above Normal"
2000-11-30,5488.7287341895,"MaxDS_Hist",2000,11,"Above Normal"
2003-04-30,9434.61142834434,"MaxDS_Hist",2003,4,"Above Normal"
2003-05-31,12459.3613529391,"MaxDS_Hist",2003,5,"Above Normal"
2003-06-30,20227.6311812537,"MaxDS_Hist",2003,6,"Above Normal"
2003-07-31,24317.0364955381,"MaxDS_Hist",2003,7,"Above Normal"
2003-08-31,14694.0481058676,"MaxDS_Hist",2003,8,"Above Normal"
2003-09-30,10644.0112750266,"MaxDS_Hist",2003,9,"Above Normal"
2003-10-31,11774.4010729578,"MaxDS_Hist",2003,10,"Above Normal"
2003-11-30,5940.18559346085,"MaxDS_Hist",2003,11,"Above Normal"
1922-04-30,7410.70502041025,"MaxWater",1922,4,"Above Normal"
1922-05-31,8770.81706318868,"MaxWater",1922,5,"Above Normal"
1922-06-30,10557.3927104202,"MaxWater",1922,6,"Above Normal"
1922-07-31,12795.9891083713,"MaxWater",1922,7,"Above Normal"
1922-08-31,9176.43398883929,"MaxWater",1922,8,"Above Normal"
1922-09-30,7208.80875963201,"MaxWater",1922,9,"Above Normal"
1922-10-31,6604.394708462,"MaxWater",1922,10,"Above Normal"
1922-11-30,4109.02645776478,"MaxWater",1922,11,"Above Normal"
1928-04-30,5876.8066943402,"MaxWater",1928,4,"Above Normal"
1928-05-31,11167.2416961386,"MaxWater",1928,5,"Above Normal"
1928-06-30,11899.6044271216,"MaxWater",1928,6,"Above Normal"
1928-07-31,16610.9904420495,"MaxWater",1928,7,"Above Normal"
1928-08-31,11832.2373428746,"MaxWater",1928,8,"Above Normal"
1928-09-30,6353.49451728524,"MaxWater",1928,9,"Above Normal"
1928-10-31,5568.37494358825,"MaxWater",1928,10,"Above Normal"
1928-11-30,5490.85638477068,"MaxWater",1928,11,"Above Normal"
1940-04-30,3089.75312533922,"MaxWater",1940,4,"Above Normal"
1940-05-31,8654.36583940893,"MaxWater",1940,5,"Above Normal"
1940-06-30,11616.7015843091,"MaxWater",1940,6,"Above Normal"
1940-07-31,16000,"MaxWater",1940,7,"Above Normal"
1940-08-31,12068.2259117879,"MaxWater",1940,8,"Above Normal"
1940-09-30,6179.87527579636,"MaxWater",1940,9,"Above Normal"
1940-10-31,4818.91477294189,"MaxWater",1940,10,"Above Normal"
1940-11-30,6099.64188980841,"MaxWater",1940,11,"Above Normal"
1953-04-30,5770.8333335,"MaxWater",1953,4,"Above Normal"
1953-05-31,5960.86874034933,"MaxWater",1953,5,"Above Normal"
1953-06-30,8337.11312316617,"MaxWater",1953,6,"Above Normal"
1953-07-31,15847.3033033818,"MaxWater",1953,7,"Above Normal"
1953-08-31,9431.6257370092,"MaxWater",1953,8,"Above Normal"
1953-09-30,6811.85374659122,"MaxWater",1953,9,"Above Normal"
1953-10-31,8341.03712214083,"MaxWater",1953,10,"Above Normal"
1953-11-30,6769.17938445668,"MaxWater",1953,11,"Above Normal"
1954-04-30,9554.52752657411,"MaxWater",1954,4,"Above Normal"
1954-05-31,7875.20894632923,"MaxWater",1954,5,"Above Normal"
1954-06-30,11916.8393286313,"MaxWater",1954,6,"Above Normal"
1954-07-31,17018.8155890456,"MaxWater",1954,7,"Above Normal"
1954-08-31,11336.9970283474,"MaxWater",1954,8,"Above Normal"
1954-09-30,5991.44759296111,"MaxWater",1954,9,"Above Normal"
1954-10-31,5804.19795177538,"MaxWater",1954,10,"Above Normal"
1954-11-30,4154.41682731274,"MaxWater",1954,11,"Above Normal"
1973-04-30,3179.6798654686,"MaxWater",1973,4,"Above Normal"
1973-05-31,7913.43503746816,"MaxWater",1973,5,"Above Normal"
1973-06-30,11198.8416374403,"MaxWater",1973,6,"Above Normal"
1973-07-31,16000,"MaxWater",1973,7,"Above Normal"
1973-08-31,11357.1626994216,"MaxWater",1973,8,"Above Normal"
1973-09-30,5238.16078791175,"MaxWater",1973,9,"Above Normal"
1973-10-31,5363.00269817488,"MaxWater",1973,10,"Above Normal"
1973-11-30,23126.9567055763,"MaxWater",1973,11,"Above Normal"
1975-04-30,3250,"MaxWater",1975,4,"Above Normal"
1975-05-31,9231.91571339524,"MaxWater",1975,5,"Above Normal"
1975-06-30,8618.68305392507,"MaxWater",1975,6,"Above Normal"
1975-07-31,14875.3716946687,"MaxWater",1975,7,"Above Normal"
1975-08-31,9102.86056598268,"MaxWater",1975,8,"Above Normal"
1975-09-30,6652.10101931196,"MaxWater",1975,9,"Above Normal"
1975-10-31,9274.52741365164,"MaxWater",1975,10,"Above Normal"
1975-11-30,5707.04688271807,"MaxWater",1975,11,"Above Normal"
1978-04-30,3568.51858197596,"MaxWater",1978,4,"Above Normal"
1978-05-31,6467.58813364932,"MaxWater",1978,5,"Above Normal"
1978-06-30,8525.88501021313,"MaxWater",1978,6,"Above Normal"
1978-07-31,16000,"MaxWater",1978,7,"Above Normal"
1978-08-31,8750.45149914783,"MaxWater",1978,8,"Above Normal"
1978-09-30,5767.96694025911,"MaxWater",1978,9,"Above Normal"
1978-10-31,8726.92377050466,"MaxWater",1978,10,"Above Normal"
1978-11-30,7594.09099418395,"MaxWater",1978,11,"Above Normal"
1980-04-30,5284.24846705777,"MaxWater",1980,4,"Above Normal"
1980-05-31,6659.93095839102,"MaxWater",1980,5,"Above Normal"
1980-06-30,8595.91152435949,"MaxWater",1980,6,"Above Normal"
1980-07-31,11024.9047924518,"MaxWater",1980,7,"Above Normal"
1980-08-31,9440.4826745412,"MaxWater",1980,8,"Above Normal"
1980-09-30,6775.73073173719,"MaxWater",1980,9,"Above Normal"
1980-10-31,7118.22092008496,"MaxWater",1980,10,"Above Normal"
1980-11-30,10704.7972745735,"MaxWater",1980,11,"Above Normal"
1993-04-30,3181.74468386168,"MaxWater",1993,4,"Above Normal"
1993-05-31,5048.37465005037,"MaxWater",1993,5,"Above Normal"
1993-06-30,8688.2225420395,"MaxWater",1993,6,"Above Normal"
1993-07-31,14165.2868045085,"MaxWater",1993,7,"Above Normal"
1993-08-31,8472.3090942177,"MaxWater",1993,8,"Above Normal"
1993-09-30,7229.02666674922,"MaxWater",1993,9,"Above Normal"
1993-10-31,6994.87901079271,"MaxWater",1993,10,"Above Normal"
1993-11-30,6356.72890801892,"MaxWater",1993,11,"Above Normal"
2000-04-30,3250,"MaxWater",2000,4,"Above Normal"
2000-05-31,6333.2019291046,"MaxWater",2000,5,"Above Normal"
2000-06-30,10389.9009967324,"MaxWater",2000,6,"Above Normal"
2000-07-31,16000,"MaxWater",2000,7,"Above Normal"
2000-08-31,11450.5262677806,"MaxWater",2000,8,"Above Normal"
2000-09-30,6251.68186584565,"MaxWater",2000,9,"Above Normal"
2000-10-31,4471.11750165569,"MaxWater",2000,10,"Above Normal"
2000-11-30,5629.5391642479,"MaxWater",2000,11,"Above Normal"
2003-04-30,10351.1722675083,"MaxWater",2003,4,"Above Normal"
2003-05-31,12441.4889254323,"MaxWater",2003,5,"Above Normal"
2003-06-30,8736.01674699092,"MaxWater",2003,6,"Above Normal"
2003-07-31,16000,"MaxWater",2003,7,"Above Normal"
2003-08-31,9053.818213112,"MaxWater",2003,8,"Above Normal"
2003-09-30,6224.68022947432,"MaxWater",2003,9,"Above Normal"
2003-10-31,7626.99046490402,"MaxWater",2003,10,"Above Normal"
2003-11-30,4855.90481282962,"MaxWater",2003,11,"Above Normal"
1922-04-30,7410.47061104537,"MaxWater_noSMSCG",1922,4,"Above Normal"
1922-05-31,8770.79017615538,"MaxWater_noSMSCG",1922,5,"Above Normal"
1922-06-30,10557.3804505784,"MaxWater_noSMSCG",1922,6,"Above Normal"
1922-07-31,12795.8919563439,"MaxWater_noSMSCG",1922,7,"Above Normal"
1922-08-31,9176.43197472638,"MaxWater_noSMSCG",1922,8,"Above Normal"
1922-09-30,7208.8006435726,"MaxWater_noSMSCG",1922,9,"Above Normal"
1922-10-31,6604.43904003229,"MaxWater_noSMSCG",1922,10,"Above Normal"
1922-11-30,4109.02222237177,"MaxWater_noSMSCG",1922,11,"Above Normal"
1928-04-30,5876.80669434022,"MaxWater_noSMSCG",1928,4,"Above Normal"
1928-05-31,11166.5926763579,"MaxWater_noSMSCG",1928,5,"Above Normal"
1928-06-30,11898.9396023204,"MaxWater_noSMSCG",1928,6,"Above Normal"
1928-07-31,16547.467552282,"MaxWater_noSMSCG",1928,7,"Above Normal"
1928-08-31,11832.1398937329,"MaxWater_noSMSCG",1928,8,"Above Normal"
1928-09-30,6354.2050288304,"MaxWater_noSMSCG",1928,9,"Above Normal"
1928-10-31,5568.63348068486,"MaxWater_noSMSCG",1928,10,"Above Normal"
1928-11-30,5511.51245544592,"MaxWater_noSMSCG",1928,11,"Above Normal"
1940-04-30,3089.75312533923,"MaxWater_noSMSCG",1940,4,"Above Normal"
1940-05-31,8652.68524199869,"MaxWater_noSMSCG",1940,5,"Above Normal"
1940-06-30,11619.2250577663,"MaxWater_noSMSCG",1940,6,"Above Normal"
1940-07-31,16000,"MaxWater_noSMSCG",1940,7,"Above Normal"
1940-08-31,12074.2341622011,"MaxWater_noSMSCG",1940,8,"Above Normal"
1940-09-30,6179.50108372076,"MaxWater_noSMSCG",1940,9,"Above Normal"
1940-10-31,4818.84063255211,"MaxWater_noSMSCG",1940,10,"Above Normal"
1940-11-30,6079.38904723484,"MaxWater_noSMSCG",1940,11,"Above Normal"
1953-04-30,5770.8333335,"MaxWater_noSMSCG",1953,4,"Above Normal"
1953-05-31,5961.00209388494,"MaxWater_noSMSCG",1953,5,"Above Normal"
1953-06-30,8337.11312316618,"MaxWater_noSMSCG",1953,6,"Above Normal"
1953-07-31,15846.7392905038,"MaxWater_noSMSCG",1953,7,"Above Normal"
1953-08-31,9390.67897638794,"MaxWater_noSMSCG",1953,8,"Above Normal"
1953-09-30,6816.02493378258,"MaxWater_noSMSCG",1953,9,"Above Normal"
1953-10-31,8369.90553066127,"MaxWater_noSMSCG",1953,10,"Above Normal"
1953-11-30,6646.97472012788,"MaxWater_noSMSCG",1953,11,"Above Normal"
1954-04-30,9555.85943626296,"MaxWater_noSMSCG",1954,4,"Above Normal"
1954-05-31,7876.53993016329,"MaxWater_noSMSCG",1954,5,"Above Normal"
1954-06-30,11918.1579646285,"MaxWater_noSMSCG",1954,6,"Above Normal"
1954-07-31,17055.537545579,"MaxWater_noSMSCG",1954,7,"Above Normal"
1954-08-31,11365.3855195232,"MaxWater_noSMSCG",1954,8,"Above Normal"
1954-09-30,5992.64850684724,"MaxWater_noSMSCG",1954,9,"Above Normal"
1954-10-31,5774.67875684421,"MaxWater_noSMSCG",1954,10,"Above Normal"
1954-11-30,4082.89139915863,"MaxWater_noSMSCG",1954,11,"Above Normal"
1973-04-30,3179.67984227426,"MaxWater_noSMSCG",1973,4,"Above Normal"
1973-05-31,7913.60221296099,"MaxWater_noSMSCG",1973,5,"Above Normal"
1973-06-30,11200.7163585298,"MaxWater_noSMSCG",1973,6,"Above Normal"
1973-07-31,16000,"MaxWater_noSMSCG",1973,7,"Above Normal"
1973-08-31,11369.2190589311,"MaxWater_noSMSCG",1973,8,"Above Normal"
1973-09-30,5238.71704521113,"MaxWater_noSMSCG",1973,9,"Above Normal"
1973-10-31,5391.26245237389,"MaxWater_noSMSCG",1973,10,"Above Normal"
1973-11-30,23113.6633414463,"MaxWater_noSMSCG",1973,11,"Above Normal"
1975-04-30,3250,"MaxWater_noSMSCG",1975,4,"Above Normal"
1975-05-31,9231.96494828158,"MaxWater_noSMSCG",1975,5,"Above Normal"
1975-06-30,8619.01445488289,"MaxWater_noSMSCG",1975,6,"Above Normal"
1975-07-31,14879.7206010613,"MaxWater_noSMSCG",1975,7,"Above Normal"
1975-08-31,9100.09870047139,"MaxWater_noSMSCG",1975,8,"Above Normal"
1975-09-30,6652.38954839375,"MaxWater_noSMSCG",1975,9,"Above Normal"
1975-10-31,9272.31081635963,"MaxWater_noSMSCG",1975,10,"Above Normal"
1975-11-30,5703.93469695512,"MaxWater_noSMSCG",1975,11,"Above Normal"
1978-04-30,3568.51858197597,"MaxWater_noSMSCG",1978,4,"Above Normal"
1978-05-31,6467.58813364931,"MaxWater_noSMSCG",1978,5,"Above Normal"
1978-06-30,8526.28190126251,"MaxWater_noSMSCG",1978,6,"Above Normal"
1978-07-31,16000,"MaxWater_noSMSCG",1978,7,"Above Normal"
1978-08-31,8755.47073956374,"MaxWater_noSMSCG",1978,8,"Above Normal"
1978-09-30,5767.85751281698,"MaxWater_noSMSCG",1978,9,"Above Normal"
1978-10-31,8724.54814569608,"MaxWater_noSMSCG",1978,10,"Above Normal"
1978-11-30,7601.53413496203,"MaxWater_noSMSCG",1978,11,"Above Normal"
1980-04-30,5284.24846705791,"MaxWater_noSMSCG",1980,4,"Above Normal"
1980-05-31,6660.3909253265,"MaxWater_noSMSCG",1980,5,"Above Normal"
1980-06-30,8596.31798552848,"MaxWater_noSMSCG",1980,6,"Above Normal"
1980-07-31,11025.1331917014,"MaxWater_noSMSCG",1980,7,"Above Normal"
1980-08-31,9440.70727221146,"MaxWater_noSMSCG",1980,8,"Above Normal"
1980-09-30,6775.95630821095,"MaxWater_noSMSCG",1980,9,"Above Normal"
1980-10-31,7100.53078904564,"MaxWater_noSMSCG",1980,10,"Above Normal"
1980-11-30,10725.5229405546,"MaxWater_noSMSCG",1980,11,"Above Normal"
1993-04-30,3181.75131648147,"MaxWater_noSMSCG",1993,4,"Above Normal"
1993-05-31,5048.37465005032,"MaxWater_noSMSCG",1993,5,"Above Normal"
1993-06-30,8688.22254203954,"MaxWater_noSMSCG",1993,6,"Above Normal"
1993-07-31,14484.4512542324,"MaxWater_noSMSCG",1993,7,"Above Normal"
1993-08-31,8459.45837725608,"MaxWater_noSMSCG",1993,8,"Above Normal"
1993-09-30,7224.60591810493,"MaxWater_noSMSCG",1993,9,"Above Normal"
1993-10-31,6973.56870090023,"MaxWater_noSMSCG",1993,10,"Above Normal"
1993-11-30,6220.14722041773,"MaxWater_noSMSCG",1993,11,"Above Normal"
2000-04-30,3250,"MaxWater_noSMSCG",2000,4,"Above Normal"
2000-05-31,6333.64206286357,"MaxWater_noSMSCG",2000,5,"Above Normal"
2000-06-30,10389.9177233346,"MaxWater_noSMSCG",2000,6,"Above Normal"
2000-07-31,16000,"MaxWater_noSMSCG",2000,7,"Above Normal"
2000-08-31,11461.5035360064,"MaxWater_noSMSCG",2000,8,"Above Normal"
2000-09-30,6251.35947414812,"MaxWater_noSMSCG",2000,9,"Above Normal"
2000-10-31,4475.20711805727,"MaxWater_noSMSCG",2000,10,"Above Normal"
2000-11-30,5630.37814225765,"MaxWater_noSMSCG",2000,11,"Above Normal"
2003-04-30,10351.0427344159,"MaxWater_noSMSCG",2003,4,"Above Normal"
2003-05-31,12441.4889254323,"MaxWater_noSMSCG",2003,5,"Above Normal"
2003-06-30,8736.27094988629,"MaxWater_noSMSCG",2003,6,"Above Normal"
2003-07-31,16000,"MaxWater_noSMSCG",2003,7,"Above Normal"
2003-08-31,9056.69570375284,"MaxWater_noSMSCG",2003,8,"Above Normal"
2003-09-30,6223.95826768998,"MaxWater_noSMSCG",2003,9,"Above Normal"
2003-10-31,7617.50309261644,"MaxWater_noSMSCG",2003,10,"Above Normal"
2003-11-30,4855.95911124868,"MaxWater_noSMSCG",2003,11,"Above Normal"
1922-04-30,5770.8333335,"StatusQuo",1922,4,"Above Normal"
1922-05-31,8955.8778302553,"StatusQuo",1922,5,"Above Normal"
1922-06-30,10603.0841974495,"StatusQuo",1922,6,"Above Normal"
1922-07-31,12496.006006526,"StatusQuo",1922,7,"Above Normal"
1922-08-31,9213.5560963699,"StatusQuo",1922,8,"Above Normal"
1922-09-30,7500.25697621448,"StatusQuo",1922,9,"Above Normal"
1922-10-31,5765.66784870437,"StatusQuo",1922,10,"Above Normal"
1922-11-30,4685.51622861217,"StatusQuo",1922,11,"Above Normal"
1928-04-30,5876.8066943402,"StatusQuo",1928,4,"Above Normal"
1928-05-31,11318.1975835103,"StatusQuo",1928,5,"Above Normal"
1928-06-30,11886.378108166,"StatusQuo",1928,6,"Above Normal"
1928-07-31,16244.6804891633,"StatusQuo",1928,7,"Above Normal"
1928-08-31,13411.2933907284,"StatusQuo",1928,8,"Above Normal"
1928-09-30,9490.21136164203,"StatusQuo",1928,9,"Above Normal"
1928-10-31,7041.77180552943,"StatusQuo",1928,10,"Above Normal"
1928-11-30,5127.19479784892,"StatusQuo",1928,11,"Above Normal"
1940-04-30,3088.70517161948,"StatusQuo",1940,4,"Above Normal"
1940-05-31,8639.25010473261,"StatusQuo",1940,5,"Above Normal"
1940-06-30,11611.7719291398,"StatusQuo",1940,6,"Above Normal"
1940-07-31,16000,"StatusQuo",1940,7,"Above Normal"
1940-08-31,13428.6251754829,"StatusQuo",1940,8,"Above Normal"
1940-09-30,9549.6847764517,"StatusQuo",1940,9,"Above Normal"
1940-10-31,6067.49108413663,"StatusQuo",1940,10,"Above Normal"
1940-11-30,5672.71222884464,"StatusQuo",1940,11,"Above Normal"
1953-04-30,5770.8333335,"StatusQuo",1953,4,"Above Normal"
1953-05-31,5960.55719247279,"StatusQuo",1953,5,"Above Normal"
1953-06-30,8337.11312316618,"StatusQuo",1953,6,"Above Normal"
1953-07-31,15862.5595503031,"StatusQuo",1953,7,"Above Normal"
1953-08-31,9760.0913824806,"StatusQuo",1953,8,"Above Normal"
1953-09-30,8583.6738746948,"StatusQuo",1953,9,"Above Normal"
1953-10-31,7068.962251093,"StatusQuo",1953,10,"Above Normal"
1953-11-30,7316.72591490361,"StatusQuo",1953,11,"Above Normal"
1954-04-30,9468.54416048735,"StatusQuo",1954,4,"Above Normal"
1954-05-31,8436.6285764152,"StatusQuo",1954,5,"Above Normal"
1954-06-30,11463.4667506686,"StatusQuo",1954,6,"Above Normal"
1954-07-31,17499.8659130637,"StatusQuo",1954,7,"Above Normal"
1954-08-31,12347.4807885569,"StatusQuo",1954,8,"Above Normal"
1954-09-30,8612.42719853705,"StatusQuo",1954,9,"Above Normal"
1954-10-31,8697.89167583399,"StatusQuo",1954,10,"Above Normal"
1954-11-30,4421.84462277099,"StatusQuo",1954,11,"Above Normal"
1973-04-30,3179.68025303166,"StatusQuo",1973,4,"Above Normal"
1973-05-31,7916.10926154223,"StatusQuo",1973,5,"Above Normal"
1973-06-30,11206.2401998376,"StatusQuo",1973,6,"Above Normal"
1973-07-31,16000,"StatusQuo",1973,7,"Above Normal"
1973-08-31,12056.2686831396,"StatusQuo",1973,8,"Above Normal"
1973-09-30,7727.59256696955,"StatusQuo",1973,9,"Above Normal"
1973-10-31,4816.46259612309,"StatusQuo",1973,10,"Above Normal"
1973-11-30,20797.4242739205,"StatusQuo",1973,11,"Above Normal"
1975-04-30,3250,"StatusQuo",1975,4,"Above Normal"
1975-05-31,9228.12667339831,"StatusQuo",1975,5,"Above Normal"
1975-06-30,8639.94486730858,"StatusQuo",1975,6,"Above Normal"
1975-07-31,15051.1698823419,"StatusQuo",1975,7,"Above Normal"
1975-08-31,8652.54919775707,"StatusQuo",1975,8,"Above Normal"
1975-09-30,8517.13879453325,"StatusQuo",1975,9,"Above Normal"
1975-10-31,8303.93414391963,"StatusQuo",1975,10,"Above Normal"
1975-11-30,5914.35567750879,"StatusQuo",1975,11,"Above Normal"
1978-04-30,3568.51858197593,"StatusQuo",1978,4,"Above Normal"
1978-05-31,6467.58813364932,"StatusQuo",1978,5,"Above Normal"
1978-06-30,8529.97194205727,"StatusQuo",1978,6,"Above Normal"
1978-07-31,16000,"StatusQuo",1978,7,"Above Normal"
1978-08-31,9685.45397412084,"StatusQuo",1978,8,"Above Normal"
1978-09-30,6157.35622077601,"StatusQuo",1978,9,"Above Normal"
1978-10-31,8513.14370586437,"StatusQuo",1978,10,"Above Normal"
1978-11-30,7725.95861228201,"StatusQuo",1978,11,"Above Normal"
1980-04-30,5284.24846705791,"StatusQuo",1980,4,"Above Normal"
1980-05-31,6665.98740021076,"StatusQuo",1980,5,"Above Normal"
1980-06-30,8601.06007784329,"StatusQuo",1980,6,"Above Normal"
1980-07-31,11027.1996340811,"StatusQuo",1980,7,"Above Normal"
1980-08-31,9442.69489401925,"StatusQuo",1980,8,"Above Normal"
1980-09-30,7920.05831523499,"StatusQuo",1980,9,"Above Normal"
1980-10-31,7589.28773072425,"StatusQuo",1980,10,"Above Normal"
1980-11-30,9221.81413393635,"StatusQuo",1980,11,"Above Normal"
1993-04-30,3181.74520065919,"StatusQuo",1993,4,"Above Normal"
1993-05-31,5048.37465005035,"StatusQuo",1993,5,"Above Normal"
1993-06-30,8688.22254203951,"StatusQuo",1993,6,"Above Normal"
1993-07-31,14182.5354213347,"StatusQuo",1993,7,"Above Normal"
1993-08-31,8529.66801152482,"StatusQuo",1993,8,"Above Normal"
1993-09-30,8330.01769831888,"StatusQuo",1993,9,"Above Normal"
1993-10-31,6611.01179149722,"StatusQuo",1993,10,"Above Normal"
1993-11-30,6804.31528366243,"StatusQuo",1993,11,"Above Normal"
2000-04-30,3250,"StatusQuo",2000,4,"Above Normal"
2000-05-31,6343.46125787109,"StatusQuo",2000,5,"Above Normal"
2000-06-30,10767.9524518826,"StatusQuo",2000,6,"Above Normal"
2000-07-31,16000,"StatusQuo",2000,7,"Above Normal"
2000-08-31,11595.3427032807,"StatusQuo",2000,8,"Above Normal"
2000-09-30,8251.52467769919,"StatusQuo",2000,9,"Above Normal"
2000-10-31,4500,"StatusQuo",2000,10,"Above Normal"
2000-11-30,7122.67832130579,"StatusQuo",2000,11,"Above Normal"
2003-04-30,10354.6037357279,"StatusQuo",2003,4,"Above Normal"
2003-05-31,12441.4889254323,"StatusQuo",2003,5,"Above Normal"
2003-06-30,8750.09261286984,"StatusQuo",2003,6,"Above Normal"
2003-07-31,16000,"StatusQuo",2003,7,"Above Normal"
2003-08-31,10009.539378669,"StatusQuo",2003,8,"Above Normal"
2003-09-30,8558.98332023146,"StatusQuo",2003,9,"Above Normal"
2003-10-31,8306.18549035033,"StatusQuo",2003,10,"Above Normal"
2003-11-30,6771.94194812426,"StatusQuo",2003,11,"Above Normal"
1922-04-30,5770.8333335,"SummerFall_Even",1922,4,"Above Normal"
1922-05-31,8955.88154886715,"SummerFall_Even",1922,5,"Above Normal"
1922-06-30,10603.0897449457,"SummerFall_Even",1922,6,"Above Normal"
1922-07-31,13937.0402650232,"SummerFall_Even",1922,7,"Above Normal"
1922-08-31,11118.5612431719,"SummerFall_Even",1922,8,"Above Normal"
1922-09-30,7244.2118038489,"SummerFall_Even",1922,9,"Above Normal"
1922-10-31,6470.86625180582,"SummerFall_Even",1922,10,"Above Normal"
1922-11-30,4500,"SummerFall_Even",1922,11,"Above Normal"
1928-04-30,5876.80669434023,"SummerFall_Even",1928,4,"Above Normal"
1928-05-31,11373.7987867703,"SummerFall_Even",1928,5,"Above Normal"
1928-06-30,13302.950566213,"SummerFall_Even",1928,6,"Above Normal"
1928-07-31,18520.7911850013,"SummerFall_Even",1928,7,"Above Normal"
1928-08-31,16000,"SummerFall_Even",1928,8,"Above Normal"
1928-09-30,7319.92100731277,"SummerFall_Even",1928,9,"Above Normal"
1928-10-31,8441.81961615365,"SummerFall_Even",1928,10,"Above Normal"
1928-11-30,5320.47178835851,"SummerFall_Even",1928,11,"Above Normal"
1940-04-30,3089.75312533922,"SummerFall_Even",1940,4,"Above Normal"
1940-05-31,8655.73648990218,"SummerFall_Even",1940,5,"Above Normal"
1940-06-30,13028.2036029151,"SummerFall_Even",1940,6,"Above Normal"
1940-07-31,16957.1657177167,"SummerFall_Even",1940,7,"Above Normal"
1940-08-31,16000,"SummerFall_Even",1940,8,"Above Normal"
1940-09-30,7255.10947625978,"SummerFall_Even",1940,9,"Above Normal"
1940-10-31,6962.57711937663,"SummerFall_Even",1940,10,"Above Normal"
1940-11-30,5425.38044629198,"SummerFall_Even",1940,11,"Above Normal"
1953-04-30,5770.8333335,"SummerFall_Even",1953,4,"Above Normal"
1953-05-31,5966.30070296558,"SummerFall_Even",1953,5,"Above Normal"
1953-06-30,8337.11312316619,"SummerFall_Even",1953,6,"Above Normal"
1953-07-31,15999.9999999999,"SummerFall_Even",1953,7,"Above Normal"
1953-08-31,12829.8229699312,"SummerFall_Even",1953,8,"Above Normal"
1953-09-30,6830.62444524312,"SummerFall_Even",1953,9,"Above Normal"
1953-10-31,8133.15957505424,"SummerFall_Even",1953,10,"Above Normal"
1953-11-30,6312.44338866657,"SummerFall_Even",1953,11,"Above Normal"
1954-04-30,9480.96645385748,"SummerFall_Even",1954,4,"Above Normal"
1954-05-31,8440.91486619164,"SummerFall_Even",1954,5,"Above Normal"
1954-06-30,12658.5440519082,"SummerFall_Even",1954,6,"Above Normal"
1954-07-31,16157.0507014316,"SummerFall_Even",1954,7,"Above Normal"
1954-08-31,15766.4090233087,"SummerFall_Even",1954,8,"Above Normal"
1954-09-30,6728.60228674361,"SummerFall_Even",1954,9,"Above Normal"
1954-10-31,9694.86926121416,"SummerFall_Even",1954,10,"Above Normal"
1954-11-30,4935.93480389933,"SummerFall_Even",1954,11,"Above Normal"
1973-04-30,3179.68221861175,"SummerFall_Even",1973,4,"Above Normal"
1973-05-31,7920.94418816635,"SummerFall_Even",1973,5,"Above Normal"
1973-06-30,11386.5461314442,"SummerFall_Even",1973,6,"Above Normal"
1973-07-31,16000,"SummerFall_Even",1973,7,"Above Normal"
1973-08-31,15164.8935253748,"SummerFall_Even",1973,8,"Above Normal"
1973-09-30,6338.73663906397,"SummerFall_Even",1973,9,"Above Normal"
1973-10-31,4963.94734426496,"SummerFall_Even",1973,10,"Above Normal"
1973-11-30,19116.8383438809,"SummerFall_Even",1973,11,"Above Normal"
1975-04-30,3250,"SummerFall_Even",1975,4,"Above Normal"
1975-05-31,9206.08180406492,"SummerFall_Even",1975,5,"Above Normal"
1975-06-30,8751.49637505253,"SummerFall_Even",1975,6,"Above Normal"
1975-07-31,15581.3597103684,"SummerFall_Even",1975,7,"Above Normal"
1975-08-31,10500.6675243385,"SummerFall_Even",1975,8,"Above Normal"
1975-09-30,6713.23059535081,"SummerFall_Even",1975,9,"Above Normal"
1975-10-31,7791.18423348801,"SummerFall_Even",1975,10,"Above Normal"
1975-11-30,5995.59239647374,"SummerFall_Even",1975,11,"Above Normal"
1978-04-30,3568.51858197594,"SummerFall_Even",1978,4,"Above Normal"
1978-05-31,6467.58813364932,"SummerFall_Even",1978,5,"Above Normal"
1978-06-30,9239.87165017115,"SummerFall_Even",1978,6,"Above Normal"
1978-07-31,16000,"SummerFall_Even",1978,7,"Above Normal"
1978-08-31,12523.5898744396,"SummerFall_Even",1978,8,"Above Normal"
1978-09-30,5164.6054168405,"SummerFall_Even",1978,9,"Above Normal"
1978-10-31,9101.61537266244,"SummerFall_Even",1978,10,"Above Normal"
1978-11-30,7459.49310242631,"SummerFall_Even",1978,11,"Above Normal"
1980-04-30,5284.2484670578,"SummerFall_Even",1980,4,"Above Normal"
1980-05-31,6677.84884218358,"SummerFall_Even",1980,5,"Above Normal"
1980-06-30,8610.5781973514,"SummerFall_Even",1980,6,"Above Normal"
1980-07-31,12319.0154350895,"SummerFall_Even",1980,7,"Above Normal"
1980-08-31,11203.7272460474,"SummerFall_Even",1980,8,"Above Normal"
1980-09-30,6870.42470264682,"SummerFall_Even",1980,9,"Above Normal"
1980-10-31,8983.48386745536,"SummerFall_Even",1980,10,"Above Normal"
1980-11-30,8801.47365878909,"SummerFall_Even",1980,11,"Above Normal"
1993-04-30,3181.74836244903,"SummerFall_Even",1993,4,"Above Normal"
1993-05-31,5048.37465005033,"SummerFall_Even",1993,5,"Above Normal"
1993-06-30,8688.2225420395,"SummerFall_Even",1993,6,"Above Normal"
1993-07-31,15518.1832567034,"SummerFall_Even",1993,7,"Above Normal"
1993-08-31,10832.1160692685,"SummerFall_Even",1993,8,"Above Normal"
1993-09-30,7235.62519114308,"SummerFall_Even",1993,9,"Above Normal"
1993-10-31,7525.61100156841,"SummerFall_Even",1993,10,"Above Normal"
1993-11-30,7277.27119564212,"SummerFall_Even",1993,11,"Above Normal"
2000-04-30,3250,"SummerFall_Even",2000,4,"Above Normal"
2000-05-31,6360.84255657927,"SummerFall_Even",2000,5,"Above Normal"
2000-06-30,11411.490462121,"SummerFall_Even",2000,6,"Above Normal"
2000-07-31,16000,"SummerFall_Even",2000,7,"Above Normal"
2000-08-31,13562.8095275002,"SummerFall_Even",2000,8,"Above Normal"
2000-09-30,6677.2780556885,"SummerFall_Even",2000,9,"Above Normal"
2000-10-31,4500,"SummerFall_Even",2000,10,"Above Normal"
2000-11-30,7880.23292321626,"SummerFall_Even",2000,11,"Above Normal"
2003-04-30,10361.2800696179,"SummerFall_Even",2003,4,"Above Normal"
2003-05-31,12441.4889254323,"SummerFall_Even",2003,5,"Above Normal"
2003-06-30,10267.8535550373,"SummerFall_Even",2003,6,"Above Normal"
2003-07-31,16101.0915213932,"SummerFall_Even",2003,7,"Above Normal"
2003-08-31,12350.7044597657,"SummerFall_Even",2003,8,"Above Normal"
2003-09-30,6799.00537840613,"SummerFall_Even",2003,9,"Above Normal"
2003-10-31,9434.65230928847,"SummerFall_Even",2003,10,"Above Normal"
2003-11-30,6279.13273017355,"SummerFall_Even",2003,11,"Above Normal"
1922-04-30,5770.8333335,"SummerFall_Hist",1922,4,"Above Normal"
1922-05-31,8955.87343272695,"SummerFall_Hist",1922,5,"Above Normal"
1922-06-30,10856.2329191945,"SummerFall_Hist",1922,6,"Above Normal"
1922-07-31,15045.1385474624,"SummerFall_Hist",1922,7,"Above Normal"
1922-08-31,8949.78571289469,"SummerFall_Hist",1922,8,"Above Normal"
1922-09-30,8252.31726867799,"SummerFall_Hist",1922,9,"Above Normal"
1922-10-31,5960.09709854128,"SummerFall_Hist",1922,10,"Above Normal"
1922-11-30,4660.92797173129,"SummerFall_Hist",1922,11,"Above Normal"
1928-04-30,5876.80669434022,"SummerFall_Hist",1928,4,"Above Normal"
1928-05-31,11365.8345235893,"SummerFall_Hist",1928,5,"Above Normal"
1928-06-30,16000,"SummerFall_Hist",1928,6,"Above Normal"
1928-07-31,18040.3067494404,"SummerFall_Hist",1928,7,"Above Normal"
1928-08-31,13834.7885931092,"SummerFall_Hist",1928,8,"Above Normal"
1928-09-30,8848.02297660433,"SummerFall_Hist",1928,9,"Above Normal"
1928-10-31,7573.41612011671,"SummerFall_Hist",1928,10,"Above Normal"
1928-11-30,5342.29017879228,"SummerFall_Hist",1928,11,"Above Normal"
1940-04-30,3089.75312533922,"SummerFall_Hist",1940,4,"Above Normal"
1940-05-31,8654.14848797328,"SummerFall_Hist",1940,5,"Above Normal"
1940-06-30,16000,"SummerFall_Hist",1940,6,"Above Normal"
1940-07-31,16000,"SummerFall_Hist",1940,7,"Above Normal"
1940-08-31,14462.8344611386,"SummerFall_Hist",1940,8,"Above Normal"
1940-09-30,8682.57565025654,"SummerFall_Hist",1940,9,"Above Normal"
1940-10-31,6212.26623936263,"SummerFall_Hist",1940,10,"Above Normal"
1940-11-30,5428.56940305801,"SummerFall_Hist",1940,11,"Above Normal"
1953-04-30,5770.8333335,"SummerFall_Hist",1953,4,"Above Normal"
1953-05-31,5960.42098102055,"SummerFall_Hist",1953,5,"Above Normal"
1953-06-30,10259.528171197,"SummerFall_Hist",1953,6,"Above Normal"
1953-07-31,15518.9188521386,"SummerFall_Hist",1953,7,"Above Normal"
1953-08-31,9961.60665327116,"SummerFall_Hist",1953,8,"Above Normal"
1953-09-30,7926.05811936438,"SummerFall_Hist",1953,9,"Above Normal"
1953-10-31,7590.11352080869,"SummerFall_Hist",1953,10,"Above Normal"
1953-11-30,7102.90940164397,"SummerFall_Hist",1953,11,"Above Normal"
1954-04-30,9479.44819896587,"SummerFall_Hist",1954,4,"Above Normal"
1954-05-31,8442.57274232637,"SummerFall_Hist",1954,5,"Above Normal"
1954-06-30,16000,"SummerFall_Hist",1954,6,"Above Normal"
1954-07-31,16000,"SummerFall_Hist",1954,7,"Above Normal"
1954-08-31,13209.7444499775,"SummerFall_Hist",1954,8,"Above Normal"
1954-09-30,8147.83399626693,"SummerFall_Hist",1954,9,"Above Normal"
1954-10-31,8392.49821650068,"SummerFall_Hist",1954,10,"Above Normal"
1954-11-30,4874.73167537681,"SummerFall_Hist",1954,11,"Above Normal"
1973-04-30,3179.68305699325,"SummerFall_Hist",1973,4,"Above Normal"
1973-05-31,7922.77435921248,"SummerFall_Hist",1973,5,"Above Normal"
1973-06-30,15793.4497336015,"SummerFall_Hist",1973,6,"Above Normal"
1973-07-31,14882.9515343185,"SummerFall_Hist",1973,7,"Above Normal"
1973-08-31,12361.0778607626,"SummerFall_Hist",1973,8,"Above Normal"
1973-09-30,7400.25486313648,"SummerFall_Hist",1973,9,"Above Normal"
1973-10-31,4308.25127351615,"SummerFall_Hist",1973,10,"Above Normal"
1973-11-30,19052.4885275876,"SummerFall_Hist",1973,11,"Above Normal"
1975-04-30,3250,"SummerFall_Hist",1975,4,"Above Normal"
1975-05-31,9191.25902595611,"SummerFall_Hist",1975,5,"Above Normal"
1975-06-30,12903.5915177235,"SummerFall_Hist",1975,6,"Above Normal"
1975-07-31,14085.6883943728,"SummerFall_Hist",1975,7,"Above Normal"
1975-08-31,8704.50958093177,"SummerFall_Hist",1975,8,"Above Normal"
1975-09-30,7291.74559942351,"SummerFall_Hist",1975,9,"Above Normal"
1975-10-31,7366.7645366718,"SummerFall_Hist",1975,10,"Above Normal"
1975-11-30,6071.89249447564,"SummerFall_Hist",1975,11,"Above Normal"
1978-04-30,3568.51858197595,"SummerFall_Hist",1978,4,"Above Normal"
1978-05-31,6467.58813364931,"SummerFall_Hist",1978,5,"Above Normal"
1978-06-30,13450.8555555034,"SummerFall_Hist",1978,6,"Above Normal"
1978-07-31,14450.4021117925,"SummerFall_Hist",1978,7,"Above Normal"
1978-08-31,10393.0479908253,"SummerFall_Hist",1978,8,"Above Normal"
1978-09-30,5560.75037414848,"SummerFall_Hist",1978,9,"Above Normal"
1978-10-31,8829.32908095107,"SummerFall_Hist",1978,10,"Above Normal"
1978-11-30,7733.20407742917,"SummerFall_Hist",1978,11,"Above Normal"
1980-04-30,5284.24846705783,"SummerFall_Hist",1980,4,"Above Normal"
1980-05-31,6681.69411490236,"SummerFall_Hist",1980,5,"Above Normal"
1980-06-30,10312.7588026991,"SummerFall_Hist",1980,6,"Above Normal"
1980-07-31,13435.1926936084,"SummerFall_Hist",1980,7,"Above Normal"
1980-08-31,9235.53794609175,"SummerFall_Hist",1980,8,"Above Normal"
1980-09-30,7978.81793452318,"SummerFall_Hist",1980,9,"Above Normal"
1980-10-31,8100.993324806,"SummerFall_Hist",1980,10,"Above Normal"
1980-11-30,8967.35347599236,"SummerFall_Hist",1980,11,"Above Normal"
1993-04-30,3181.76129967532,"SummerFall_Hist",1993,4,"Above Normal"
1993-05-31,5048.37465005033,"SummerFall_Hist",1993,5,"Above Normal"
1993-06-30,9568.73578893254,"SummerFall_Hist",1993,6,"Above Normal"
1993-07-31,14720.7579751248,"SummerFall_Hist",1993,7,"Above Normal"
1993-08-31,8950.45340890667,"SummerFall_Hist",1993,8,"Above Normal"
1993-09-30,8133.50212379388,"SummerFall_Hist",1993,9,"Above Normal"
1993-10-31,6902.96112870674,"SummerFall_Hist",1993,10,"Above Normal"
1993-11-30,7065.61883253865,"SummerFall_Hist",1993,11,"Above Normal"
2000-04-30,3250,"SummerFall_Hist",2000,4,"Above Normal"
2000-05-31,6368.03382147249,"SummerFall_Hist",2000,5,"Above Normal"
2000-06-30,15946.43146032,"SummerFall_Hist",2000,6,"Above Normal"
2000-07-31,15568.9618327907,"SummerFall_Hist",2000,7,"Above Normal"
2000-08-31,11313.1721531256,"SummerFall_Hist",2000,8,"Above Normal"
2000-09-30,7758.8640218311,"SummerFall_Hist",2000,9,"Above Normal"
2000-10-31,4500,"SummerFall_Hist",2000,10,"Above Normal"
2000-11-30,7885.05673150573,"SummerFall_Hist",2000,11,"Above Normal"
2003-04-30,10364.8075858463,"SummerFall_Hist",2003,4,"Above Normal"
2003-05-31,12441.4889254323,"SummerFall_Hist",2003,5,"Above Normal"
2003-06-30,14493.7799302943,"SummerFall_Hist",2003,6,"Above Normal"
2003-07-31,15522.6126863279,"SummerFall_Hist",2003,7,"Above Normal"
2003-08-31,9898.94418067203,"SummerFall_Hist",2003,8,"Above Normal"
2003-09-30,7672.05473754874,"SummerFall_Hist",2003,9,"Above Normal"
2003-10-31,8828.68784374354,"SummerFall_Hist",2003,10,"Above Normal"
2003-11-30,6347.80320081422,"SummerFall_Hist",2003,11,"Above Normal"
1922-04-30,7410.75460700669,"Summer_Even",1922,4,"Above Normal"
1922-05-31,8770.82044213134,"Summer_Even",1922,5,"Above Normal"
1922-06-30,10557.396045725,"Summer_Even",1922,6,"Above Normal"
1922-07-31,14157.6741816877,"Summer_Even",1922,7,"Above Normal"
1922-08-31,11904.449541195,"Summer_Even",1922,8,"Above Normal"
1922-09-30,8895.48110420141,"Summer_Even",1922,9,"Above Normal"
1922-10-31,4684.37856784968,"Summer_Even",1922,10,"Above Normal"
1922-11-30,3690.99394547554,"Summer_Even",1922,11,"Above Normal"
1928-04-30,5876.80669434022,"Summer_Even",1928,4,"Above Normal"
1928-05-31,11325.171704365,"Summer_Even",1928,5,"Above Normal"
1928-06-30,13339.7914311463,"Summer_Even",1928,6,"Above Normal"
1928-07-31,18464.539735231,"Summer_Even",1928,7,"Above Normal"
1928-08-31,16000,"Summer_Even",1928,8,"Above Normal"
1928-09-30,5649.47057778848,"Summer_Even",1928,9,"Above Normal"
1928-10-31,6729.90395965333,"Summer_Even",1928,10,"Above Normal"
1928-11-30,3250,"Summer_Even",1928,11,"Above Normal"
1940-04-30,3089.75312533922,"Summer_Even",1940,4,"Above Normal"
1940-05-31,8591.34058493084,"Summer_Even",1940,5,"Above Normal"
1940-06-30,13226.1091041587,"Summer_Even",1940,6,"Above Normal"
1940-07-31,16935.1509869076,"Summer_Even",1940,7,"Above Normal"
1940-08-31,16000,"Summer_Even",1940,8,"Above Normal"
1940-09-30,5510.43812468525,"Summer_Even",1940,9,"Above Normal"
1940-10-31,4486.58891274161,"Summer_Even",1940,10,"Above Normal"
1940-11-30,5914.66684002625,"Summer_Even",1940,11,"Above Normal"
1953-04-30,5770.8333335,"Summer_Even",1953,4,"Above Normal"
1953-05-31,5960.90993676277,"Summer_Even",1953,5,"Above Normal"
1953-06-30,8337.11312316615,"Summer_Even",1953,6,"Above Normal"
1953-07-31,16000,"Summer_Even",1953,7,"Above Normal"
1953-08-31,13115.6740332154,"Summer_Even",1953,8,"Above Normal"
1953-09-30,7021.01398687038,"Summer_Even",1953,9,"Above Normal"
1953-10-31,7042.60572560391,"Summer_Even",1953,10,"Above Normal"
1953-11-30,4995.78018872718,"Summer_Even",1953,11,"Above Normal"
1954-04-30,9476.15518081272,"Summer_Even",1954,4,"Above Normal"
1954-05-31,8415.40133821191,"Summer_Even",1954,5,"Above Normal"
1954-06-30,12640.4105120903,"Summer_Even",1954,6,"Above Normal"
1954-07-31,16152.7468621848,"Summer_Even",1954,7,"Above Normal"
1954-08-31,15701.9339589459,"Summer_Even",1954,8,"Above Normal"
1954-09-30,6708.17181440071,"Summer_Even",1954,9,"Above Normal"
1954-10-31,5680.81552226731,"Summer_Even",1954,10,"Above Normal"
1954-11-30,3262.66400031007,"Summer_Even",1954,11,"Above Normal"
1973-04-30,3179.68200229534,"Summer_Even",1973,4,"Above Normal"
1973-05-31,7919.33248150191,"Summer_Even",1973,5,"Above Normal"
1973-06-30,11381.5578538746,"Summer_Even",1973,6,"Above Normal"
1973-07-31,16000,"Summer_Even",1973,7,"Above Normal"
1973-08-31,16000,"Summer_Even",1973,8,"Above Normal"
1973-09-30,6356.52580638554,"Summer_Even",1973,9,"Above Normal"
1973-10-31,3426.95497263153,"Summer_Even",1973,10,"Above Normal"
1973-11-30,19814.181739304,"Summer_Even",1973,11,"Above Normal"
1975-04-30,3250,"Summer_Even",1975,4,"Above Normal"
1975-05-31,9206.74322567573,"Summer_Even",1975,5,"Above Normal"
1975-06-30,8731.8405150129,"Summer_Even",1975,6,"Above Normal"
1975-07-31,15501.4102126594,"Summer_Even",1975,7,"Above Normal"
1975-08-31,11451.2163042597,"Summer_Even",1975,8,"Above Normal"
1975-09-30,7101.96554886474,"Summer_Even",1975,9,"Above Normal"
1975-10-31,6555.02746337893,"Summer_Even",1975,10,"Above Normal"
1975-11-30,6128.19566499849,"Summer_Even",1975,11,"Above Normal"
1978-04-30,3568.51858197597,"Summer_Even",1978,4,"Above Normal"
1978-05-31,6467.58813364931,"Summer_Even",1978,5,"Above Normal"
1978-06-30,9218.57768323827,"Summer_Even",1978,6,"Above Normal"
1978-07-31,16000,"Summer_Even",1978,7,"Above Normal"
1978-08-31,12713.6063653081,"Summer_Even",1978,8,"Above Normal"
1978-09-30,6118.82636775753,"Summer_Even",1978,9,"Above Normal"
1978-10-31,8522.85025031562,"Summer_Even",1978,10,"Above Normal"
1978-11-30,6563.78985665379,"Summer_Even",1978,11,"Above Normal"
1980-04-30,5284.24846705782,"Summer_Even",1980,4,"Above Normal"
1980-05-31,6672.14356969126,"Summer_Even",1980,5,"Above Normal"
1980-06-30,8604.3336921141,"Summer_Even",1980,6,"Above Normal"
1980-07-31,12297.2080666014,"Summer_Even",1980,7,"Above Normal"
1980-08-31,11941.5357536732,"Summer_Even",1980,8,"Above Normal"
1980-09-30,7884.38425917757,"Summer_Even",1980,9,"Above Normal"
1980-10-31,6668.916847242,"Summer_Even",1980,10,"Above Normal"
1980-11-30,10632.238852118,"Summer_Even",1980,11,"Above Normal"
1993-04-30,3181.76076317255,"Summer_Even",1993,4,"Above Normal"
1993-05-31,5048.37465005036,"Summer_Even",1993,5,"Above Normal"
1993-06-30,8688.22254203954,"Summer_Even",1993,6,"Above Normal"
1993-07-31,15495.4958879397,"Summer_Even",1993,7,"Above Normal"
1993-08-31,11072.9732488109,"Summer_Even",1993,8,"Above Normal"
1993-09-30,7231.53084229089,"Summer_Even",1993,9,"Above Normal"
1993-10-31,5327.30882752658,"Summer_Even",1993,10,"Above Normal"
1993-11-30,7313.3336900906,"Summer_Even",1993,11,"Above Normal"
2000-04-30,3250,"Summer_Even",2000,4,"Above Normal"
2000-05-31,6346.17465284944,"Summer_Even",2000,5,"Above Normal"
2000-06-30,11418.712075665,"Summer_Even",2000,6,"Above Normal"
2000-07-31,16000,"Summer_Even",2000,7,"Above Normal"
2000-08-31,14658.5659878853,"Summer_Even",2000,8,"Above Normal"
2000-09-30,6216.13351758008,"Summer_Even",2000,9,"Above Normal"
2000-10-31,4228.89226940274,"Summer_Even",2000,10,"Above Normal"
2000-11-30,5521.76498691406,"Summer_Even",2000,11,"Above Normal"
2003-04-30,10359.0248727856,"Summer_Even",2003,4,"Above Normal"
2003-05-31,12441.4889254323,"Summer_Even",2003,5,"Above Normal"
2003-06-30,10259.259893931,"Summer_Even",2003,6,"Above Normal"
2003-07-31,16106.1407739408,"Summer_Even",2003,7,"Above Normal"
2003-08-31,12501.3524337259,"Summer_Even",2003,8,"Above Normal"
2003-09-30,7345.71180495337,"Summer_Even",2003,9,"Above Normal"
2003-10-31,6319.54314622534,"Summer_Even",2003,10,"Above Normal"
2003-11-30,4866.66566163284,"Summer_Even",2003,11,"Above Normal"
1922-04-30,7410.75460700669,"Summer_Even_AltSMSCG",1922,4,"Above Normal"
1922-05-31,8770.82044213134,"Summer_Even_AltSMSCG",1922,5,"Above Normal"
1922-06-30,10557.396045725,"Summer_Even_AltSMSCG",1922,6,"Above Normal"
1922-07-31,14157.6741816877,"Summer_Even_AltSMSCG",1922,7,"Above Normal"
1922-08-31,11904.449541195,"Summer_Even_AltSMSCG",1922,8,"Above Normal"
1922-09-30,8895.48110420141,"Summer_Even_AltSMSCG",1922,9,"Above Normal"
1922-10-31,4684.37856784968,"Summer_Even_AltSMSCG",1922,10,"Above Normal"
1922-11-30,3690.99394547554,"Summer_Even_AltSMSCG",1922,11,"Above Normal"
1928-04-30,5876.80669434022,"Summer_Even_AltSMSCG",1928,4,"Above Normal"
1928-05-31,11325.171704365,"Summer_Even_AltSMSCG",1928,5,"Above Normal"
1928-06-30,13339.7914311463,"Summer_Even_AltSMSCG",1928,6,"Above Normal"
1928-07-31,18464.539735231,"Summer_Even_AltSMSCG",1928,7,"Above Normal"
1928-08-31,16000,"Summer_Even_AltSMSCG",1928,8,"Above Normal"
1928-09-30,5649.47057778848,"Summer_Even_AltSMSCG",1928,9,"Above Normal"
1928-10-31,6729.90395965333,"Summer_Even_AltSMSCG",1928,10,"Above Normal"
1928-11-30,3250,"Summer_Even_AltSMSCG",1928,11,"Above Normal"
1940-04-30,3089.75312533922,"Summer_Even_AltSMSCG",1940,4,"Above Normal"
1940-05-31,8591.34058493084,"Summer_Even_AltSMSCG",1940,5,"Above Normal"
1940-06-30,13226.1091041587,"Summer_Even_AltSMSCG",1940,6,"Above Normal"
1940-07-31,16935.1509869076,"Summer_Even_AltSMSCG",1940,7,"Above Normal"
1940-08-31,16000,"Summer_Even_AltSMSCG",1940,8,"Above Normal"
1940-09-30,5510.43812468525,"Summer_Even_AltSMSCG",1940,9,"Above Normal"
1940-10-31,4486.58891274161,"Summer_Even_AltSMSCG",1940,10,"Above Normal"
1940-11-30,5914.66684002625,"Summer_Even_AltSMSCG",1940,11,"Above Normal"
1953-04-30,5770.8333335,"Summer_Even_AltSMSCG",1953,4,"Above Normal"
1953-05-31,5960.90993676277,"Summer_Even_AltSMSCG",1953,5,"Above Normal"
1953-06-30,8337.11312316615,"Summer_Even_AltSMSCG",1953,6,"Above Normal"
1953-07-31,16000,"Summer_Even_AltSMSCG",1953,7,"Above Normal"
1953-08-31,13115.6740332154,"Summer_Even_AltSMSCG",1953,8,"Above Normal"
1953-09-30,7021.01398687038,"Summer_Even_AltSMSCG",1953,9,"Above Normal"
1953-10-31,7042.60572560391,"Summer_Even_AltSMSCG",1953,10,"Above Normal"
1953-11-30,4995.78018872718,"Summer_Even_AltSMSCG",1953,11,"Above Normal"
1954-04-30,9476.15518081272,"Summer_Even_AltSMSCG",1954,4,"Above Normal"
1954-05-31,8415.40133821191,"Summer_Even_AltSMSCG",1954,5,"Above Normal"
1954-06-30,12640.4105120903,"Summer_Even_AltSMSCG",1954,6,"Above Normal"
1954-07-31,16152.7468621848,"Summer_Even_AltSMSCG",1954,7,"Above Normal"
1954-08-31,15701.9339589459,"Summer_Even_AltSMSCG",1954,8,"Above Normal"
1954-09-30,6708.17181440071,"Summer_Even_AltSMSCG",1954,9,"Above Normal"
1954-10-31,5680.81552226731,"Summer_Even_AltSMSCG",1954,10,"Above Normal"
1954-11-30,3262.66400031007,"Summer_Even_AltSMSCG",1954,11,"Above Normal"
1973-04-30,3179.68200229534,"Summer_Even_AltSMSCG",1973,4,"Above Normal"
1973-05-31,7919.33248150191,"Summer_Even_AltSMSCG",1973,5,"Above Normal"
1973-06-30,11381.5578538746,"Summer_Even_AltSMSCG",1973,6,"Above Normal"
1973-07-31,16000,"Summer_Even_AltSMSCG",1973,7,"Above Normal"
1973-08-31,16000,"Summer_Even_AltSMSCG",1973,8,"Above Normal"
1973-09-30,6356.52580638554,"Summer_Even_AltSMSCG",1973,9,"Above Normal"
1973-10-31,3426.95497263153,"Summer_Even_AltSMSCG",1973,10,"Above Normal"
1973-11-30,19814.181739304,"Summer_Even_AltSMSCG",1973,11,"Above Normal"
1975-04-30,3250,"Summer_Even_AltSMSCG",1975,4,"Above Normal"
1975-05-31,9206.74322567573,"Summer_Even_AltSMSCG",1975,5,"Above Normal"
1975-06-30,8731.8405150129,"Summer_Even_AltSMSCG",1975,6,"Above Normal"
1975-07-31,15501.4102126594,"Summer_Even_AltSMSCG",1975,7,"Above Normal"
1975-08-31,11451.2163042597,"Summer_Even_AltSMSCG",1975,8,"Above Normal"
1975-09-30,7101.96554886474,"Summer_Even_AltSMSCG",1975,9,"Above Normal"
1975-10-31,6555.02746337893,"Summer_Even_AltSMSCG",1975,10,"Above Normal"
1975-11-30,6128.19566499849,"Summer_Even_AltSMSCG",1975,11,"Above Normal"
1978-04-30,3568.51858197597,"Summer_Even_AltSMSCG",1978,4,"Above Normal"
1978-05-31,6467.58813364931,"Summer_Even_AltSMSCG",1978,5,"Above Normal"
1978-06-30,9218.57768323827,"Summer_Even_AltSMSCG",1978,6,"Above Normal"
1978-07-31,16000,"Summer_Even_AltSMSCG",1978,7,"Above Normal"
1978-08-31,12713.6063653081,"Summer_Even_AltSMSCG",1978,8,"Above Normal"
1978-09-30,6118.82636775753,"Summer_Even_AltSMSCG",1978,9,"Above Normal"
1978-10-31,8522.85025031562,"Summer_Even_AltSMSCG",1978,10,"Above Normal"
1978-11-30,6563.78985665379,"Summer_Even_AltSMSCG",1978,11,"Above Normal"
1980-04-30,5284.24846705782,"Summer_Even_AltSMSCG",1980,4,"Above Normal"
1980-05-31,6672.14356969126,"Summer_Even_AltSMSCG",1980,5,"Above Normal"
1980-06-30,8604.3336921141,"Summer_Even_AltSMSCG",1980,6,"Above Normal"
1980-07-31,12297.2080666014,"Summer_Even_AltSMSCG",1980,7,"Above Normal"
1980-08-31,11941.5357536732,"Summer_Even_AltSMSCG",1980,8,"Above Normal"
1980-09-30,7884.38425917757,"Summer_Even_AltSMSCG",1980,9,"Above Normal"
1980-10-31,6668.916847242,"Summer_Even_AltSMSCG",1980,10,"Above Normal"
1980-11-30,10632.238852118,"Summer_Even_AltSMSCG",1980,11,"Above Normal"
1993-04-30,3181.76076317255,"Summer_Even_AltSMSCG",1993,4,"Above Normal"
1993-05-31,5048.37465005036,"Summer_Even_AltSMSCG",1993,5,"Above Normal"
1993-06-30,8688.22254203954,"Summer_Even_AltSMSCG",1993,6,"Above Normal"
1993-07-31,15495.4958879397,"Summer_Even_AltSMSCG",1993,7,"Above Normal"
1993-08-31,11072.9732488109,"Summer_Even_AltSMSCG",1993,8,"Above Normal"
1993-09-30,7231.53084229089,"Summer_Even_AltSMSCG",1993,9,"Above Normal"
1993-10-31,5327.30882752658,"Summer_Even_AltSMSCG",1993,10,"Above Normal"
1993-11-30,7313.3336900906,"Summer_Even_AltSMSCG",1993,11,"Above Normal"
2000-04-30,3250,"Summer_Even_AltSMSCG",2000,4,"Above Normal"
2000-05-31,6346.17465284944,"Summer_Even_AltSMSCG",2000,5,"Above Normal"
2000-06-30,11418.712075665,"Summer_Even_AltSMSCG",2000,6,"Above Normal"
2000-07-31,16000,"Summer_Even_AltSMSCG",2000,7,"Above Normal"
2000-08-31,14658.5659878853,"Summer_Even_AltSMSCG",2000,8,"Above Normal"
2000-09-30,6216.13351758008,"Summer_Even_AltSMSCG",2000,9,"Above Normal"
2000-10-31,4228.89226940274,"Summer_Even_AltSMSCG",2000,10,"Above Normal"
2000-11-30,5521.76498691406,"Summer_Even_AltSMSCG",2000,11,"Above Normal"
2003-04-30,10359.0248727856,"Summer_Even_AltSMSCG",2003,4,"Above Normal"
2003-05-31,12441.4889254323,"Summer_Even_AltSMSCG",2003,5,"Above Normal"
2003-06-30,10259.259893931,"Summer_Even_AltSMSCG",2003,6,"Above Normal"
2003-07-31,16106.1407739408,"Summer_Even_AltSMSCG",2003,7,"Above Normal"
2003-08-31,12501.3524337259,"Summer_Even_AltSMSCG",2003,8,"Above Normal"
2003-09-30,7345.71180495337,"Summer_Even_AltSMSCG",2003,9,"Above Normal"
2003-10-31,6319.54314622534,"Summer_Even_AltSMSCG",2003,10,"Above Normal"
2003-11-30,4866.66566163284,"Summer_Even_AltSMSCG",2003,11,"Above Normal"
1922-04-30,7410.74484005277,"Summer_Hist",1922,4,"Above Normal"
1922-05-31,8770.84249969183,"Summer_Hist",1922,5,"Above Normal"
1922-06-30,11031.6004230886,"Summer_Hist",1922,6,"Above Normal"
1922-07-31,15036.559068231,"Summer_Hist",1922,7,"Above Normal"
1922-08-31,10513.0148297585,"Summer_Hist",1922,8,"Above Normal"
1922-09-30,8067.00832489728,"Summer_Hist",1922,9,"Above Normal"
1922-10-31,4669.46703679011,"Summer_Hist",1922,10,"Above Normal"
1922-11-30,3682.29611402493,"Summer_Hist",1922,11,"Above Normal"
1928-04-30,5876.80669434024,"Summer_Hist",1928,4,"Above Normal"
1928-05-31,11332.5465507182,"Summer_Hist",1928,5,"Above Normal"
1928-06-30,16000,"Summer_Hist",1928,6,"Above Normal"
1928-07-31,17790.8111888822,"Summer_Hist",1928,7,"Above Normal"
1928-08-31,14107.8851418265,"Summer_Hist",1928,8,"Above Normal"
1928-09-30,5634.38606937373,"Summer_Hist",1928,9,"Above Normal"
1928-10-31,5937.69558585589,"Summer_Hist",1928,10,"Above Normal"
1928-11-30,3250,"Summer_Hist",1928,11,"Above Normal"
1940-04-30,3089.75312533923,"Summer_Hist",1940,4,"Above Normal"
1940-05-31,8593.65309468402,"Summer_Hist",1940,5,"Above Normal"
1940-06-30,16000,"Summer_Hist",1940,6,"Above Normal"
1940-07-31,16992.161464077,"Summer_Hist",1940,7,"Above Normal"
1940-08-31,14590.0275890507,"Summer_Hist",1940,8,"Above Normal"
1940-09-30,5493.97131273695,"Summer_Hist",1940,9,"Above Normal"
1940-10-31,4201.32934782207,"Summer_Hist",1940,10,"Above Normal"
1940-11-30,5095.91813070739,"Summer_Hist",1940,11,"Above Normal"
1953-04-30,5770.8333335,"Summer_Hist",1953,4,"Above Normal"
1953-05-31,5960.37953293988,"Summer_Hist",1953,5,"Above Normal"
1953-06-30,10258.332770099,"Summer_Hist",1953,6,"Above Normal"
1953-07-31,15504.2731207328,"Summer_Hist",1953,7,"Above Normal"
1953-08-31,10485.0469311806,"Summer_Hist",1953,8,"Above Normal"
1953-09-30,8260.84085902393,"Summer_Hist",1953,9,"Above Normal"
1953-10-31,5629.33462988761,"Summer_Hist",1953,10,"Above Normal"
1953-11-30,6267.31569334614,"Summer_Hist",1953,11,"Above Normal"
1954-04-30,9469.8461644151,"Summer_Hist",1954,4,"Above Normal"
1954-05-31,8411.33772306673,"Summer_Hist",1954,5,"Above Normal"
1954-06-30,16000,"Summer_Hist",1954,6,"Above Normal"
1954-07-31,16000,"Summer_Hist",1954,7,"Above Normal"
1954-08-31,13510.1657375637,"Summer_Hist",1954,8,"Above Normal"
1954-09-30,6760.84613157403,"Summer_Hist",1954,9,"Above Normal"
1954-10-31,5609.31293578764,"Summer_Hist",1954,10,"Above Normal"
1954-11-30,3263.76520724893,"Summer_Hist",1954,11,"Above Normal"
1973-04-30,3179.6811799429,"Summer_Hist",1973,4,"Above Normal"
1973-05-31,7920.08325593067,"Summer_Hist",1973,5,"Above Normal"
1973-06-30,15786.7816459281,"Summer_Hist",1973,6,"Above Normal"
1973-07-31,14881.9639713314,"Summer_Hist",1973,7,"Above Normal"
1973-08-31,13145.361137495,"Summer_Hist",1973,8,"Above Normal"
1973-09-30,6429.78160428861,"Summer_Hist",1973,9,"Above Normal"
1973-10-31,3426.13030429812,"Summer_Hist",1973,10,"Above Normal"
1973-11-30,20280.8276937292,"Summer_Hist",1973,11,"Above Normal"
1975-04-30,3250,"Summer_Hist",1975,4,"Above Normal"
1975-05-31,9187.09537448683,"Summer_Hist",1975,5,"Above Normal"
1975-06-30,12875.992594067,"Summer_Hist",1975,6,"Above Normal"
1975-07-31,14038.1566536142,"Summer_Hist",1975,7,"Above Normal"
1975-08-31,9658.21554943765,"Summer_Hist",1975,8,"Above Normal"
1975-09-30,8235.3008369214,"Summer_Hist",1975,9,"Above Normal"
1975-10-31,5533.91460066015,"Summer_Hist",1975,10,"Above Normal"
1975-11-30,4786.04394862829,"Summer_Hist",1975,11,"Above Normal"
1978-04-30,3568.51858197596,"Summer_Hist",1978,4,"Above Normal"
1978-05-31,6467.58813364931,"Summer_Hist",1978,5,"Above Normal"
1978-06-30,13439.8651303882,"Summer_Hist",1978,6,"Above Normal"
1978-07-31,14446.8554491752,"Summer_Hist",1978,7,"Above Normal"
1978-08-31,10603.6693333643,"Summer_Hist",1978,8,"Above Normal"
1978-09-30,5977.54136604362,"Summer_Hist",1978,9,"Above Normal"
1978-10-31,6472.25293941215,"Summer_Hist",1978,10,"Above Normal"
1978-11-30,7088.7776870228,"Summer_Hist",1978,11,"Above Normal"
1980-04-30,5284.24846705783,"Summer_Hist",1980,4,"Above Normal"
1980-05-31,6670.6147126734,"Summer_Hist",1980,5,"Above Normal"
1980-06-30,10300.6725350629,"Summer_Hist",1980,6,"Above Normal"
1980-07-31,13437.402445986,"Summer_Hist",1980,7,"Above Normal"
1980-08-31,9546.3498976223,"Summer_Hist",1980,8,"Above Normal"
1980-09-30,7912.24616192714,"Summer_Hist",1980,9,"Above Normal"
1980-10-31,5845.84274521011,"Summer_Hist",1980,10,"Above Normal"
1980-11-30,10956.9377592574,"Summer_Hist",1980,11,"Above Normal"
1993-04-30,3181.75973755614,"Summer_Hist",1993,4,"Above Normal"
1993-05-31,5048.37465005034,"Summer_Hist",1993,5,"Above Normal"
1993-06-30,9565.93550500213,"Summer_Hist",1993,6,"Above Normal"
1993-07-31,14639.3469243889,"Summer_Hist",1993,7,"Above Normal"
1993-08-31,9179.43941801627,"Summer_Hist",1993,8,"Above Normal"
1993-09-30,7227.21516673533,"Summer_Hist",1993,9,"Above Normal"
1993-10-31,5325.33229514906,"Summer_Hist",1993,10,"Above Normal"
1993-11-30,7098.67093076531,"Summer_Hist",1993,11,"Above Normal"
2000-04-30,3250,"Summer_Hist",2000,4,"Above Normal"
2000-05-31,6350.26346493512,"Summer_Hist",2000,5,"Above Normal"
2000-06-30,15676.3970856979,"Summer_Hist",2000,6,"Above Normal"
2000-07-31,15324.2997612356,"Summer_Hist",2000,7,"Above Normal"
2000-08-31,12033.6641148632,"Summer_Hist",2000,8,"Above Normal"
2000-09-30,5993.93935421896,"Summer_Hist",2000,9,"Above Normal"
2000-10-31,4252.36091365304,"Summer_Hist",2000,10,"Above Normal"
2000-11-30,5659.05087117895,"Summer_Hist",2000,11,"Above Normal"
2003-04-30,10360.0546050115,"Summer_Hist",2003,4,"Above Normal"
2003-05-31,12441.4889254323,"Summer_Hist",2003,5,"Above Normal"
2003-06-30,14480.2929457624,"Summer_Hist",2003,6,"Above Normal"
2003-07-31,15501.2614485793,"Summer_Hist",2003,7,"Above Normal"
2003-08-31,10130.9069036987,"Summer_Hist",2003,8,"Above Normal"
2003-09-30,7363.136048702,"Summer_Hist",2003,9,"Above Normal"
2003-10-31,6058.25973002426,"Summer_Hist",2003,10,"Above Normal"
2003-11-30,4895.51664085739,"Summer_Hist",2003,11,"Above Normal"
