"scenario","year","1","2","3","4","5","6","7","8","9","10","11","12"
"June",1995,-3645.16129032258,-4464.28571428571,-3823.60677887195,-4151.67905674555,-488.78510507203,-4487.59071548946,-9552.12300522988,-10715.0458740666,-10924.6972413256,-10037.1444857074,-9011.14223438211,-5290.32258064516
"June",1996,-4516.12903225806,-3901.64558727055,-4550,-4130,-3954.77347869958,-4505,-11175.4581802229,-11239.9224418863,-8451.37444956937,-9878.46560310525,-8618.87678274286,-2887.65546586848
"June",1997,25303.9611575079,1892.68693741496,-4061.03868433824,-3472.72243362633,-3001.80492544817,-4380.08167548647,-10770.887017685,-11105.9314005948,-7173.6812919398,-7067.74929261523,-8272.58883448183,-5290.32258064516
"June",1998,-4516.12903225806,4497.47498348528,-4396.97937212721,-2213.78560424572,-138.459883505045,-2151.00158757681,-8295.53495933916,-9396.77261542829,-9700.64241918684,-8994.68900855361,-8731.77252733494,-5290.32258064516
"June",1999,-4516.12903225806,-4625,-4550,-3978.57347774935,-3851.56932351474,-4505,-11014.8620607804,-10317.2991938263,-10010.4039607037,-8735.08751048703,-5921.99551787305,-3234.74705676334
"June",2000,-3645.16129032258,-3863.73954326973,-4025,-3995,-3863.14452452763,-4490,-11090.3548149169,-10926.2672533571,-7223.0374944187,-6537.35728329206,-5631.29419644267,-3996.64718704077
"June",2001,-3528.08489694059,-3580.35714285714,-3905,-2074.7921840478,-3103.86446070771,-4400,-5845.31745381451,-4604.66541214367,-5165.0581468529,-3667.59617706294,-5223.15151906723,-5290.32258064516
"June",2002,-3875.96774193548,-4030.35714285714,-3500,-2702.27505812461,-2725.41045761105,-4400,-8030.96983125777,-6146.07747617162,-4958.94169053589,-4840.47877287464,-4783.28129976992,-5290.32258064516
"June",2003,-3875.96774193548,-3741.07142857143,-3500,-2364.47239569587,-3278.44973093253,-4490,-11222.8389788788,-11572.8455929307,-8802.3973553394,-7038.88648259396,-5046.17925023709,-5290.32258064516
"June",2004,-4343.38709677419,-4237.06896551724,-3575,-2578.35273300863,-2716.69838256894,-4475,-11212.1753087855,-11216.8772907633,-6253.43197349602,-6787.097386288,-5573.46364720471,-5290.32258064516
"June",2005,-4363.70967741936,-4030.35714285714,-3500,-3875,-3920.7749872159,-4850,-9201.98082748379,-10806.9346689902,-10002.5182562198,-9209.60221057855,-7958.96070907846,-5290.32258064516
"June",2006,-5000,-4464.28571428571,-395.69576296551,1710.38222838887,4279.48406047739,-4257.29394186004,-8765.53665413119,-10753.2559394351,-10505.3786351802,-9387.24344659596,-9369.25932990228,-5290.32258064516
"June",2007,-5000,-4030.35714285714,-3500,-2343.71366052073,-2868.31178100517,-4400,-11204.8063981388,-6693.57766675285,-7691.32546221988,-6404.64369411643,-4603.68334554827,-3394.15918470993
"June",2008,-3126.93548387097,-3991.37931034483,-1494.46218027472,-2121.67032143906,-2053.69267667593,-2366.26734357192,-3636.65019934623,-2934.05558224548,-4258.63578495374,-3151.34919789291,-1108.83639374596,-3098.30948391505
"June",2009,-119.786611096543,-3808.03571428571,-4325,-1494.53330534067,-3020.96701449691,-4850,-5024.18131559626,-5086.83092514546,-6713.09112521013,-5737.71471292725,-3649.40067157009,-3158.27581528109
"June",2010,-3439.51612903226,-3982.14285714286,-3905,-3389.84294315691,-3482.86286850746,-4475,-11063.4639646157,-11094.375240157,-9685.38278592818,-9548.39289614765,-9177.36989808884,-5290.32258064516
"June",2011,-4516.12903225806,-4223.21428571429,2729.7454470409,-3975.76270523339,-4725.11300645154,-5000,-9712.80645464849,-10086.61549352,-10091.5226754398,-8993.21540405149,-9310.49112188175,-6184.86637576127
"June",2012,-3967.62886108131,-2329.64142979583,-3905,-2725.91780400391,-3138.05932525954,-4475,-11128.7141859949,-11592.4925353434,-5614.31448683193,-5863.18716838887,-7251.90388801841,-5290.32258064516
"June",2013,-4363.70967741936,-4325,-3500,-1918.71918687032,-1819.7950111812,-4400,-5380.72434251783,-3800.30812479217,-5295.0808482391,-1782.01267168246,-1916.76295489981,-1967.08254784439
"June",2014,-557.747709752756,-3808.03571428571,-4325,-1618.65876686647,-1439.22222549713,-1463.55996593777,-1550.00480879662,-1314.30361668246,-2634.77642087172,-1874.59659255662,-1602.11979059574,-5290.32258064516
"MaxDS_Even",1995,-3645.16129032258,-4464.28571428571,-3880.02990931401,-4209.35031654559,-551.371303632132,-4539.02951033083,-8325.5315347094,-6462.58176736076,-8965.57277452539,-4222.74146424068,-9939.95915955434,-5290.32258064516
"MaxDS_Even",1996,-4516.12903225806,-4625,-4550,-4130,-4027.54235224876,-4505,-10257.389968507,-10723.8149212076,-7704.5878573884,-3686.34838501412,-8594.09086010726,-2945.41262509052
"MaxDS_Even",1997,25254.5295802956,-2046.6282113387,-4460.58202485999,-3482.45474637715,-3009.61137583457,-2382.59386804333,-10472.6214998278,-4907.26260531565,-4901.24647181686,-3139.76331466925,-8431.22107777094,-5290.32258064516
"MaxDS_Even",1998,-4516.12903225806,4408.5737950941,-4550,-2260.95642903947,-184.847473580887,-2197.77261424088,-8321.24384241288,-9414.64767196734,-8738.1427958617,-5763.38739415445,-8745.28088538066,-5290.32258064516
"MaxDS_Even",1999,-4516.12903225806,-4625,-4550,-3971.97027751289,-3836.87376527372,-4505,-10484.5169604156,-8640.01649636189,-7047.39588224947,-4689.2735280235,-8232.68540764755,-5722.6037550978
"MaxDS_Even",2000,-3645.16129032258,-3883.33459985285,-4025,-3995,-3662.99833793279,-2261.31834107939,-10376.116079316,-5044.39357319692,-5208.5754291415,-1399.8906918104,-6837.65645058206,-4121.82618790088
"MaxDS_Even",2001,-4745,-3580.35714285714,-3905,-1818.07912407173,-745.749597616962,-1334.04781253442,-3867.11608174497,-2998.40701949982,-4864.3032813861,-2034.22458064177,-4707.8893166844,-5290.32258064516
"MaxDS_Even",2002,-3875.96774193548,-3219.46835232889,-3500,-2507.39055673009,-2711.84586897329,-4400,-7344.01820555961,-5353.6195631463,-4871.35296159844,-3790.10046980534,-4641.27317655455,-5290.32258064516
"MaxDS_Even",2003,-3875.96774193548,-3741.07142857143,-3500,-2358.1452710906,-3418.11048078168,-4332.08984134381,-9759.37812858812,-5734.95172939671,-10509.2865576764,-3115.07358813887,-7677.5346864467,-5290.32258064516
"MaxDS_Even",2004,-4343.38709677419,-4237.06896551724,-3575,-2570.4026864642,-2725.42869055955,-4475,-11248.6221844924,-11230.9167714001,-7034.56871659649,-6880.42073779865,-5358.76957275347,-5290.32258064516
"MaxDS_Even",2005,-4363.70967741936,-4030.35714285714,-3500,-3875,-3955.45142587623,-4850,-9273.45425491567,-10821.722769359,-9812.48349212448,-9280.06850500752,-7571.60595845508,-5290.32258064516
"MaxDS_Even",2006,-5000,-4464.28571428571,-435.29257326254,1662.90676085766,4227.07831073353,-4505,-8122.54908618446,-7093.35945377744,-6608.22716575383,-3245.1957208974,-9101.76566099248,-5290.32258064516
"MaxDS_Even",2007,-4913.6604460021,-4030.35714285714,-3500,-2319.23538465342,-2835.7421385915,-4400,-5122.63573050861,-3822.69015375311,-5282.07871730008,-3788.82371873325,-3218.00606537513,-2696.25607800571
"MaxDS_Even",2008,-3126.93548387097,-3991.37931034483,-1325.87438124421,-2509.04140241311,-2549.11856733031,-2559.83143866394,-3693.81311986883,-3154.13780931464,-4207.81508996265,-3143.77948942697,-1104.22648297959,-3039.7623329704
"MaxDS_Even",2009,-136.209184269605,-3808.03571428571,-4325,-1425.625679133,-2923.35659264008,-4850,-4295.74991485816,-3737.67275337663,-6948.43542486224,-5635.26877446732,-3604.57190923802,-3127.4023463308
"MaxDS_Even",2010,-3439.51612903226,-3982.14285714286,-3905,-3381.07740909152,-3476.09458353915,-4475,-11168.4652788691,-10807.2900942566,-9979.65247927855,-9558.5851404775,-9224.699657093,-5290.32258064516
"MaxDS_Even",2011,-4516.12903225806,-4223.21428571429,2887.37340277588,-3954.29917656997,-4729.73836711466,-5000,-9358.73965419881,-6091.03267452163,-9301.85878443345,-525.155774759368,-9323.25169486949,-8700.95453892859
"MaxDS_Even",2012,-2990.02793599534,-1736.41274415948,-3905,-2712.07069341254,-3104.34038078831,-4475,-8279.72744672189,-5116.06252006029,-5152.6577090008,-4125.96429266492,-4817.2460212894,-5290.32258064516
"MaxDS_Even",2013,-4363.70967741936,-1692.08789441444,-3500,-1887.01961178383,-2580.27974673371,-4400,-6132.63208605873,-4897.67747914822,-5198.79808046524,-1819.66347160757,-1907.35732701634,-1936.2537912495
"MaxDS_Even",2014,-574.272075142558,-3808.03571428571,-4325,-1480.9175373406,-1444.70519387194,-1487.31787080114,-1573.69112013175,-2375.81542802857,-2599.35000655279,-2123.96943729356,-872.318968740028,-5290.32258064516
"MaxDS_Hist",1995,-3645.16129032258,-4464.28571428571,-3884.66306220472,-3826.98276551887,-561.20142199928,-3666.76721591146,-8272.16141100372,-8388.00614004211,-6268.63312039354,-4645.0137200293,-9941.43935449314,-5290.32258064516
"MaxDS_Hist",1996,-4516.12903225806,-4625,-4550,-4130,-4026.60444954453,-1772.51765080023,-10267.3345190547,-11533.2439920614,-6397.00387467665,-4062.78531312992,-8606.05234913788,-2958.81819609224
"MaxDS_Hist",1997,25246.1574441525,-2097.44042753222,-4535.32409158221,-3481.89010481645,-3009.08299290184,-2362.79007689525,-10450.907545773,-4910.46484912772,-4904.97706212645,-3143.42713802999,-8433.35693085165,-5290.32258064516
"MaxDS_Hist",1998,-4516.12903225806,4396.78509604234,-4550,-2267.95809286611,-191.334614896957,-2204.29465728204,-8324.66397852917,-9417.11946192768,-9716.95224175781,-7746.52254225983,-8747.13308882846,-5290.32258064516
"MaxDS_Hist",1999,-4516.12903225806,-4625,-4550,-3970.90938193107,-3835.38301742151,-1870.58455844495,-10434.7198848813,-10583.9861820328,-5382.65017704756,-5086.04445959182,-8239.45155657052,-6274.24951207326
"MaxDS_Hist",2000,-3645.16129032258,-3887.2961455986,-4025,-3995,-3657.03550313941,-2018.08960258561,-10071.9376297766,-10613.1487159755,-3919.40377069084,-1454.31318451085,-6304.21426813266,-4169.82628180445
"MaxDS_Hist",2001,-4745,-3580.35714285714,-3905,-1817.16476588515,-747.865539095104,-1337.05426896743,-4250.23466552779,-3449.37719681831,-4615.26266389105,-1974.42399293962,-4700.12178208455,-5290.32258064516
"MaxDS_Hist",2002,-3875.96774193548,-3103.78545323529,-3500,-2497.15586368054,-2703.84844340769,-4400,-7301.92323964896,-5287.76187086244,-4869.09240895491,-3798.68424036335,-4643.43419868768,-5290.32258064516
"MaxDS_Hist",2003,-3875.96774193548,-3741.07142857143,-3500,-2357.04441081505,-3417.39358874243,-2436.85636543901,-10331.5140677875,-11593.8945733753,-6272.90776930467,-3115.66875201117,-7569.19092370957,-5290.32258064516
"MaxDS_Hist",2004,-4343.38709677419,-4237.06896551724,-3575,-2564.8877704267,-2721.46057126424,-4475,-11252.5423039884,-11233.6530545623,-6934.20312802008,-6798.91015294267,-5353.67797971099,-5290.32258064516
"MaxDS_Hist",2005,-4363.70967741936,-4030.35714285714,-3500,-3875,-3965.83378801391,-4850,-9291.86361804079,-10824.0675902096,-9879.59046480667,-9296.66234524334,-7518.39713362492,-5290.32258064516
"MaxDS_Hist",2006,-5000,-4464.28571428571,-446.438642856533,1655.00165889005,4219.20392465458,-2217.5137096251,-9488.05921050044,-9152.22136219405,-5161.73583147098,-3598.82533738131,-9103.9382882328,-5290.32258064516
"MaxDS_Hist",2007,-4917.41221838484,-4030.35714285714,-3500,-2317.5101056974,-2835.84827938968,-4400,-5453.16145748954,-4059.77362956057,-5241.59446398158,-3805.45922185945,-2080.90925427951,-2358.78103045464
"MaxDS_Hist",2008,-3126.93548387097,-3991.37931034483,-1793.85858228755,-2503.8898522647,-2541.06347207632,-2957.26555058385,-4130.9639458548,-3453.66259397109,-4205.29167330805,-3126.04970619415,-1107.94864842146,-3015.07464759644
"MaxDS_Hist",2009,-114.377022577824,-3808.03571428571,-4325,-1424.24756033135,-2914.57583083461,-4850,-4215.90954935054,-3674.73910997149,-6769.06839934105,-5019.37705431617,-3587.90387256436,-2923.92731584275
"MaxDS_Hist",2010,-3439.51612903226,-3982.14285714286,-3905,-3377.40444423798,-3472.80336202271,-4475,-11174.0096776422,-10797.8803107298,-9187.92927414304,-9562.73625277224,-9227.75406478787,-5290.32258064516
"MaxDS_Hist",2011,-4516.12903225806,-4223.21428571429,2707.8086442223,-3958.84982953506,-4733.0988244677,-5000,-9353.13206340175,-7375.184072569,-8384.52717494439,-4891.16416949898,-9325.1706645734,-8762.42781686431
"MaxDS_Hist",2012,-5000,-4209.57991255052,-3905,-2714.59252103052,-3114.11974397362,-4475,-7492.26631005865,-5960.57618965061,-5184.74088511035,-4753.18254892423,-4840.75101805517,-5290.32258064516
"MaxDS_Hist",2013,-4363.70967741936,-2215.37909716616,-3500,-1728.95200766008,-2439.20148102279,-2286.4322828001,-4635.82286815954,-3601.7564919315,-5258.09539212397,-1799.50785118063,-1861.42238396308,-1984.36329494368
"MaxDS_Hist",2014,-575.572218734468,-3808.03571428571,-4325,-1480.95156597451,-1445.29359295632,-1484.82204954408,-1570.51716592545,-2119.07283728925,-2589.2300090211,-2151.77312933992,-759.242943854335,-5290.32258064516
"MaxWater",1995,-3645.16129032258,-4464.28571428571,-3800.36820807485,-4152.99462182354,-490.664200914983,-4486.18374082862,-9550.31237411206,-10714.5057946456,-10924.3494491598,-10036.7837915529,-9020.6949771149,-5290.32258064516
"MaxWater",1996,-4516.12903225806,-3892.54661955333,-4550,-4130,-3954.96509946982,-4505,-11175.1074520599,-11238.9314279526,-8647.1194137824,-9878.01828623309,-8618.42467689767,-2885.5438085553
"MaxWater",1997,25305.7546546588,1914.94039458456,-4058.57620639213,-3472.5457201421,-3004.28347701555,-3784.12138623654,-10806.514637459,-11102.2180462751,-7132.59439301041,-5384.19745232103,-7815.51505651358,-5290.32258064516
"MaxWater",1998,-4516.12903225806,4500.79664302295,-4550,-2209.21042516392,-136.599497343362,-2149.12755458935,-8294.50396681281,-9395.96710209033,-9700.05005696273,-8994.18110718463,-8731.20974809686,-5290.32258064516
"MaxWater",1999,-4516.12903225806,-4625,-4550,-3978.86550878457,-3852.00228196438,-4505,-10888.0600401505,-10313.6646100135,-10215.0689282787,-7866.66329749271,-6198.18595577568,-3450.01419178349
"MaxWater",2000,-3645.16129032258,-3863.24010282137,-4025,-3995,-3863.83772299883,-4490,-10924.9796948243,-11166.9251257567,-7433.78976059036,-6803.39528692617,-5716.89992901077,-3730.19786778289
"MaxWater",2001,-4745,-3580.35714285714,-3905,-2076.32408819223,-3105.65170917769,-4400,-6028.41376317155,-4696.52684316551,-5140.67459417282,-3685.71588804653,-5212.08347171864,-5290.32258064516
"MaxWater",2002,-3875.96774193548,-4030.35714285714,-3500,-2702.19306524834,-2725.0887013491,-4400,-8041.88440727587,-6135.23487724834,-4955.85866596068,-4848.07111373481,-4789.87959061811,-5290.32258064516
"MaxWater",2003,-3875.96774193548,-3741.07142857143,-3500,-2364.81044060683,-3278.83310523276,-4490,-10488.1993694937,-11571.5675330812,-9762.15454393336,-7093.00852224979,-5315.960178114,-5290.32258064516
"MaxWater",2004,-4343.38709677419,-4237.06896551724,-3575,-2577.88334953638,-2720.7405016821,-4475,-11211.1124392065,-11216.9730241915,-6314.87484400859,-6667.85821782178,-5494.32442437428,-5290.32258064516
"MaxWater",2005,-4363.70967741936,-4030.35714285714,-3500,-3875,-3919.82135687128,-4850,-9200.56885847069,-10806.6040578621,-10039.390857647,-9215.35893363856,-7931.81097599386,-5290.32258064516
"MaxWater",2006,-5000,-4464.28571428571,-404.703793395848,1711.40964674732,4280.50059271916,-4256.72468521628,-8764.43694316111,-10753.0100445613,-10505.158341277,-9386.98642447914,-9368.98800050416,-5290.32258064516
"MaxWater",2007,-5000,-4030.35714285714,-3500,-2343.90141597831,-2868.59796077305,-4400,-11202.5932799622,-6697.61511578247,-7686.48923533844,-6396.10555214776,-4604.59044937419,-3395.95991856461
"MaxWater",2008,-3126.93548387097,-3991.37931034483,-1491.03906803149,-2121.70523986208,-2054.729325722,-2373.04676093166,-3643.5434902461,-2940.76606346987,-4258.50949090319,-3152.25408747753,-1105.55255188135,-3097.73412359153
"MaxWater",2009,-119.075188062323,-3808.03571428571,-4325,-1495.72580794247,-3021.33680541961,-4850,-5036.73561555731,-5097.53299481847,-6731.91967048587,-5736.0334711845,-3649.71636671933,-3159.70532999587
"MaxWater",2010,-3439.51612903226,-3982.14285714286,-3905,-3390.09587654495,-3483.02372955256,-4475,-11061.3156264396,-10893.2499105537,-9554.3555276513,-9547.57853108567,-9176.81649653689,-5290.32258064516
"MaxWater",2011,-4516.12903225806,-4223.21428571429,3305.3253458556,-3975.17625450808,-4726.14504588564,-5000,-9712.49723116235,-10086.3553952042,-10091.320623281,-8992.98385701664,-9310.25498477067,-6186.131999424
"MaxWater",2012,-3963.18719750245,-2330.81555508087,-3905,-2726.08267679896,-3138.16523602124,-4475,-11131.4813083118,-11593.034984813,-5602.95581425921,-5823.0138596185,-7025.95815047075,-5290.32258064516
"MaxWater",2013,-4363.70967741936,-4325,-3500,-1918.65723923908,-1818.43347058119,-4400,-6309.49355949823,-4079.71072592513,-5290.64216378901,-1825.02157024457,-1966.77474413514,-1880.56351210253
"MaxWater",2014,-564.591204148504,-3808.03571428571,-4325,-1489.38889850826,-1438.99034000288,-1459.38430783189,-1546.02673777552,-1435.95807114623,-2599.8139730007,-1880.05410045208,-1549.62943692055,-5290.32258064516
"MaxWater_noSMSCG",1995,-3645.16129032258,-4464.28571428571,-3820.21494631204,-4151.14748195645,-488.431250139681,-4487.49051053872,-9551.71355486469,-10714.9482128359,-10924.63687914,-10037.0941946375,-9010.46356179941,-5290.32258064516
"MaxWater_noSMSCG",1996,-4516.12903225806,-3897.83663892417,-4550,-4130,-3954.78906668063,-4505,-11175.4146567734,-11239.4024760189,-8645.45528595126,-9878.3437569243,-8618.77886192355,-2887.54470719496
"MaxWater_noSMSCG",1997,25304.028068325,1871.71321584505,-4060.98975467272,-3471.95227078835,-3000.66406898921,-3784.82895868507,-10750.6997918442,-11102.0143695415,-7079.59531289009,-5332.85299936076,-7806.80801873234,-5290.32258064516
"MaxWater_noSMSCG",1998,-4516.12903225806,4497.93334068702,-4512.47697636601,-2210.62888093158,-138.01317496878,-2150.54304066688,-8295.20882460534,-9396.29637403738,-9700.28509366877,-8994.38252828409,-8731.43238724561,-5290.32258064516
"MaxWater_noSMSCG",1999,-4516.12903225806,-4625,-4550,-3978.76171925173,-3851.80949966374,-4505,-10890.0068797978,-10316.8345278073,-10206.5378732612,-7871.76049940159,-6184.18223794546,-3455.21773258225
"MaxWater_noSMSCG",2000,-3645.16129032258,-3863.11400622256,-4025,-3995,-3863.56871810481,-4490,-10924.52315451,-11169.4492089105,-7443.58863573337,-6792.99395867383,-5719.64914620191,-3726.56185972782
"MaxWater_noSMSCG",2001,-4745,-3580.35714285714,-3905,-2075.80324453854,-3104.78015103538,-4400,-6038.33099366478,-4729.58516550551,-4947.58351530988,-3850.86029572755,-5095.05622424676,-5290.32258064516
"MaxWater_noSMSCG",2002,-3875.96774193548,-4030.35714285714,-3500,-2702.03501073076,-2724.693725557,-4400,-7968.5697821086,-6161.6270645402,-4951.09495960159,-4835.45915500026,-4786.91390463539,-5290.32258064516
"MaxWater_noSMSCG",2003,-3875.96774193548,-3741.07142857143,-3500,-2364.67123192658,-3278.61614004395,-4490,-10485.9668066993,-11573.4038791326,-9778.86473125264,-7086.4298061707,-5319.18794686164,-5290.32258064516
"MaxWater_noSMSCG",2004,-4343.38709677419,-4237.06896551724,-3575,-2577.83774030808,-2715.45839251725,-4475,-11212.1338224545,-11217.2499919605,-6326.06896308741,-6661.10362440205,-5501.69254577556,-5290.32258064516
"MaxWater_noSMSCG",2005,-4363.70967741936,-4030.35714285714,-3500,-3875,-3920.44857982322,-4850,-9202.41397544926,-10806.8424881273,-10039.3998704602,-9215.24803586605,-7933.34457431035,-5290.32258064516
"MaxWater_noSMSCG",2006,-5000,-4464.28571428571,-404.651167176297,1710.22104504015,4279.29153682038,-4257.34933734026,-8765.84116087138,-10753.182964385,-10505.2920421912,-9387.17689304901,-9369.19244254599,-5290.32258064516
"MaxWater_noSMSCG",2007,-5000,-4030.35714285714,-3500,-2343.7536904574,-2868.27645686263,-4400,-11205.598966501,-6688.63616469982,-7694.11387388498,-6410.24601811004,-4604.06374657586,-3401.24767634448
"MaxWater_noSMSCG",2008,-3126.93548387097,-3991.37931034483,-1440.2896374425,-2122.02435215872,-2057.07432714162,-2388.04167672964,-3666.51997961469,-2953.73139210835,-4258.06919626367,-3150.38048398665,-1131.26866313697,-3094.32720251522
"MaxWater_noSMSCG",2009,-120.000849125585,-3808.03571428571,-4325,-1489.86236782897,-3021.02879964628,-4850,-5029.81949811356,-5089.39426983259,-6727.60167594829,-5736.01185651244,-3649.46640820457,-3159.31048898705
"MaxWater_noSMSCG",2010,-3439.51612903226,-3982.14285714286,-3905,-3389.98053645819,-3482.87719162847,-4475,-11063.9090338009,-11093.9417684064,-9662.56584461653,-9548.37874571077,-9177.41701483973,-5290.32258064516
"MaxWater_noSMSCG",2011,-4516.12903225806,-4223.21428571429,2729.93841008434,-3975.83929434593,-4715.44067811476,-5000,-9712.75722262562,-10086.5502850849,-10091.4457835561,-8993.1517969833,-9310.42605405673,-6184.82104780448
"MaxWater_noSMSCG",2012,-3964.30113338292,-2345.16407600423,-3905,-2725.71522970246,-3138.3629486791,-4475,-11132.1681992057,-11593.1875149233,-5604.87206010925,-5825.15167688628,-5863.68948670345,-5290.32258064516
"MaxWater_noSMSCG",2013,-4363.70967741936,-4325,-3500,-1920.02785504142,-1818.66882703937,-4400,-5786.97436964651,-3977.80790848195,-5293.57290013283,-1793.15126862036,-1932.0196155304,-1921.65914661677
"MaxWater_noSMSCG",2014,-563.708694456443,-3808.03571428571,-4325,-1618.79725709194,-1439.12958830468,-1462.76904826161,-1549.31025865891,-1458.24468902745,-2635.70559324426,-1898.31941966866,-1342.11365719777,-5290.32258064516
"StatusQuo",1995,-3645.16129032258,-4464.28571428571,-3846.69442544643,-4160.35669644701,-488.77615156193,-4496.21952705619,-9555.48042522109,-10722.3819014376,-10926.8472928261,-6454.84030716007,-9930.95036014415,-5290.32258064516
"StatusQuo",1996,-4516.12903225806,-3952.58123234872,-4550,-4130,-3961.74432576289,-4505,-11177.1620012873,-11242.1994195268,-8302.09019573079,-7109.00103958776,-8620.77494635434,-2897.23760799382
"StatusQuo",1997,25295.672656313,1831.39523117338,-4064.3691529902,-3473.6860825619,-3004.01848643303,-3784.39561303886,-10801.131486308,-11103.712614186,-7429.56683056749,-4967.59091814388,-8708.40158737896,-5290.32258064516
"StatusQuo",1998,-4516.12903225806,4486.5116587149,-4362.17320723584,-2219.46837944372,-145.949237925543,-2157.61242755524,-8298.92181880163,-9398.76859706406,-9702.26205223644,-8996.13408538171,-8733.39830406532,-5290.32258064516
"StatusQuo",1999,-4516.12903225806,-4625,-4550,-3977.63607936597,-3850.28473398883,-4505,-10903.2669885676,-10085.809613321,-6952.71618223523,-5905.29865161917,-9349.34235242791,-4163.04389903419
"StatusQuo",2000,-3645.16129032258,-3865.93157293811,-4025,-3995,-3848.78520680068,-4490,-10701.881220532,-9157.55065784482,-4996.21521419091,-5755.15996913488,-7986.97915328194,-4039.13970519195
"StatusQuo",2001,-4745,-3580.35714285714,-3905,-2054.09904906239,-2969.79397840131,-3304.09398365461,-5957.79408462796,-4930.13297884852,-4429.90512773145,-3801.50344968337,-5101.58359596397,-5290.32258064516
"StatusQuo",2002,-3875.96774193548,-4030.35714285714,-3500,-2610.19759690229,-2720.85204462924,-4400,-7114.69431110808,-5113.9356373217,-4973.36248231351,-4276.14391662774,-4471.18652818185,-5290.32258064516
"StatusQuo",2003,-3875.96774193548,-3741.07142857143,-3500,-2362.94630132475,-3276.90776485553,-4490,-10458.960803602,-11579.6447663001,-9242.92564223497,-4597.16064621345,-7670.89009867425,-5290.32258064516
"StatusQuo",2004,-4343.38709677419,-4237.06896551724,-3575,-2573.57274687187,-2715.36812896987,-4475,-11218.5225745177,-11219.8112524385,-6220.39586852157,-6627.46108869918,-5489.05871244794,-5290.32258064516
"StatusQuo",2005,-4363.70967741936,-4030.35714285714,-3500,-3875,-3924.75771792701,-4850,-9214.11976170483,-10809.7373054637,-10006.0532344686,-9211.16352488662,-7939.85527383538,-5290.32258064516
"StatusQuo",2006,-5000,-4464.28571428571,-410.749901728471,1701.38673745449,4269.60757807968,-4262.23969982521,-8778.4291466606,-10755.7369244917,-10507.2700476665,-7278.19516021661,-9371.43709233974,-5290.32258064516
"StatusQuo",2007,-5000,-4030.35714285714,-3500,-2330.57301639211,-2865.85927619253,-4400,-6608.45466679572,-4819.34400183403,-5547.23828169981,-4022.01922241537,-2892.36370680685,-2798.89658510284
"StatusQuo",2008,-3126.93548387097,-3991.37931034483,-1939.01455389893,-2496.7859688448,-2523.48001579923,-2621.49002506345,-4865.90844408353,-3945.80771278525,-4259.04781176414,-3289.39746106609,-2569.81999422124,-1126.11072945782
"StatusQuo",2009,-4625,-3808.03571428571,-4325,-1497.45466793004,-3024.24197977865,-4850,-4444.97470904348,-3720.21001061717,-7017.32925795266,-5658.77151100587,-3645.08096415362,-3159.61508136048
"StatusQuo",2010,-3439.51612903226,-3982.14285714286,-3905,-3388.55393396673,-3480.35001110171,-4475,-11066.8698301721,-10881.936838233,-9217.49390537479,-9551.82617571716,-9182.23296610434,-5290.32258064516
"StatusQuo",2011,-4516.12903225806,-4223.21428571429,3079.37313995837,-3898.76155906141,-4656.17070316113,-5000,-9713.47313622999,-10087.8276619433,-10092.5887397192,-8683.34329015241,-9312.00216368448,-6173.05233112363
"StatusQuo",2012,-3877.15176228477,-2352.2501542272,-3905,-2721.10350281751,-3140.62041313475,-4475,-11135.5943750842,-11593.9009310764,-5630.52809428764,-5895.55108086746,-7179.48308211051,-5290.32258064516
"StatusQuo",2013,-4363.70967741936,-4325,-3500,-1917.5110586969,-1820.7702478453,-4400,-5669.76787597251,-3733.98588233782,-5300.9650727417,-1815.378416751,-1989.27129154554,-1913.04481313875
"StatusQuo",2014,-546.075244198538,-3808.03571428571,-4325,-1488.12791256982,-1439.91647602713,-1452.73775331588,-1540.28043419505,-1323.35894359402,-2594.83309534203,-1889.22372589064,-1755.26299979776,-5290.32258064516
"Summer_Even",1995,-3645.16129032258,-4464.28571428571,-3744.56677636518,-3640.60542945887,-486.786587898654,-4495.60904369693,-9555.1461090173,-10721.3540071547,-10926.6177815185,-10038.8870452102,-9401.81131969742,-5290.32258064516
"Summer_Even",1996,-4516.12903225806,-3944.68122123837,-4550,-4130,-3987.55685835962,-4505,-11176.9810970927,-11242.2175759428,-11202.554533393,-9880.04451276528,-8620.60384593686,-2895.81348618069
"Summer_Even",1997,26598.276597982,2713.93676162717,-4063.96562424334,-3474.6224651257,-2998.93332453828,-4365.87495357595,-10876.7266073752,-11105.1956673379,-7794.59834529696,-7960.25432013916,-7160.79916018406,-5290.32258064516
"Summer_Even",1998,-4516.12903225806,4487.94227722576,-4099.27282099497,-2220.02165495885,-144.053173674553,-2156.84081147427,-8298.51911345257,-9398.57588913888,-9702.1418241726,-8996.03129338851,-8733.28424675439,-5290.32258064516
"Summer_Even",1999,-4516.12903225806,-4625,-4550,-3977.70290833815,-3849.71193559765,-4505,-11163.3836204494,-10327.2343997225,-11125.6554807746,-8713.49807264523,-5322.91687176924,-3147.13141113666
"Summer_Even",2000,-3645.16129032258,-3866.00358424027,-4025,-3995,-3848.13974202996,-4490,-11227.6910063158,-10929.8801890102,-8242.89050764903,-7187.93208233804,-5546.74223476949,-3629.36283403835
"Summer_Even",2001,-4745,-3580.35714285714,-3905,-2059.70546297493,-3105.30546348922,-4400,-6052.2504228016,-4857.92287593214,-4747.00571303291,-3606.25843693073,-5188.33263622872,-5290.32258064516
"Summer_Even",2002,-3875.96774193548,-4030.35714285714,-3500,-2661.24334667277,-2711.51457240194,-4400,-7661.22746658988,-5840.34481659103,-4878.57318114216,-4257.8939838938,-4532.09898596604,-5290.32258064516
"Summer_Even",2003,-3875.96774193548,-3741.07142857143,-3500,-2363.42292439712,-3277.40936296741,-4490,-11389.9510690565,-11576.920823378,-10476.840771992,-5583.6202882594,-4838.93093764929,-5290.32258064516
"Summer_Even",2004,-4343.38709677419,-4237.06896551724,-3575,-2579.76565611076,-2722.90980682048,-4475,-11214.8328319649,-11218.606052325,-6231.9909135873,-6778.49203265894,-5562.70096107804,-5290.32258064516
"Summer_Even",2005,-4363.70967741936,-4030.35714285714,-3500,-3875,-3922.67677538718,-4850,-9209.00884812162,-10808.3156974133,-9954.436819538,-9200.87573562228,-7971.79266097343,-5290.32258064516
"Summer_Even",2006,-5000,-4464.28571428571,-402.918816297972,1705.24533976059,4273.82351691312,-4260.07968333856,-8775.03640021103,-10754.6218933235,-10506.4050153138,-9388.37742243171,-9370.44652079195,-5290.32258064516
"Summer_Even",2007,-5000,-4030.35714285714,-3500,-2342.95326909962,-2868.71445272941,-4400,-11214.303779619,-6489.64721708771,-5532.46669261823,-4564.85238850143,-4121.17679018697,-2990.5153693877
"Summer_Even",2008,-3126.93548387097,-3991.37931034483,-1762.6692990386,-2295.76791911769,-2562.73760023409,-3167.12305278087,-3732.1341279935,-2918.90976325709,-4258.6679798355,-3150.41670606202,-1143.30407801427,-3088.21440399967
"Summer_Even",2009,-120.347867434633,-3808.03571428571,-4325,-1490.87561675444,-3019.50493865444,-4850,-5232.57138611225,-5372.44929924047,-6894.07439126726,-5721.38147910278,-3647.62316152558,-3171.31718697372
"Summer_Even",2010,-3439.51612903226,-3982.14285714286,-3905,-3388.90713872849,-3482.34717707225,-4475,-11077.6154141542,-10885.1432713322,-9462.60866439791,-9549.2157009363,-9180.76383290217,-5290.32258064516
"Summer_Even",2011,-4516.12903225806,-4223.21428571429,3237.60007595249,-3978.64480248423,-4712.18605984922,-5000,-9714.18394737925,-10087.7488009893,-10092.3513669364,-8994.1963021754,-9311.48673351127,-5824.06989582965
"Summer_Even",2012,-4968.212401535,-2696.50871382811,-3905,-2724.49699731234,-3137.62287014373,-4475,-11131.4791507498,-11593.2252202728,-5622.82506100058,-5873.11303467758,-6925.4376239581,-5290.32258064516
"Summer_Even",2013,-4363.70967741936,-4325,-3500,-1918.4885992883,-1819.13506803241,-4400,-6253.60265647953,-4028.77303320811,-5298.30905715398,-1866.08660307168,-1989.013437445,-1919.25022760839
"Summer_Even",2014,-564.078366152782,-3808.03571428571,-4325,-1488.3781297272,-1439.6300160895,-1459.98314879965,-1546.60404399139,-1329.28298966964,-2592.89003674684,-1864.86884719282,-1687.76724691687,-5290.32258064516
"Summer_Even_AltSMSCG",1995,-3645.16129032258,-4464.28571428571,-3744.56677636518,-3640.60542945887,-486.786587898654,-4495.60904369693,-9555.1461090173,-10721.3540071547,-10926.6177815185,-10038.8870452102,-9401.81131969742,-5290.32258064516
"Summer_Even_AltSMSCG",1996,-4516.12903225806,-3944.68122123837,-4550,-4130,-3987.55685835962,-4505,-11176.9810970927,-11242.2175759428,-11202.554533393,-9880.04451276528,-8620.60384593686,-2895.81348618069
"Summer_Even_AltSMSCG",1997,26598.276597982,2713.93676162717,-4063.96562424334,-3474.6224651257,-2998.93332453828,-4365.87495357595,-10876.7266073752,-11105.1956673379,-7794.59834529696,-7960.25432013916,-7160.79916018406,-5290.32258064516
"Summer_Even_AltSMSCG",1998,-4516.12903225806,4487.94227722576,-4099.27282099497,-2220.02165495885,-144.053173674553,-2156.84081147427,-8298.51911345257,-9398.57588913888,-9702.1418241726,-8996.03129338851,-8733.28424675439,-5290.32258064516
"Summer_Even_AltSMSCG",1999,-4516.12903225806,-4625,-4550,-3977.70290833815,-3849.71193559765,-4505,-11163.3836204494,-10327.2343997225,-11125.6554807746,-8713.49807264523,-5322.91687176924,-3147.13141113666
"Summer_Even_AltSMSCG",2000,-3645.16129032258,-3866.00358424027,-4025,-3995,-3848.13974202996,-4490,-11227.6910063158,-10929.8801890102,-8242.89050764903,-7187.93208233804,-5546.74223476949,-3629.36283403835
"Summer_Even_AltSMSCG",2001,-4745,-3580.35714285714,-3905,-2059.70546297493,-3105.30546348922,-4400,-6052.2504228016,-4857.92287593214,-4747.00571303291,-3606.25843693073,-5188.33263622872,-5290.32258064516
"Summer_Even_AltSMSCG",2002,-3875.96774193548,-4030.35714285714,-3500,-2661.24334667277,-2711.51457240194,-4400,-7661.22746658988,-5840.34481659103,-4878.57318114216,-4257.8939838938,-4532.09898596604,-5290.32258064516
"Summer_Even_AltSMSCG",2003,-3875.96774193548,-3741.07142857143,-3500,-2363.42292439712,-3277.40936296741,-4490,-11389.9510690565,-11576.920823378,-10476.840771992,-5583.6202882594,-4838.93093764929,-5290.32258064516
"Summer_Even_AltSMSCG",2004,-4343.38709677419,-4237.06896551724,-3575,-2579.76565611076,-2722.90980682048,-4475,-11214.8328319649,-11218.606052325,-6231.9909135873,-6778.49203265894,-5562.70096107804,-5290.32258064516
"Summer_Even_AltSMSCG",2005,-4363.70967741936,-4030.35714285714,-3500,-3875,-3922.67677538718,-4850,-9209.00884812162,-10808.3156974133,-9954.436819538,-9200.87573562228,-7971.79266097343,-5290.32258064516
"Summer_Even_AltSMSCG",2006,-5000,-4464.28571428571,-402.918816297972,1705.24533976059,4273.82351691312,-4260.07968333856,-8775.03640021103,-10754.6218933235,-10506.4050153138,-9388.37742243171,-9370.44652079195,-5290.32258064516
"Summer_Even_AltSMSCG",2007,-5000,-4030.35714285714,-3500,-2342.95326909962,-2868.71445272941,-4400,-11214.303779619,-6489.64721708771,-5532.46669261823,-4564.85238850143,-4121.17679018697,-2990.5153693877
"Summer_Even_AltSMSCG",2008,-3126.93548387097,-3991.37931034483,-1762.6692990386,-2295.76791911769,-2562.73760023409,-3167.12305278087,-3732.1341279935,-2918.90976325709,-4258.6679798355,-3150.41670606202,-1143.30407801427,-3088.21440399967
"Summer_Even_AltSMSCG",2009,-120.347867434633,-3808.03571428571,-4325,-1490.87561675444,-3019.50493865444,-4850,-5232.57138611225,-5372.44929924047,-6894.07439126726,-5721.38147910278,-3647.62316152558,-3171.31718697372
"Summer_Even_AltSMSCG",2010,-3439.51612903226,-3982.14285714286,-3905,-3388.90713872849,-3482.34717707225,-4475,-11077.6154141542,-10885.1432713322,-9462.60866439791,-9549.2157009363,-9180.76383290217,-5290.32258064516
"Summer_Even_AltSMSCG",2011,-4516.12903225806,-4223.21428571429,3237.60007595249,-3978.64480248423,-4712.18605984922,-5000,-9714.18394737925,-10087.7488009893,-10092.3513669364,-8994.1963021754,-9311.48673351127,-5824.06989582965
"Summer_Even_AltSMSCG",2012,-4968.212401535,-2696.50871382811,-3905,-2724.49699731234,-3137.62287014373,-4475,-11131.4791507498,-11593.2252202728,-5622.82506100058,-5873.11303467758,-6925.4376239581,-5290.32258064516
"Summer_Even_AltSMSCG",2013,-4363.70967741936,-4325,-3500,-1918.4885992883,-1819.13506803241,-4400,-6253.60265647953,-4028.77303320811,-5298.30905715398,-1866.08660307168,-1989.013437445,-1919.25022760839
"Summer_Even_AltSMSCG",2014,-564.078366152782,-3808.03571428571,-4325,-1488.3781297272,-1439.6300160895,-1459.98314879965,-1546.60404399139,-1329.28298966964,-2592.89003674684,-1864.86884719282,-1687.76724691687,-5290.32258064516
"Summer_Hist",1995,-3645.16129032258,-4464.28571428571,-3847.20298885401,-4071.51985328075,-489.363210053553,-4494.0585764377,-9554.7581480902,-10719.8403453905,-10926.1109972257,-10038.427537314,-8943.50511761595,-5290.32258064516
"Summer_Hist",1996,-4516.12903225806,-3937.57002853979,-4550,-4130,-3969.57137642215,-4505,-11176.5688228413,-11241.835717251,-11202.1578771658,-6401.67192172814,-8620.15535511156,-2894.45467425169
"Summer_Hist",1997,25298.1687453533,1568.65457123374,-4063.35750062581,-3473.74846729818,-3005.1107750955,-4505,-10873.9263280116,-11103.1324865738,-7953.48957457167,-6409.57200512757,-7959.21881516371,-5290.32258064516
"Summer_Hist",1998,-4516.12903225806,4490.18573916508,-4550,-2231.74010961026,-146.564691976133,-2156.2924863754,-8297.93551841344,-9398.05877037705,-9701.67451501361,-8995.59928386156,-8732.79077050355,-5290.32258064516
"Summer_Hist",1999,-4516.12903225806,-4625,-4550,-3977.98158963988,-3850.23293544829,-4505,-11162.921224432,-10322.5465067442,-11125.2034601114,-6433.34881753506,-6133.41050218389,-3522.29335880736
"Summer_Hist",2000,-3645.16129032258,-3865.2130265134,-4025,-3995,-3848.03896660325,-4490,-11061.2597506907,-10450.9365739876,-7890.13936684545,-6381.36954371944,-5758.79828961748,-3761.20337780693
"Summer_Hist",2001,-4718.95504501126,-3580.35714285714,-3905,-2070.73291001178,-3104.68511162383,-4400,-6129.90145786286,-4758.42032919707,-4733.97751741375,-3613.80724256258,-5191.86290437935,-5290.32258064516
"Summer_Hist",2002,-3875.96774193548,-4030.35714285714,-3500,-2700.59826956381,-2722.40367258374,-4400,-7498.09278023142,-6041.02495307177,-4882.15067777626,-4307.71766447069,-4601.07212017035,-5290.32258064516
"Summer_Hist",2003,-3875.96774193548,-3741.07142857143,-3500,-2363.49354018546,-3277.50067281927,-4490,-11513.0709103118,-11547.0069778543,-10367.9445220796,-5334.46744570393,-4753.62334559709,-5290.32258064516
"Summer_Hist",2004,-4343.38709677419,-4237.06896551724,-3575,-2579.50661054101,-2721.43346975206,-4475,-11214.8016065435,-11218.6225006855,-6230.9563530706,-6744.22570641017,-5554.58768265912,-5290.32258064516
"Summer_Hist",2005,-4363.70967741936,-4030.35714285714,-3500,-3875,-3924.10964655381,-4850,-9209.33478967498,-10808.6303336883,-9950.21517725418,-9200.93154624603,-7948.65906733089,-5290.32258064516
"Summer_Hist",2006,-5000,-4464.28571428571,-404.94394521415,1705.13197265053,4273.64133710505,-4505,-8775.83596644161,-10606.0068523625,-10506.394584947,-9388.35258061053,-9370.42307434001,-5290.32258064516
"Summer_Hist",2007,-5000,-4030.35714285714,-3500,-2342.75520844755,-2869.53486785564,-4400,-11216.4954360792,-5958.30710573838,-5377.62339428081,-4690.71457290237,-3934.43983314616,-2954.00188768341
"Summer_Hist",2008,-3126.93548387097,-3991.37931034483,-1402.70615057988,-2412.20986360552,-2224.22557396294,-2874.49892287936,-4275.20412548969,-3420.06140771762,-4255.27632193945,-3099.38233200879,-1655.2083447717,-2819.27635097542
"Summer_Hist",2009,-121.104633534461,-3808.03571428571,-4325,-1489.22476839872,-3018.02559084882,-4850,-4978.30887037941,-5059.74409362697,-6720.68245159884,-5731.89641922425,-3645.54836102301,-3156.84295648483
"Summer_Hist",2010,-3439.51612903226,-3982.14285714286,-3905,-3389.42007874468,-3482.47237081335,-4475,-11078.3167854322,-11082.3425158256,-9718.39789942251,-9549.19701920276,-9180.75262871129,-5290.32258064516
"Summer_Hist",2011,-4516.12903225806,-4223.21428571429,2728.97122318398,-3978.641545982,-4695.52285897278,-5000,-9714.14971285848,-10087.7127952878,-10092.3179654846,-8994.1590484006,-9311.45437112307,-5817.30937142741
"Summer_Hist",2012,-4986.1089085535,-2705.96890200586,-3905,-2723.62620652434,-3138.37991984818,-4475,-11131.6031688089,-11593.1728849968,-5621.38307724292,-5880.69155119811,-6954.60393278022,-5290.32258064516
"Summer_Hist",2013,-4363.70967741936,-4325,-3500,-1917.86994712665,-1819.7031918731,-4400,-6387.79145493976,-3944.33765219425,-5287.6038552106,-1863.15788254421,-2007.50802464897,-1880.38652372774
"Summer_Hist",2014,-559.755574616985,-3808.03571428571,-4325,-1488.23094608973,-1439.62366842096,-1458.63696074782,-1545.3356304974,-1328.11838020924,-2593.36741388474,-1862.00596468563,-1762.89774908809,-5290.32258064516
"SummerFall_Even",1995,-3645.16129032258,-4464.28571428571,-3421.3352753228,-4101.10038264834,-498.050787802385,-4503.23429739524,-9557.12464440429,-9184.65762518359,-9472.54601366849,-4934.19811591424,-9932.43495672332,-5290.32258064516
"SummerFall_Even",1996,-4516.12903225806,-4625,-4550,-4130,-3953.36992129802,-4505,-11178.3051040964,-11243.7808753626,-7896.23500828003,-4783.65357934278,-8622.12178778763,-2905.54337652845
"SummerFall_Even",1997,25288.5639440619,84.1943780760837,-4067.12178524733,-3475.15053717896,-3008.8384203381,-4397.54932872987,-10876.1081800934,-11104.4635555238,-7374.81285475771,-4013.98756617823,-8712.40542162906,-5290.32258064516
"SummerFall_Even",1998,-4516.12903225806,4466.08323954727,-4378.21402661825,-2226.55343375971,-152.796430531261,-2163.59340812155,-8301.99327185445,-9400.54580130846,-9703.62199606322,-8997.32462928937,-8734.7242539707,-5290.32258064516
"SummerFall_Even",1999,-4516.12903225806,-4625,-4550,-3976.85905404359,-3848.43687762964,-4505,-11165.4848416536,-10097.3642883825,-6125.8310671316,-5588.75205295363,-9240.05584098093,-4571.90485369041
"SummerFall_Even",2000,-3645.16129032258,-3868.03314259306,-4025,-3995,-3836.95427591111,-4490,-11069.4429992269,-9313.86910409451,-3946.24546182457,-4415.64328942488,-8676.57241713218,-4005.19055234
"SummerFall_Even",2001,-4745,-3580.35714285714,-3905,-2036.49257661104,-2968.3576787217,-3833.8786027323,-5726.9552446375,-4722.0081955574,-4483.27751999833,-3786.8553824503,-5122.20426935426,-5290.32258064516
"SummerFall_Even",2002,-3875.96774193548,-4030.35714285714,-3500,-2637.00905085442,-2709.93198578872,-4400,-7341.72602462681,-5316.75302245841,-4950.89388832783,-4271.12504028701,-4487.96554663788,-5290.32258064516
"SummerFall_Even",2003,-3875.96774193548,-3741.07142857143,-3500,-2362.1989313972,-3276.28453521794,-4490,-11377.4297618488,-11371.954107139,-8175.94310097667,-4756.34429517986,-7404.32792917627,-5290.32258064516
"SummerFall_Even",2004,-4343.38709677419,-4237.06896551724,-3575,-2571.37329936733,-2713.44891564417,-4475,-11223.2795276599,-11221.4577163542,-6229.56188191985,-6613.83115189442,-5443.8933607191,-5290.32258064516
"SummerFall_Even",2005,-4363.70967741936,-4030.35714285714,-3500,-3875,-3927.0416350212,-4850,-9222.00533600279,-10811.0622290056,-9985.50228911875,-9206.90579801276,-7934.17374535902,-5290.32258064516
"SummerFall_Even",2006,-5000,-4464.28571428571,-417.001835138946,1695.85374691537,4263.40621324722,-4265.19574650496,-8788.83675618103,-7937.80255903863,-9746.18604191974,-5654.35965923693,-9372.5692854423,-5290.32258064516
"SummerFall_Even",2007,-5000,-4030.35714285714,-3500,-2337.5506507379,-2861.29130157046,-4400,-11228.3058677171,-5627.13861037387,-5218.5575547815,-4039.6126248772,-3428.63959792681,-2832.61707819238
"SummerFall_Even",2008,-3126.93548387097,-3991.37931034483,-1373.96645202857,-2418.38655533095,-2416.56305735928,-2559.16839926888,-3792.38467947101,-3137.37530817931,-4252.69510675332,-3171.92973801478,-1208.79379964962,-3038.36668727926
"SummerFall_Even",2009,-116.786622709602,-3808.03571428571,-4325,-1538.51157085083,-3023.41354467063,-4850,-4811.31423756383,-4631.84950667916,-6921.4897362929,-5702.0313700496,-3639.87623009402,-3158.80739776725
"SummerFall_Even",2010,-3439.51612903226,-3982.14285714286,-3905,-3385.51126286902,-3480.3103948428,-4475,-11105.582677229,-10870.6641436761,-9712.30645810843,-9551.90947029801,-9183.25915114573,-5290.32258064516
"SummerFall_Even",2011,-4516.12903225806,-4223.21428571429,2723.65549720631,-3943.05868447512,-4685.74546075157,-5000,-9760.33028841708,-10097.0022481882,-10094.3019045781,-7928.18177048058,-9313.850915967,-8282.92060006222
"SummerFall_Even",2012,-5000,-4199.82300900621,-3905,-2723.78033446709,-3133.17134761115,-4475,-8329.41981965622,-8202.85346821039,-5642.31387397226,-4593.25103452045,-4987.55739271009,-5290.32258064516
"SummerFall_Even",2013,-4363.70967741936,-2838.40947695452,-3500,-1921.94022937682,-1818.21205823249,-4400,-7507.23372673987,-4704.5306773579,-5217.88301717293,-1820.10678817171,-2082.46294082068,-1730.63676239653
"SummerFall_Even",2014,-548.299075348218,-3808.03571428571,-4325,-1485.92340139116,-1440.64477309484,-1469.49056368904,-1556.0213359228,-2346.57438276236,-2617.10528996999,-2156.00359029039,-1052.50070650048,-5290.32258064516
"SummerFall_Hist",1995,-3645.16129032258,-4464.28571428571,-2645.26160061754,-4161.09869119478,-501.94587843716,-4505.65754257271,-9557.6487562658,-10724.4561025026,-10931.8906905503,-6196.24557827154,-9932.93138245538,-5290.32258064516
"SummerFall_Hist",1996,-4516.12903225806,-4365.72335644361,-4550,-4130,-4034.06839914083,-4505,-11409.6488865809,-11512.338984699,-6701.44486639768,-5222.10098227866,-8622.55890002167,-2906.85952516973
"SummerFall_Hist",1997,25287.4302052734,-438.150382331354,-4087.62155750577,-3475.80050716595,-3010.51710755626,-4505,-10876.517512294,-11105.2443629635,-7531.89157906646,-3765.04925649592,-8712.76583624592,-5290.32258064516
"SummerFall_Hist",1998,-4516.12903225806,4457.73697252616,-4381.93927084235,-2227.65547060022,-153.781973741036,-2164.6244564417,-8302.52315142522,-9400.93510889943,-9703.95313689032,-8997.61515482163,-8735.02805044985,-5290.32258064516
"SummerFall_Hist",1999,-4516.12903225806,-4625,-4550,-3976.68278691091,-3827.04667593478,-4505,-11165.7881491739,-10114.7330268978,-5985.06111570766,-5757.51620249244,-9051.18205228985,-4226.31045015487
"SummerFall_Hist",2000,-3645.16129032258,-3868.54212503195,-4025,-3995,-3758.44538092327,-4490,-11233.5364801821,-9513.98428653553,-3913.434186905,-5385.19937454956,-8659.71187211612,-3519.55652807196
"SummerFall_Hist",2001,-4745,-3580.35714285714,-3905,-2042.36140839015,-2972.11127852621,-3312.85469743738,-5799.93892874312,-4756.97005984327,-4426.85589151514,-1477.88142982796,-5684.69129920468,-5290.32258064516
"SummerFall_Hist",2002,-3875.96774193548,-4030.35714285714,-3500,-2599.22348078163,-2710.1475503773,-4400,-7112.75381745288,-5210.85679080984,-4951.2156059808,-4031.3227426758,-4599.70282855601,-5290.32258064516
"SummerFall_Hist",2003,-3875.96774193548,-3741.07142857143,-3500,-2362.28334828128,-3276.7206872651,-4490,-11505.8268676943,-11154.189355209,-8131.32124722022,-4920.21297194775,-7443.60480313943,-5290.32258064516
"SummerFall_Hist",2004,-4343.38709677419,-4237.06896551724,-3575,-2574.20910129002,-2715.64575145418,-4475,-11224.9029918815,-11221.9531450314,-6225.01597573271,-6597.20833505162,-5465.02557582412,-5290.32258064516
"SummerFall_Hist",2005,-4363.70967741936,-4030.35714285714,-3500,-3875,-3926.23084369182,-4850,-9222.82123277503,-10810.8764042275,-9959.14762402571,-9214.72223317408,-8008.02552953794,-5290.32258064516
"SummerFall_Hist",2006,-5000,-4464.28571428571,-414.611883826366,1695.06608669265,4262.56373245316,-4505,-8763.33331965545,-8424.41408686201,-8804.97082236593,-6525.89022177658,-9372.80390354813,-5290.32258064516
"SummerFall_Hist",2007,-5000,-4030.35714285714,-3500,-2338.160692342,-2862.5927998306,-4400,-11232.1701999117,-5415.59848034166,-5159.48656364437,-4040.45983618095,-3003.41788199778,-2760.03926957754
"SummerFall_Hist",2008,-3126.93548387097,-3991.37931034483,-1372.93349124902,-2474.28547184642,-2481.69691855782,-2816.27189129602,-4073.13307719551,-3382.70106276222,-4253.23619377204,-3141.78181552353,-1254.55143813747,-3020.15816061024
"SummerFall_Hist",2009,-117.600655084525,-3808.03571428571,-4325,-1528.36044449858,-3014.32067501232,-4850,-4442.4772714129,-3861.01312127708,-7043.04084114574,-5656.46249783672,-3583.82075352013,-3162.23323381583
"SummerFall_Hist",2010,-3439.51612903226,-3982.14285714286,-3905,-3385.53578213262,-3479.63128714119,-4475,-11091.8399840743,-11095.1783526244,-10408.0543475281,-9552.81866377664,-9183.79145494067,-5290.32258064516
"SummerFall_Hist",2011,-4516.12903225806,-4223.21428571429,2723.19176574868,-3975.86105762642,-4737.72097260412,-5000,-9721.59767943143,-10097.1722831962,-10094.4388374979,-8840.20936933422,-9314.0029151354,-8178.92463956348
"SummerFall_Hist",2012,-4756.98702092272,-3944.17447501828,-3905,-2721.5890988807,-3133.74101031914,-4475,-10996.3648497086,-10846.4971042074,-5526.0202033657,-5049.49254584415,-5006.89829255603,-5290.32258064516
"SummerFall_Hist",2013,-4363.70967741936,-2884.48750197253,-3500,-1921.69646370215,-1818.45780824358,-4400,-5753.46611387557,-3940.0325190859,-5311.64170384624,-1920.91822050201,-2032.55082703063,-2012.3037888349
"SummerFall_Hist",2014,-546.503056315968,-3808.03571428571,-4325,-1487.16232558705,-1440.76051626005,-1468.11005619851,-1554.57496749631,-1337.0254856426,-2590.32565361218,-1865.54874944366,-1767.73667497596,-5290.32258064516
